pays;code;ville;societe;activite;site;email repere;telephone repere;note commerciale;statut
Afrique du Sud;ZA;Alberton, Alrode;McCoy's Glass Wholesale Pty Ltd;Importation et distribution de verre plat;mccoysglass.co.za;info@mccoysglass.co.za;+27 11 864 1313;Grossiste avec entrepôts en Afrique australe et ventes par conteneurs complets. Port Durban, envoi en anglais. Relance courte le 06/10 : une seule question posee (la reference et l'epaisseur la plus achetee) contre un prix ferme sous 48h, et sortie offerte en repondant non. Interlocuteur verifie : Michael Robinson, National Sales Manager, michael arobase mccoysglass.co.za. MARCHE SUD-AFRICAIN GELE LE 08/10, EN ATTENTE D UN ARBITRAGE D AARON. Raison etablie le meme jour : le seul producteur de float de la SACU, PFG Building Glass, 260 000 t/an, appartient a PG GROUP, c est-a-dire au groupe avec lequel nous negocions quatre conteneurs en Namibie. Prospecter les transformateurs sud-africains revient donc a concurrencer PFG sur son marche domestique pendant que nous demandons une commande a sa maison mere. Le paragraphe 7 protege le groupe PG lui-meme, pas ses concurrents sud-africains, mais le risque commercial n est pas le meme selon ce qu on vise et il appartient a Aaron de le trancher. A NOTER AUSSI, et c est utile pour le jour ou le gel serait leve : PFG a obtenu ou demande des droits antidumping sur le float clair venant d Arabie saoudite et des Emirats (10 a 45 pour cent), d Indonesie, de Tanzanie (provisoires depuis le 23/01/2026), de Chine et d Inde, et de Malaisie. L Europe ne figure dans aucune de ces mesures, donc le marche serait abordable sur le plan douanier — c est bien le conflit d interets qui bloque, pas la douane. Cette fiche porte deja deux messages, aucune relance n est due avant le 20/10. Prochaine action : aucune jusqu a l arbitrage.;RELANCE 2026-10-06
Afrique du Sud;ZA;Gqeberha, Central;National Glass Distribution;Transformation et distribution de verre plat;natglass.co.za;info@natglass.co.za;+27 10 593 8400;Groupe de distribution de verre et aluminium avec réseau d'implantations. Port Durban, envoi en anglais. Relance courte le 06/10, lot 2. MARCHE SUD-AFRICAIN GELE LE 08/10, EN ATTENTE D UN ARBITRAGE D AARON. Raison etablie le meme jour : le seul producteur de float de la SACU, PFG Building Glass, 260 000 t/an, appartient a PG GROUP, c est-a-dire au groupe avec lequel nous negocions quatre conteneurs en Namibie. Prospecter les transformateurs sud-africains revient donc a concurrencer PFG sur son marche domestique pendant que nous demandons une commande a sa maison mere. Le paragraphe 7 protege le groupe PG lui-meme, pas ses concurrents sud-africains, mais le risque commercial n est pas le meme selon ce qu on vise et il appartient a Aaron de le trancher. A NOTER AUSSI, et c est utile pour le jour ou le gel serait leve : PFG a obtenu ou demande des droits antidumping sur le float clair venant d Arabie saoudite et des Emirats (10 a 45 pour cent), d Indonesie, de Tanzanie (provisoires depuis le 23/01/2026), de Chine et d Inde, et de Malaisie. L Europe ne figure dans aucune de ces mesures, donc le marche serait abordable sur le plan douanier — c est bien le conflit d interets qui bloque, pas la douane. Cette fiche porte deja deux messages, aucune relance n est due avant le 20/10. Prochaine action : aucune jusqu a l arbitrage.;RELANCE 2026-10-06
Afrique du Sud;ZA;Johannesburg et Le Cap;AGW — Aluminium & Glass Wholesalers;Grossiste aluminium et verre;agwsystems.co.za;sales1.jhb@agwsystems.co.za;;GROSSISTE : deux plateformes Johannesburg et Le Cap. Autres contacts sales2.jhb@ et ctsales@. Port Durban ou Le Cap, envoi en anglais. Relance courte le 06/10 : une seule question posee (la reference et l'epaisseur la plus achetee) contre un prix ferme sous 48h, et sortie offerte en repondant non. MARCHE SUD-AFRICAIN GELE LE 08/10, EN ATTENTE D UN ARBITRAGE D AARON. Raison etablie le meme jour : le seul producteur de float de la SACU, PFG Building Glass, 260 000 t/an, appartient a PG GROUP, c est-a-dire au groupe avec lequel nous negocions quatre conteneurs en Namibie. Prospecter les transformateurs sud-africains revient donc a concurrencer PFG sur son marche domestique pendant que nous demandons une commande a sa maison mere. Le paragraphe 7 protege le groupe PG lui-meme, pas ses concurrents sud-africains, mais le risque commercial n est pas le meme selon ce qu on vise et il appartient a Aaron de le trancher. A NOTER AUSSI, et c est utile pour le jour ou le gel serait leve : PFG a obtenu ou demande des droits antidumping sur le float clair venant d Arabie saoudite et des Emirats (10 a 45 pour cent), d Indonesie, de Tanzanie (provisoires depuis le 23/01/2026), de Chine et d Inde, et de Malaisie. L Europe ne figure dans aucune de ces mesures, donc le marche serait abordable sur le plan douanier — c est bien le conflit d interets qui bloque, pas la douane. Cette fiche porte deja deux messages, aucune relance n est due avant le 20/10. Prochaine action : aucune jusqu a l arbitrage.;RELANCE 2026-10-06
Afrique du Sud;ZA;Johannesburg et Le Cap;Sunflex SA;Systemes vitres et aluminium;sunflex.co.za;info.jhb@sunflex.co.za;;Deux agences Johannesburg et Le Cap. Port Durban ou Le Cap, envoi en anglais. Relance courte le 06/10, lot 2. MARCHE SUD-AFRICAIN GELE LE 08/10, EN ATTENTE D UN ARBITRAGE D AARON. Raison etablie le meme jour : le seul producteur de float de la SACU, PFG Building Glass, 260 000 t/an, appartient a PG GROUP, c est-a-dire au groupe avec lequel nous negocions quatre conteneurs en Namibie. Prospecter les transformateurs sud-africains revient donc a concurrencer PFG sur son marche domestique pendant que nous demandons une commande a sa maison mere. Le paragraphe 7 protege le groupe PG lui-meme, pas ses concurrents sud-africains, mais le risque commercial n est pas le meme selon ce qu on vise et il appartient a Aaron de le trancher. A NOTER AUSSI, et c est utile pour le jour ou le gel serait leve : PFG a obtenu ou demande des droits antidumping sur le float clair venant d Arabie saoudite et des Emirats (10 a 45 pour cent), d Indonesie, de Tanzanie (provisoires depuis le 23/01/2026), de Chine et d Inde, et de Malaisie. L Europe ne figure dans aucune de ces mesures, donc le marche serait abordable sur le plan douanier — c est bien le conflit d interets qui bloque, pas la douane. Cette fiche porte deja deux messages, aucune relance n est due avant le 20/10. Prochaine action : aucune jusqu a l arbitrage.;RELANCE 2026-10-06
Afrique du Sud;ZA;Johannesburg, Wemmer;SA Bullet Resistant Glass Co;Fabrication de vitrage feuilleté de sécurité;sabrg.co.za;info@sabullet.co.za;+27 11 493 6663;Vitrage pare-balles pour bâtiments, cibler float extra-clair et feuilleté. Port Durban, envoi en anglais. Relance courte le 06/10, lot 2. MARCHE SUD-AFRICAIN GELE LE 08/10, EN ATTENTE D UN ARBITRAGE D AARON. Raison etablie le meme jour : le seul producteur de float de la SACU, PFG Building Glass, 260 000 t/an, appartient a PG GROUP, c est-a-dire au groupe avec lequel nous negocions quatre conteneurs en Namibie. Prospecter les transformateurs sud-africains revient donc a concurrencer PFG sur son marche domestique pendant que nous demandons une commande a sa maison mere. Le paragraphe 7 protege le groupe PG lui-meme, pas ses concurrents sud-africains, mais le risque commercial n est pas le meme selon ce qu on vise et il appartient a Aaron de le trancher. A NOTER AUSSI, et c est utile pour le jour ou le gel serait leve : PFG a obtenu ou demande des droits antidumping sur le float clair venant d Arabie saoudite et des Emirats (10 a 45 pour cent), d Indonesie, de Tanzanie (provisoires depuis le 23/01/2026), de Chine et d Inde, et de Malaisie. L Europe ne figure dans aucune de ces mesures, donc le marche serait abordable sur le plan douanier — c est bien le conflit d interets qui bloque, pas la douane. Cette fiche porte deja deux messages, aucune relance n est due avant le 20/10. Prochaine action : aucune jusqu a l arbitrage.;RELANCE 2026-10-06
Afrique du Sud;ZA;Krugersdorp, Factoria;Glass Partners;Transformation et distribution de verre plat;glasspartners.co.za;info@glasspartners.co.za;+27 11 664 6635;Réseau national d'usines et agences, unités de transformation et trempe au Cap. Port Durban, envoi en anglais. Relance courte le 06/10, lot 2. MARCHE SUD-AFRICAIN GELE LE 08/10, EN ATTENTE D UN ARBITRAGE D AARON. Raison etablie le meme jour : le seul producteur de float de la SACU, PFG Building Glass, 260 000 t/an, appartient a PG GROUP, c est-a-dire au groupe avec lequel nous negocions quatre conteneurs en Namibie. Prospecter les transformateurs sud-africains revient donc a concurrencer PFG sur son marche domestique pendant que nous demandons une commande a sa maison mere. Le paragraphe 7 protege le groupe PG lui-meme, pas ses concurrents sud-africains, mais le risque commercial n est pas le meme selon ce qu on vise et il appartient a Aaron de le trancher. A NOTER AUSSI, et c est utile pour le jour ou le gel serait leve : PFG a obtenu ou demande des droits antidumping sur le float clair venant d Arabie saoudite et des Emirats (10 a 45 pour cent), d Indonesie, de Tanzanie (provisoires depuis le 23/01/2026), de Chine et d Inde, et de Malaisie. L Europe ne figure dans aucune de ces mesures, donc le marche serait abordable sur le plan douanier — c est bien le conflit d interets qui bloque, pas la douane. Cette fiche porte deja deux messages, aucune relance n est due avant le 20/10. Prochaine action : aucune jusqu a l arbitrage.;RELANCE 2026-10-06
Afrique du Sud;ZA;Le Cap, KwaZulu-Natal, Gauteng;PG Smartglass;Distribution et transformation de verre haute performance;pgsmartglass.co.za;pgsmartglassinfo@pg.co.za;+27 11 417 5800;Premier distributeur-transformateur sud-africain de verre haute performance, trois usines. Port Durban ou Le Cap. 18 Skeen Boulevard, Bedfordview, Johannesburg. Envoi en anglais. RISQUE GRAVE NEUTRALISE LE 08/10. Cette fiche etait au statut ENVOYE, donc DANS LE POOL DES RELANCES, alors que le paragraphe 7 protege explicitement le groupe PG Glass sur cette campagne pour cause de negociation en cours avec Willem Heunis. Une relance automatique partant de ce pool aurait demarche une filiale du groupe avec lequel nous negocions quatre conteneurs sur Walvis Bay. Et le risque est plus grand qu il n y parait, parce que la structure du groupe a ete etablie le meme jour : PG Group POSSEDE PFG Building Glass, premier producteur float d Afrique australe, 260 000 t/an, que l ITAC qualifie de 100 pour cent de l industrie domestique de la SACU, et qui est le demandeur le plus actif de la region en antidumping. Demarcher une branche du groupe en lui proposant du float importe, pendant que sa maison mere nous demande un prix, serait au mieux maladroit. Statut passe en NE PAS DEMARCHER pour sortir la fiche de tous les pools. Le dossier reste vivant, mais il se traite UNIQUEMENT par le fil de Willem, et nulle part ailleurs. Prochaine action : aucune depuis cette fiche.;NE PAS DEMARCHER
Afrique du Sud;ZA;Olifantsfontein (Clayville);The Glass Company (Pty) Ltd;Fourniture de verre commercial et residentiel en Afrique australe;theglasscompany.africa;info@theglasscompany.africa;+27 10 597 3958;SERT L AFRIQUE DU SUD PLUS LA NAMIBIE, LE BOTSWANA, LE ZIMBABWE, LA ZAMBIE ET LE MOZAMBIQUE : profil distributeur regional, cible prioritaire. Port Durban. Envoi en anglais. Relance courte le 06/10, lot 1. MARCHE SUD-AFRICAIN GELE LE 08/10, EN ATTENTE D UN ARBITRAGE D AARON. Raison etablie le meme jour : le seul producteur de float de la SACU, PFG Building Glass, 260 000 t/an, appartient a PG GROUP, c est-a-dire au groupe avec lequel nous negocions quatre conteneurs en Namibie. Prospecter les transformateurs sud-africains revient donc a concurrencer PFG sur son marche domestique pendant que nous demandons une commande a sa maison mere. Le paragraphe 7 protege le groupe PG lui-meme, pas ses concurrents sud-africains, mais le risque commercial n est pas le meme selon ce qu on vise et il appartient a Aaron de le trancher. A NOTER AUSSI, et c est utile pour le jour ou le gel serait leve : PFG a obtenu ou demande des droits antidumping sur le float clair venant d Arabie saoudite et des Emirats (10 a 45 pour cent), d Indonesie, de Tanzanie (provisoires depuis le 23/01/2026), de Chine et d Inde, et de Malaisie. L Europe ne figure dans aucune de ces mesures, donc le marche serait abordable sur le plan douanier — c est bien le conflit d interets qui bloque, pas la douane. Cette fiche porte deja deux messages, aucune relance n est due avant le 20/10. Prochaine action : aucune jusqu a l arbitrage.;RELANCE 2026-10-06
Afrique du Sud;ZA;Roodepoort, Stormill;Furman Glass;Fabrication et distribution de verre architectural;furmanglass.co.za;info@furmanglass.co.za;+27 11 473 6700;Groupe industriel et distributeur de verre fondé en 1896, cibler verre architectural et miroirs. Port Durban, envoi en anglais. Relance courte le 06/10, lot 1. MARCHE SUD-AFRICAIN GELE LE 08/10, EN ATTENTE D UN ARBITRAGE D AARON. Raison etablie le meme jour : le seul producteur de float de la SACU, PFG Building Glass, 260 000 t/an, appartient a PG GROUP, c est-a-dire au groupe avec lequel nous negocions quatre conteneurs en Namibie. Prospecter les transformateurs sud-africains revient donc a concurrencer PFG sur son marche domestique pendant que nous demandons une commande a sa maison mere. Le paragraphe 7 protege le groupe PG lui-meme, pas ses concurrents sud-africains, mais le risque commercial n est pas le meme selon ce qu on vise et il appartient a Aaron de le trancher. A NOTER AUSSI, et c est utile pour le jour ou le gel serait leve : PFG a obtenu ou demande des droits antidumping sur le float clair venant d Arabie saoudite et des Emirats (10 a 45 pour cent), d Indonesie, de Tanzanie (provisoires depuis le 23/01/2026), de Chine et d Inde, et de Malaisie. L Europe ne figure dans aucune de ces mesures, donc le marche serait abordable sur le plan douanier — c est bien le conflit d interets qui bloque, pas la douane. Cette fiche porte deja deux messages, aucune relance n est due avant le 20/10. Prochaine action : aucune jusqu a l arbitrage.;RELANCE 2026-10-06
Albanie;AL;Tirana, Durrës et Elbasan;DOAN GLASS;Usine, negoce et transformation de verre;doanglass.al;info@doanglass.al;+355 69 20 83 322;Trois sites dont Durres, sur le port. Envoi en anglais. Relance 07/10 sans signature, une seule question sur les plus gros volumes annuels, porte de sortie. Angle activite de negoce : un negociant achete pour revendre et vit de l ecart, donc l origine de la feuille est tout son metier et pas un detail d approvisionnement. Port Durres.;RELANCE 2026-10-07
Algérie;DZ;Alger, Les Eucalyptus;Baizid Glass Securit;Transformation de verre architectural et de sécurité;bgs-dz.com;contact@bgs-dz.com;+213 770 684659;Découpe, trempe et feuilletage, cibler float architectural. Port Alger, envoi en francais. Relance courte le 06/10, lot 2.;RELANCE 2026-10-06
Algérie;DZ;Annaba;SARL Miroiterie El-Kods;Miroiterie;;;;Import encadré : valider la domiciliation bancaire.  STATUT RENSEIGNE LE 08/10 : cette fiche avait un statut VIDE, ce qui la rendait invisible aux pools de relance comme au decompte des fiches jamais contactees. Aucune adresse publiee, donc dossier telephonique.;A QUALIFIER
Algérie;DZ;Chelghoum Laïd (Mila);Glass Lux Bouhedjar;Transformation de verre et miroiterie : trempe, feuillete, bombe, sable;glasslux.net;contact@glasslux.net;;DIX SHOWROOMS : Alger, Oran, Bejaia, Constantine, Djelfa, Bechar, Biskra, Laghouat, Setif, Chelghoum Laid. Relance courte le 06/10, lot 2.;RELANCE 2026-10-06
Algérie;DZ;El Eulma, Bazer Sakhra;Miranova Glass;Transformation de verre trempé, feuilleté et isolant;miranovaglass.com;miranovaglass@gmail.com;+213 550 132218;Usine disposant de cinq lignes de transformation, cibler float et miroir. Port Alger, envoi en francais. Relance courte le 06/10, lot 2.;RELANCE 2026-10-06
Algérie;DZ;Guidjel (Setif);Vitrosak;Fourniture de produits en verre plat;;;+213 560 53 51 68;Aucune adresse publiee. Port Bejaia.;A APPELER
Algérie;DZ;Larbaâ, Blida;Mediterranean Float Glass;Production et transformation industrielle de verre plat;mfg.dz;marketing@mfg.dz;;Producteur local transformant feuilleté et verre à couches. Cibler miroir antique et compléments. Port Alger, envoi en francais. PRODUCTEUR DE FLOAT (groupe Cevital) : ecarte de la campagne de relance, c'est un concurrent sur le float clair.;NE PAS DEMARCHER
Algérie;DZ;Oran (Es Senia);Sarl Es Senia Glass;1er transformateur de verre plat de l'Ouest algerien;esseniaglass.com;contact@esseniaglass.com;+213 661 246 326;Se presente en leader de l'Ouest algerien. Zone d activite Sidi Chami, Essenia, Oran. Port Oran, envoi en francais. Relance courte le 06/10, lot 2.;RELANCE 2026-10-06
Algérie;DZ;Taher (Jijel);Technoglass;Import et distribution de verre plat et de tous types de verre;;;+213 555 62 47 74;IMPORTATEUR DECLARE. Aucune adresse publiee. Port Djendjen ou Bejaia. VERIFIE LE 08/10, TOUJOURS SANS ADRESSE EXPLOITABLE. Profil confirme et interessant : importation distribution et transformation du verre depuis 1987, SARL constituee en 2002, famille Rimouche, 11 a 50 salaries. Siege a Dar El Beida pres d Alger, qui gere le TRANSIT DES IMPORTATIONS le dechargement et la manutention, plus un second site dans la zone industrielle d Ouled Salah Taher a Jijel. Un siege qui gere son propre transit d importation est exactement un profil conteneur. ADRESSE technoglass.THR arobase gmail.com ECARTEE : relevee sur un profil LinkedIn et non sur un site de la societe, et c est une Gmail generique. Regle anti-rebond non satisfaite. Aucun telephone ni site officiel trouve. HOMONYMES A NE PAS CONFONDRE : Technoglass a Casablanca fait du pare-brise, Technoglass SA est suisse, Tecnoglass est colombienne, et TechnoGlass Industries au Nigeria est une autre fiche de ce registre. RAPPEL : Mediterranean Float Glass, producteur float algerien, est un CONCURRENT nomme au paragraphe 6 et non un prospect.;A APPELER
Allemagne;DE;Brême;FLACHGLAS AG Bremen;Gros de verre plat, distribution, import et export;;;;Orleansstr. 41. Activite import-export declaree. Aucune adresse email publiee : a rappeler.;A APPELER
Allemagne;DE;Cologne;Glasgroßhandel König;Gros de verre depuis pres de 180 ans;glaskoenig.de;;;Aucune adresse email publiee : a rappeler. BALAYAGE DU 08/10 : FICHE NON TESTEE, ET C EST UN CHOIX. La methode de deverrouillage a ete appliquee a l ensemble des fiches verrouillees de la journee, sauf celles-ci, pour une raison de priorite et non d oubli. La carte des marches etablie le 08/10 a 14h35 declasse ce marche : soit il produit son propre float a bas cout, soit il releve de l Europe ou le paragraphe 6 interdit la nouvelle prospection et ou le conteneur n est de toute facon pas le bon mode de livraison. La fiche reste donc verrouillee volontairement. A reprendre si le marche remonte dans les priorites, et la methode est ecrite au paragraphe 13 : recherche large sur le nom avec annuaires et courtiers bloques pour trouver le domaine propre, puis recherche restreinte a ce domaine.;A APPELER
Allemagne;DE;Hambourg (Bahrenfeld);Völker Glashandel GmbH;Gros de verre plat, import et export;;;+49 40 851 7480;Winsbergring 30. Activite import-export declaree. Aucune adresse email publiee : a rappeler.;A APPELER
Allemagne;DE;Peine et Peißen (Halle);HoffmannGlas GmbH + Co. Glasgroßhandlung KG;Gros de verre plat avec production propre de vitrage isolant;hoffmannglas.de;;+49 5171 2910;Grossiste independant de taille moyenne, deux sites. Aucune adresse email publiee : a rappeler. BALAYAGE DU 08/10 : FICHE NON TESTEE, ET C EST UN CHOIX. La methode de deverrouillage a ete appliquee a l ensemble des fiches verrouillees de la journee, sauf celles-ci, pour une raison de priorite et non d oubli. La carte des marches etablie le 08/10 a 14h35 declasse ce marche : soit il produit son propre float a bas cout, soit il releve de l Europe ou le paragraphe 6 interdit la nouvelle prospection et ou le conteneur n est de toute facon pas le bon mode de livraison. La fiche reste donc verrouillee volontairement. A reprendre si le marche remonte dans les priorites, et la methode est ecrite au paragraphe 13 : recherche large sur le nom avec annuaires et courtiers bloques pour trouver le domaine propre, puis recherche restreinte a ce domaine.;A APPELER
Allemagne;DE;Wentorf bei Hamburg;HANSEATA Flachglas — Ges. für Überseehandel;Gros de verre plat et commerce d outre-mer depuis 1953;hanseata.de;info@hanseata.de;+49 40 729 0700;SOCIETE DE COMMERCE D OUTRE-MER SPECIALISEE VERRE PLAT depuis 1953 : profil importateur conteneur ideal. Port Hambourg, envoi en allemand. Relance 07/10 sans signature, message court a une seule question : quelles references et epaisseurs au plus gros volume annuel. Porte de sortie proposee. Angle rare : maison de negoce de verre plat pour le commerce d outre-mer, donc interlocuteur qui connait deja tous les arguments. Message assume comme tel.;RELANCE 2026-10-07
Angola;AO;Luanda (Estrada do Cacuaco km 7, Mulemba);Axial / AS Glass Angola;Verre et menuiserie;axial.co.ao;geral@axial.co.ao;+244 924 955 330;Port Luanda, envoi en portugais. Relance 08/10, deuxieme tranche, format court a une seule question plus porte de sortie. Delivrabilite deja prouvee par l envoi du debut octobre. Angle caixilharia : fabricant de chassis donc consommateur de vitrage, et la difference se fait sur le conteneur complet et le calage. Envoi en portugais.;RELANCE 2026-10-08
Angola;AO;Luanda (Kikolo, Cacuaco);FVK — Fabrica de Vidros do Kikolo;Trempe et double vitrage, premiere usine de trempe d'Angola;fvk.co.ao;comercial@fvk.co.ao;+244 938 879 166;PREMIERE ET SEULE USINE DE TREMPE D'ANGOLA (groupe ANP) — four de trempe et ligne double vitrage. Adresse email non publiee en clair : appeler. Port Luanda. Avenida N Gola Kilwange, Kikolo, Cacuaco, Luanda. Port Luanda, envoi en portugais. Relance envoyee le 05/10 en portugais.;RELANCE 2026-10-05
Angola;AO;Luanda (Kikuxi);EDVidro SA;Production et transformation de verre pour le batiment et l'architecture;edvidro.com;geral@edvidro.com;+244 937 047 050;Angola sans usine float. Port Luanda, envoi en portugais. Relance 08/10, deuxieme tranche, format court a une seule question plus porte de sortie. Delivrabilite deja prouvee par l envoi du debut octobre. Angle substrat : Angola sans ligne float donc tout arrive par Luanda et seule l origine est une variable. Envoi en portugais.;RELANCE 2026-10-08
Angola;AO;Viana km 28 (Zone economique speciale);Vidreira de Viana;Verrerie et transformation;vidreiradeviana.com;contacto@vidreiradeviana.com;+244 922 012 998;Port Luanda, envoi en portugais. Rebond 550 No Such User le 05/10 : adresse inexistante.;A APPELER
Antigua-et-Barbuda;AG;Antigua;Summum Ltd;Fenetres et portes;;;+1 268 562 6286;Aucune adresse publiee dans les resultats. A qualifier par telephone : verifier la taille et si la societe traite le verre.;A APPELER
Antigua-et-Barbuda;AG;Base non confirmee, numeros en Antigua et a Saint-Kitts;Domus Windows;Fabrication de fenetres et portes PVC, distributeurs multi-iles;domuswindows.com;sales@domuswindows.com;+1 268 736 7677;Distribue en Antigua Saint-Kitts Dominique Grenade Sainte-Lucie Saint-Vincent et Guyana. Fabricant PVC donc tout vitrage est importe. QUESTION OUVERTE POSEE DANS LE MESSAGE : achetent-ils de la feuille qu ils vitrent eux-memes ou des vitrages scelles deja montes. La reponse decide si nous sommes pertinents. Base geographique non confirmee dans les sources : a preciser. Regle anti-rebond OK : le domaine figure dans les URL de resultats. Controle MX impossible le 08/10 car le resolveur DNS de la session est hors service.;ENVOYE 2026-10-08
Antigua-et-Barbuda;AG;Saint John s (Cassada Gardens);King s Glass;Parois de douche miroirs biseautes plateaux et miroirs automobiles;kingsglassantigua.com;kingsglassantigua@gmail.com;+1 268 781 5464;ADRESSE GMAIL ECARTEE : trouvee dans un annuaire local et non sur le site de la societe, le domaine kingsglassantigua.com n apparait pas dans les URL de resultats. La regle anti-rebond du paragraphe 5 n est pas satisfaite. De toute facon profil de petit vitrier et non d acheteur par conteneur. Priorite basse. ADRESSE TROUVEE LE 08/10, FICHE ECARTEE POUR HORS PERIMETRE APRES LECTURE DE LEUR CATALOGUE. kingsglassantigua arobase gmail.com est publiee sur leur propre site, donc exception du paragraphe 5 satisfaite et envoi regulier. Mais leur catalogue n est pas celui qu annonce cette fiche : les pages produits sont des CARTES DECORATIVES EN VERRE NOIR RETROECLAIREES PAR LED, vendues comme cadeaux, carte de Trinite-et-Tobago, des Iles Vierges britanniques, de la Dominique, d Haiti, du Royaume-Uni, de l Irlande, plus un miroir a bord depoli LED. C est de l objet decoratif en petite serie, pas du vitrage de batiment. Les parois de douche et miroirs biseautes que portait la fiche existent peut-etre encore mais ne sont pas ce qu ils mettent en avant. Adresse Kings Glass Road, Cassada Gardens 2, St John s, telephone et WhatsApp +1 268 781 5464, fixe 462 2431. Un conteneur complet de float est hors de portee et hors de sujet pour ce metier. Prochaine action : aucune.;ECARTE — HORS PERIMETRE
Arabie saoudite;SA;Al-Ahsa;Al Forsan Arabia;Usine de trempe, feuillete, depoli et teinte livrant tout le Royaume;;;;Livre Riyad Dammam et Djeddah. Aucune adresse publiee.;A APPELER
Arabie saoudite;SA;Asfan, zone industrielle;Asdam Technical Glass Company;Transformation de verre et fabrication aluminium;asdamglass.com;info@asdamglass.com;+966 54 504 7777;Usine intégrée avec ligne de trempe et équipements de vitrage isolant, cibler float et Low-E. Port Djeddah, envoi en arabe. Relance courte le 06/10, lot 2. CONTROLE MX DU 07/10 : le domaine asdamglass.com n a aucun enregistrement MX, seulement un A. Livraison incertaine. Ne pas inclure dans un lot groupe : tester seul et surveiller le rebond.;RELANCE 2026-10-06
Arabie saoudite;SA;Dammam (Al Khodariyah);Madar Al Ula Glass Company;Vitrages isolants;madarglasscompany.com;info@madarglasscompany.com;+966 50 907 1764;Specialiste du double vitrage, zone Est proche du port.;ENVOYE 2026-10-05
Arabie saoudite;SA;Dammam (premiere cite industrielle);Albitar Factory Company;Fabrication de verre;company-albitar.com;info@company-albitar.com;;A qualifier. Aucune adresse publiee. DEVERROUILLEE LE 08/10 : info arobase company-albitar.com est publiee sur leur page de contact, domaine identique a celui du site, regle anti-rebond satisfaite sans exception. Seconde adresse vue sur une page d equipe en arabe, company.albitar arobase gmail.com : repli uniquement, l adresse du domaine propre vaut mieux. Leur page equipe marketing publie aussi des adresses gmail et yahoo d ingenieurs et de commerciaux a titre individuel : NE PAS LES UTILISER, ce ne sont pas des canaux officiels et aucune fonction d achat n y est verifiee. Implantation PREMIERE CITE INDUSTRIELLE DE DAMMAM, boite postale 2096, code 31451, telephone +966 13 847 2693, fax +966 13 847 1572. FAIT QUI DECIDE DE L ANGLE : leur catalogue comprend du VERRE COUPE-FEU, en plus du verre, de l aluminium, de l acier et des portes. Le coupe-feu est du vitrage technique, pas du vitrage courant : c est la page vitrage technique qu il faut lier, et un acheteur de coupe-feu ne juge pas au prix seul. Avantage logistique a dire : ils sont a Dammam, soit le port meme de dechargement. Annees de copyright contradictoires sur leur site, 2015 et 2024 : ne pas s appuyer sur une anciennete. ENVOI programme le 09/10 en anglais ou en arabe. Port Dammam. Prochaine action : envoyer le 09/10. Ville renseignee le 08/10 : elle etait vide dans la fiche alors que leur page de contact donne la premiere cite industrielle de Dammam.;A ENVOYER 2026-10-09
Arabie saoudite;SA;Dammam;Saber Group;Transformation et distribution de verre et miroirs;sabergroup.com.sa;info@sabergroup.com.sa;+966 9200 01968;Usine à Dammam et implantations dans l'Est, à Riyad et Tabuk, cibler miroir et verre décoratif. Port Dammam, envoi en arabe. Relance courte le 06/10, lot 2.;RELANCE 2026-10-06
Arabie saoudite;SA;Dammam;Safwa Glass;Trempé, feuilleté, double vitrage;safwaglass.com;info@safwaglass.com;;Zone Est, proche du port de Dammam. Adresse trouvee le 05/10.;ENVOYE 2026-10-05
Arabie saoudite;SA;Djeddah (Bani Malik);Abu Sarhad Glass Shaping Factory;Trempé, façade, feuilleté pare-balles;abusarhadhc.sa;info@abusarhadgroup.com;;Groupe Abu Sarhad — pare-balles et façade. Prévoir la conformité SASO/SABER. Port Djeddah. Relance courte le 06/10, lot 2.;RELANCE 2026-10-06
Arabie saoudite;SA;Djeddah (Industrial Area Phase IV);Saudi Arabian Glass Co. Ltd. (SAGCO);Negoce et fabrication de verre et miroirs, gros et detail;sagco.net;sagco@sagco.net;+966 12 636 4959;Maison ancienne de Djeddah, grossiste verre et miroir. Relance 08/10, format court a une seule question plus porte de sortie. Delivrabilite deja prouvee par l envoi du debut octobre. Angle grossiste : le probleme n est jamais une reference mais la gamme a tenir sans immobiliser de tresorerie sur les references lentes, d ou le conteneur mixte. Question rotation annuelle.;RELANCE 2026-10-08
Arabie saoudite;SA;Djeddah (Jeddah Industrial City Phase 5);Mahmood Saeed Glass Industry;Transformation de verre plat depuis 1994, groupe Mahmood Saeed;msgi-sa.com;sales@msgi-sa.com;+966 12 636 6366;TRANSFORMATEUR : consomme de la feuille en continu, pas a la palette.;ENVOYE 2026-10-06
Arabie saoudite;SA;Djeddah (zone industrielle rue 36);Badr Glass;Fabrication et transformation de verre;;;+966 12 608 0402;Releve sur annuaire arabe. Aucune adresse publiee.;A APPELER
Arabie saoudite;SA;Djeddah et Riyad;Safa Taiba Glass Factory;Transformation, showrooms Djeddah et Riyad;safataiba.sa;info@safataiba.sa;+966 59 053 9394;Réseau multi-sites. Relance courte le 06/10, lot 3.;RELANCE 2026-10-06
Arabie saoudite;SA;Djeddah, Al Rayaan;Abdullah Salem Al Jadaani Glass Factory;Fabrication de verre trempé et isolant;jadaaniglass.com;sales@jadaaniglass.com;+966 50 458 0221;Transformateur certifié Guardian avec trempe et vitrage isolant, cibler float et Low-E. Port Djeddah, envoi en arabe. Relance courte le 06/10, lot 3.;RELANCE 2026-10-06
Arabie saoudite;SA;Djeddah, troisième zone industrielle;IKK Glass;Transformation de verre trempé, feuilleté et isolant;ikkglass.com;info.ikkglass@ikkgroup.com;;Four de trempe horizontal et fabrication de vitrages isolants, cibler float et Low-E. Port Djeddah, envoi en arabe. Relance courte le 06/10, lot 3.;RELANCE 2026-10-06
Arabie saoudite;SA;Djeddah;Arab Glass (ex Al-Ajoo Glass and Mirrors);Verre d'art, miroirs et transformation;arabglass.com.sa;info@arabglass.com.sa;;Aucune adresse publiee. Adresse trouvee le 06/10 sur la page contact du site. Angle miroir argent.;ENVOYE 2026-10-06
Arabie saoudite;SA;Hail;Al Tbaynawi Glass;Transformation de verre trempé et isolant;altbaynawi.com;;+966 16 532 5322;Four Glaston et ligne de vitrage isolant LiSEC, trempe annoncée de 1600 m² par 10 heures. Pas d adresse publiee : appeler. Port Dammam. DEUX ERREURS DANS CETTE FICHE, corrigees le 08/10. PREMIERE : la societe est a HAIL et non a Dammam, seule implantation trouvable. DEUXIEME, plus genante : la fiche lui attribue un four Glaston et une ligne de vitrage isolant LiSEC avec 1600 m2 par dix heures. La reference Glaston saoudienne est en realite AL-MANNA, qui installe des lignes de trempe Glaston a Riyad Djeddah et Dammam — une AUTRE fiche de ce registre. Il y a donc eu confusion entre deux societes, et la capacite annoncee ici n est pas la leur. Seule mention LiSEC trouvee : un billet LinkedIn sur un operateur CNC. Aucune adresse ni site officiel. Le seul canal confirme est le profil LinkedIn de Faisal Al-Tbaynawi. A requalifier entierement avant tout contact. SITE TROUVE LE 08/10 : altbaynawi.com, ce qui confirme HAIL comme implantation et non Dammam. Leur site annonce une ligne de production entierement automatisee pilotee par un ERP sur mesure. Si cela se verifie, c est un vrai outil industriel, mais ce n est PAS le four Glaston que la fiche leur attribuait a tort, lequel appartient a Manna Glass. Aucune adresse publiee dans les resultats : a chercher sur leur site. VERIFIE LE 08/10 : LA SEULE ADRESSE PUBLIEE EST CELLE DES RESSOURCES HUMAINES, HR arobase altbaynawi.com.sa, pour les candidatures. Deux raisons de ne pas l utiliser : ecrire une offre commerciale a un service de recrutement n a aucune chance d aboutir, et le domaine .com.sa n est meme pas celui du site, .com. La fiche reste donc un dossier telephonique. ADRESSE PRECISEE, et elle confirme la correction du matin : siege dans la ZONE INDUSTRIELLE MODON, rue 09, a HAIL, telephone +966 16 532 5322. Ce n est pas Dammam, c etait bien une erreur de la fiche. ANOMALIE A SIGNALER : la page de candidature parle de Sphere Constuctions et non d Al Tbaynawi, avec la faute de frappe dans le mot. Soit un reste de gabarit non modifie, soit une autre societe du meme groupe : a eclaircir au telephone, cela touche a l identite de l acheteur. Leur site annonce une page Production Line, donc un outil industriel reel, mais RAPPEL DE LA CORRECTION DU MATIN : le four Glaston que cette fiche leur attribuait appartient a Manna Glass, pas a eux. Prochaine action : appel sur le +966 16 532 5322. TESTEE LE 08/10 PAR LA METHODE DU PARAGRAPHE 13 : la seule adresse publiee est HR arobase altbaynawi.com.sa, donnee pour les candidatures. NE PAS Y ECRIRE : c est la boite du personnel et le paragraphe 5 n autorise pas a detourner une adresse publiee pour autre chose. DETAIL UTILE RELEVE AU PASSAGE : cette adresse est sur altbaynawi.com.SA alors que le site est sur altbaynawi.com, deux domaines differents. Il existe donc probablement une boite commerciale sur le .com.sa, mais il est interdit de la deviner. Siege zone industrielle Modon, rue 09, Hail, tel +966 16 532 5322. Reste en appel, et l objectif de l appel inclut desormais : quelle est l adresse commerciale, et sur quel domaine.;A APPELER
Arabie saoudite;SA;Jeddah (quartier Al-Mumaria);Al-Thiabi Glass;Pose et depannage verrier, cloisons et portes en verre securit;althiabiglass.com;sales@althiabiglass.com;+966 56 153 6402;NON CONTACTEE VOLONTAIREMENT, et c est le point important. L adresse sales arobase althiabiglass.com est bien publiee sur leur propre site donc exploitable, MAIS leur activite reelle est la POSE et le DEPANNAGE : cloisons et portes securit, reparation de vitrage sous 24 heures a Jeddah, remplacement en urgence. Leur site ne mentionne aucune ligne de production ni equipement de feuilletage, et leurs pages projets decrivent des chantiers de pose. Un poseur-installateur achete chez les distributeurs locaux, pas par conteneur complet. Hors cible tant que le profil ne change pas. Second numero +966 59 390 9525.;A QUALIFIER
Arabie saoudite;SA;Jeddah;Samyat Glass (Al Samayat);Transformation : feuillete, double vitrage, bombe, trempe, vitrage isolant, Low-E, usine 2014 de 300 000 m2 par an;alsamayat.com;;;Capacité connue : dimensionner l'offre en conteneurs complets.  STATUT RENSEIGNE LE 08/10 : cette fiche avait un statut VIDE, ce qui la rendait invisible aux pools de relance comme au decompte des fiches jamais contactees. Aucune adresse publiee, donc dossier telephonique. ENRICHIE LE 08/10 et VILLE CORRIGEE : c est JEDDAH et non une localisation indeterminee. Site alsamayat.com, raison sociale Al-Samiyat Glass Company. Maison fondee en 1999 dans la transformation et le faconnage du verre a Jeddah, usine ouverte en 2014 avec la capacite de 300 000 m2 par an que portait deja la fiche. GAMME QUI EN FAIT UNE BONNE CIBLE : feuillete, double vitrage, verre bombe, trempe, vitrage isolant ET VERRE A FAIBLE EMISSIVITE. Qui fait du Low-E achete du substrat a couche, ce qui est exactement notre angle saoudien. Aucune adresse publiee : leur site n a qu une page contact et un formulaire de demande de devis. Dossier telephonique ou formulaire. TESTEE LE 08/10 PAR LA METHODE DU PARAGRAPHE 13 : la page Contact Us existe mais la recherche n en rend pas le contenu, donc aucune adresse exploitable. Reste telephonique. CE QUE LE TEST RAPPORTE QUAND MEME : fondee debut 1999, ils se presentent comme pionniers de la transformation et du faconnage du verre a Djeddah, et leur catalogue comprend du SMART GLASS et du VERRE COUPE-FEU. Le coupe-feu et le verre a commande electrique sont les deux lignes les plus exigeantes et les plus cheres de la transformation : c est une maison technique, pas un revendeur, et notre page vitrage technique est la bonne porte d entree. Autres orthographes du nom a connaitre avant d appeler : Al-Samiyat Glass Company et Samyat Glass Company. ALERTE DE SECURITE RELEVEE AU PASSAGE, A NE PAS IGNORER : une URL de leur domaine melange leur texte arabe a du contenu de jeux d argent en neerlandais. Leur site est tres probablement compromis par du referencement parasite. Ne jamais suivre une URL inhabituelle de ce domaine, et s en tenir a alsamayat.com slash en. Cela n enleve rien a la valeur de la societe, mais si une adresse e-mail apparait un jour sur ce domaine, la verifier deux fois avant d ecrire.;A QUALIFIER
Arabie saoudite;SA;Jizan, zone industrielle 1;Region Glass Factory;Transformation industrielle de verre architectural;rgf.sa;info@rgf.sa;+966 17 323 8080;Usine assurant la trempe avec contrôle des cycles, cibler float et contrôle solaire. Port Jizan, envoi en arabe. Tel Jizan releve sur annuaire arabe. Relance courte le 06/10, lot 3.;RELANCE 2026-10-06
Arabie saoudite;SA;Riyad (2e cite industrielle) et Dammam;Alma Glass (ALMA Tempered Securit Glass);Transformation : trempe, double vitrage, feuillete, pare-balles, Low-E, trois usines;almaglass.com.sa;almariyadh@almaglass.com.sa;+966 11 498 3275;GROS : premiere usine de trempe de Dammam, 350 t/an. Rebond 550 5.1.1 le 05/10 : adresse inexistante. DEVERROUILLEE LE 08/10, ET C EST UNE RECUPERATION. La fiche portait almariyadh arobase almaglass.com.sa, qui avait rebondi en 550 5.1.1 le 05/10. Leur page de contact officielle publie une AUTRE adresse, info arobase almaglass.com.sa, domaine present dans les URL de resultats. Adresse remplacee. ENVOI PREVU LE 09/10, plafond du jour atteint. PROFIL BEAUCOUP PLUS GROS QUE CE QUE DISAIT LA FICHE : fondee en 1978 avec la premiere unite de transformation de Dammam, elle exploite aujourd hui TROIS usines, Riyad Dammam et Djeddah, et sert l ouest et l est du royaume plus les pays du Golfe voisins. Gamme annoncee : trempe, double vitrage isolant, feuillete, pare-balles, trempe bombe, Low-E et verre de securite. ANGLE LE PLUS FORT : leurs trois fours de trempe sont annonces EN COURS DE MISE A NIVEAU POUR LE LOW-E. Une usine qui se met au Low-E a besoin de substrat a couche, c est exactement le moment ou un fournisseur peut entrer. Boite postale 1911 Riyad 11441, +966 11 498 3275, usine Second Industrial City zone A rue 115. Adresse almaglass arobase gmail.com relevee dans un annuaire tiers : ECARTEE, ce n est pas le domaine de la societe. ENVOI DU 08/10 sur l adresse recuperee. ANGLE : reconnaissance explicite en premiere ligne que l Arabie saoudite produit son propre float, donc renoncement au float clair ordinaire. Tout le message tient sur un fait annonce par eux, la mise a niveau de leurs trois fours pour le Low-E, qui change ce qu ils achetent : un four regle pour la couche tendre a besoin de substrat a couche. Question unique posee, achetteront-ils ce substrat localement ou a l import une fois la mise a niveau en service. Offre proposee sur Dammam ou Djeddah au choix de l usine. REBOND DU 08/10 A 11h54 : info arobase almaglass.com.sa, 550 5.1.1 adresse introuvable. L envoi de 10h13 portait l angle du substrat a couche pour leur montee en Low-E. Adresse retiree de la fiche. A NOTER, le rebond est tombe 1h41 APRES l envoi : encore une confirmation de la lecon du matin, verifier les rebonds dans les minutes qui suivent ne prouve rien. La fiche reste de premier plan et merite un second passage : trois usines, trempe, double vitrage, feuillete, PARE-BALLES et Low-E a Riyad et Dammam. PROCHAINE ACTION : appliquer la methode de deverrouillage, recherche restreinte a almaglass.com.sa, pour trouver l adresse qu ils publient reellement — c est exactement le schema qui a ressuscite MIH Group et Arkiglass le meme jour. RESSUSCITEE DANS L HEURE QUI A SUIVI LE REBOND, LE 08/10. info arobase almaglass.com.sa a rebondi a 11h54 , la recherche restreinte a leur domaine rend TROIS adresses par agence, et c est bien mieux qu un info generique. RETENUE : almariyadh arobase almaglass.com.sa, l agence de Riyad, domaine identique a celui du site. Replis : almajeddah arobase almaglass.com.sa pour Djeddah. Une troisieme, almadammam arobase almaglass.COM, est sur un domaine DIFFERENT et n apparait que sur une page arabe : a ne pas utiliser sans verification. Une adresse d agence est plus surement relevee qu une boite generale, ce qui explique probablement le rebond de info. RAISON SOCIALE ETABLIE : Alma for Glass and Aluminum Co. Ltd. Riyad, deuxieme cite industrielle, zone A, rue 115, face a Al-Bawan Metal Industries, telephone +966 11 498 3275, fax +966 11 498 4684, boite postale 1911 Riyad 11441. Djeddah +966 12 608 012, Dammam +966 13 847 2314. FAIT HISTORIQUE QUI VAUT UN ANGLE, releve sur leur propre site : ils se disent LE PREMIER ETABLISSEMENT DU ROYAUME a avoir transforme du verre trempe et du double vitrage, en partant de Dammam. Un pionnier de soixante ans a vu passer tous les fournisseurs : le message doit parler regularite et pas decouverte. Gamme trempe, double vitrage, feuillete, PARE-BALLES et Low-E sur trois usines. ENVOI programme le 09 ou 10/10 en anglais ou en arabe. Port Dammam. Prochaine action : envoyer.;A ENVOYER 2026-10-09
Arabie saoudite;SA;Riyad (2e cite industrielle);Al Watania for Industries;Groupe industriel, division verre;wataniaind.com;info@wataniaind.com;+966 11 498 0088;Groupe classe au top 100 saoudien : volume. Relance courte le 06/10, lot 3.;RELANCE 2026-10-06
Arabie saoudite;SA;Riyad (2e cite industrielle);Saudi American Glass Co. (SAG);Facades verrieres complexes, filiale de Dubai Investments, depuis 1978;saglass.com;saglass@saglass.com;+966 11 265 1212;GROS : parmi les mieux equipes du Moyen-Orient en verre plat transforme. Aucune adresse publiee. Une adresse saglass arobase saglass.com circule chez les revendeurs de donnees mais n'apparait sur aucune page du site — non utilisee. IDENTITE NON CONFIRMEE, releve le 08/10 — meme probleme que North Africa for Importing Glass. Une recherche ciblee ne trouve aucune societe de ce nom. Cette fiche la decrit comme parmi les mieux equipees du Moyen-Orient en verre plat transforme : cette affirmation n est pas verifiable dans les sources accessibles. Ne pas appeler en partant de ce presuppose, commencer par etablir qui ils sont. Possible confusion avec un autre acteur saoudien. CORRECTION DE MA PROPRE CORRECTION, le 08/10. J avais note plus tot dans la journee que cette societe etait introuvable et que sa fiche reposait sur une affirmation non verifiable. C ETAIT FAUX : la societe existe bien. Glaston a annonce avoir recu d elle une commande de ligne de FEUILLETAGE ProL SPEED. Une societe qui commande une ligne de feuilletage neuve est un acheteur de substrat en devenir, et le feuilletage exige une qualite optique constante. La fiche redevient donc une cible seriuse. Aucune adresse publiee pour autant : reste un dossier telephonique. DEVERROUILLEE LE 08/10 : saglass arobase saglass.com est publiee sur leur page de contact, domaine identique a celui du site, regle anti-rebond satisfaite sans exception. Fax +966 11 265 1738. Adresse postale sur la route d Al Kharj, deuxieme cite industrielle de Riyad. Leur brochure commerciale affiche Reflecting your vision since 1978 et mentionne un Technical Advisory Service Department, sans adresse propre. RAPPEL DE LA LECON DU 08/10 SUR CETTE FICHE : je l avais consignee comme introuvable, puis Glaston a annonce une commande de ligne de feuilletage ProL SPEED par cette societe. Je ne trouve pas n est pas ca n existe pas, et la preuve est ici une seconde fois puisque l adresse etait publiee. ENVOI NON ENCORE FAIT, programme le 09/10 en anglais ou en arabe. Angle : une ligne de feuilletage neuve est un appel de substrat, et le feuillete impose une planeite constante lot apres lot. Port Dammam. Prochaine action : envoyer le 09/10.;A ENVOYER 2026-10-09
Arabie saoudite;SA;Riyad (BP 3162, 11471) et 56 agences;Manna Glass Group (Mohammed Mannaa Glass Corporation);Transformation : trempe, vitrage isolant, miroirs, 9 lignes Glaston fin 2026, 56 agences;mannaglass.sa;;+966 11 291 1943;Four de trempe identifié : acheteur de float régulier. Tel releve sur annuaire arabe. A VERIFIER AU TELEPHONE, releve le 08/10 : cette fiche partage le numero +966 11 265 0065 avec la fiche Almanco Factory. Soit la meme societe sous deux raisons sociales, soit un standard commun. NON FUSIONNEES faute de certitude : les noms sont trop differents pour trancher sans appeler. Appeler une seule fois et clarifier avant tout nouvel envoi, pour ne pas ecrire deux fois a la meme maison. CAPACITE ETABLIE LE 08/10, et elle venait d une fiche voisine par erreur : c est bien AL-MANNA, et non Al Tbaynawi, qui installe des lignes de trempe GLASTON, sur trois sites, Riyad Djeddah et Dammam. Source : la page de references de Glaston elle-meme. Trois sites equipes en trempe font un consommateur de substrat de premier plan. Cette fiche merite donc de remonter dans les priorites d appel, et le doute sur son lien avec Almanco Factory, avec qui elle partage un numero, devient d autant plus important a lever. IDENTITE ETABLIE ET FICHE REECRITE LE 08/10. La question du numero partage avec Almanco est TRANCHEE : ce sont DEUX SOCIETES DIFFERENTES, et le +966 11 265 0065 que portait cette fiche est en realite celui d ALMANCO, mis par erreur ici. Almanco vient de la famille Almanee et remonte a 1971, boite postale 5795, la societe visee ici est Mohammed Mannaa Glass Corporation, fondee vers 1960, boite postale 3162 Riyad 11471, site mannaglass.sa. Rien a voir. TAILLE REELLE, ET C EST PROBABLEMENT LE PLUS GROS TRANSFORMATEUR D ARABIE SAOUDITE : plus de soixante ans dans le verre, 56 AGENCES et plus de 1 800 personnes annoncees. CAPACITE VERIFIEE CHEZ L EQUIPEMENTIER : ils exploitent deja SIX lignes de trempe Glaston et en ont commande TROIS de plus, series Jumbo, livrables entre le deuxieme et le quatrieme trimestre 2026 pour Riyad Djeddah et Dammam. Soit neuf lignes fin 2026. Un parc de trempe de cette taille est un consommateur de substrat de tout premier plan. Relation Glaston de plus de vingt ans, donc exigeants sur la qualite du verre entrant. Accord exclusif avec Profilglass pour l Arabie saoudite et partenariat annonce avec RBM. ADRESSE E-MAIL OBFUSQUEE sur leur page de contact : dossier telephonique, +966 11 291 1943. CIBLE A TRAITER EN PRIORITE DES QU UNE ADRESSE EST TROUVEE. COMPLEMENT DU 08/10 : le groupe exploite DEUX SITES WEB, mannaglass.sa et mannaglass.com, dont les listes d agences DIVERGENT, le premier donnant des fixes et le second surtout des mobiles en +966 55. Un troisieme domaine manna.sa existe aussi. La page agences du .sa liste environ 38 implantations avec fixe et fax pour chacune, de Riyad Djeddah La Mecque Taif Medine Najran et Hail. Siege a Riyad, rue Omar Ibn Al Khattab, quartier Al Malaz. NE PAS SE FIER A UN SEUL NUMERO : les deux listes se contredisent. Adresse e-mail toujours obfusquee sur la page de contact. ECARTE : un site de donnees commerciales liste une Manna Glass avec des expeditions de materiel electronique, ce qui ne correspond pas a un verrier. DOUTE D IDENTITE NOUVEAU ET SERIEUX, RELEVE LE 08/10 EN FIN D APRES-MIDI, ET IL PORTE SUR LE TITRE MEME DE CETTE FICHE. La recherche restreinte aux trois domaines du groupe distingue DEUX MAISONS que cette fiche confond : mannaglass.SA se presente comme AL MANNA MIRRORS, a RIYAD, boite postale 3162 code 11471, lignes 00966 1 2911929, 2911943 et 4774424 , mannaglass.COM se presente comme MOHAMMED MANNAA GLASS CORPORATION et est donnee a DJEDDAH, avec une boite postale de Djeddah et le telephone 012 206 1505. Le resultat de recherche avertit explicitement qu il s agit peut-etre de deux societes differentes. CONSEQUENCE A NE PAS MINIMISER : le parc de neuf lignes de trempe Glaston etabli ce matin est attribue a AL-MANNA, mais je ne sais plus laquelle des deux entites c est. Tant que ce n est pas tranche, l offre ne peut pas etre calibree et un envoi risque de partir a la mauvaise maison. C est le troisieme demelage d identite sur ce nom dans la journee, apres la separation d avec Almanco Factory et la correction du four attribue a tort a Al Tbaynawi. Le nom Manna est manifestement porte par plusieurs maisons verrieres saoudiennes. ADRESSE TOUJOURS OBFUSQUEE, verifiee cette fois avec la bonne methode : le champ e-mail de la page de contact n est qu un marqueur protege. Dossier telephonique confirme. PROCHAINE ACTION, ET ELLE PASSE AVANT TOUTE OFFRE : appeler le +966 11 291 1943 et etablir UNE SEULE chose — qui exploite les lignes Glaston, Riyad ou Djeddah, et sous quelle raison sociale. Premier appel de la liste prioritaire, et son objectif change : ce n est plus une adresse qu on cherche, c est l identite de l acheteur.;A APPELER
Arabie saoudite;SA;Riyad (Haroun Al Rasheed Street);United Glass Industries Co. (Uniglass, groupe Al-Fozan);Le transformateur de verre le plus complet du Royaume;uniglass.com.sa;info@uniglass.com.sa;+966 50 050 0186;GROS : groupe Al-Fozan. Aucune adresse publiee, passer par le telephone. Groupe Al-Fozan. Riyad plus Djeddah plus Dammam. DEVERROUILLEE LE 08/10 : info arobase uniglass.com.sa est publiee sur leur page de contact officielle, domaine present dans les URL de resultats. ENVOI PREVU LE 09/10, plafond d envoi du jour atteint. Filiale d Al Fozan Holding, siege du groupe a Al Khobar. Quatre implantations avec numeros dedies, Riyad +966 500500186, Dammam +966 544239498, plus Djeddah et La Mecque. Boite postale 40179 Riyad 11499. MEME PRECAUTION QUE WALSHS : le site de Saint-Gobain Glass les liste parmi ses points, ils sont donc probablement distributeurs Saint-Gobain. L angle doit porter sur ce qu une chaine Saint-Gobain couvre mal, pas sur le remplacement du fournisseur. Les annuaires donnent trois adresses physiques contradictoires a Riyad : ne retenir que la boite postale officielle. ENVOI DU 08/10 sur l adresse deverrouillee. Message qui assume DEUX limites d entree des la deuxieme ligne : l Arabie saoudite produit son propre float, et ils sont probablement deja dans une chaine etablie, le site de Saint-Gobain Glass les listant. Cible reduite au bout de gamme, couche tendre extra-clair et formats jumbo. Question posee : existe-t-il une reference qu ils doivent attendre ou remplacer faute de couverture.;ENVOYE 2026-10-08
Arabie saoudite;SA;Riyad (Wasel 7136, 14331);World Tempering Glass Manufacturing Co. (Al-Alamiah Securit);Usine de trempe et de transformation du verre depuis 1999;alalamiahsecurit.com;Info@wtg-sa.com;+966 55 620 2923;FICHE CREEE LE 08/10. Adresse publiee par la societe sur son propre site alalamiahsecurit.com. ATTENTION DOMAINE DIFFERENT DU SITE : l adresse est en wtg-sa.com alors que le site est en alalamiahsecurit.com. L exception du paragraphe 5 s applique puisque c est la societe qui la publie elle-meme, et c est note. HOMONYME A NE PAS CONFONDRE : le registre contient deja Al Alamiah for Manufacturing Tempered Glass Co. WLL, qui est au KOWEIT a Sabhan. Deux societes differentes dans deux pays. CONTACT NOMME NON UTILISE : un annuaire donne Hasan Ahmad, hasan arobase wtg-sa.com, presente comme contact administration. La fonction n est pas celle des achats, donc le paragraphe 5 interdit de le nommer : ecrire a Info arobase. RESERVE SUR LA TAILLE : les sources donnent des effectifs incompatibles, 1 a 10 selon l une et 35 selon l autre, et trois adresses physiques differentes. Probablement plus petite que son nom ne le suggere : verifier la capacite avant de calibrer une offre. Autre ligne 011 498 3822.;A QUALIFIER
Arabie saoudite;SA;Riyad (rue Takhassusi);Euro Glass;Transformation et negoce de verre;;;+966 55 550 5040;Releve sur annuaire arabe, numero a verifier.;A APPELER
Arabie saoudite;SA;Riyad / Sudair;Komate Glass;Verre trempe certifie, impression numerique TecGlass;komate.sa;sales@komate.sa;+966 11 448 3444;Usine recente a Sudair, equipement haut de gamme. Relance courte le 06/10, lot 3.;RELANCE 2026-10-06
Arabie saoudite;SA;Riyad 11421;Glass House Company Ltd;Verre plat transforme, vitrages isolants, verre solaire;;;;DOUBLON de la fiche Glasshouse Company Ltd. du meme pays, neutralisee le 08/10 lors du balayage systematique du registre. Ne pas demarcher depuis cette ligne.;NE PAS DEMARCHER
Arabie saoudite;SA;Riyad, Badr;Alfa Star Glass;Transformation de verre trempé et isolant;alfastarglass.com;info@alfastarglass.com;+966 536 373 747;Usine avec ligne de trempe horizontale et ligne de double vitrage, cibler float. Port Dammam, envoi en arabe. Relance courte le 06/10, lot 3.;RELANCE 2026-10-06
Arabie saoudite;SA;Riyad, Qassim, Djeddah, Khamis Mushait;Barrak Glass Factories;Transformation du verre sur sept usines : trempe, chant, percage, polissage, biseautage, sablage, double vitrage;barrakglass.com;barrakgdf@gmail.com;+966 13 582 6507;Groupe Al-Barrak. Volume important. Tel Al-Ahsa releve sur annuaire arabe.  STATUT RENSEIGNE LE 08/10 : cette fiche avait un statut VIDE, ce qui la rendait invisible aux pools de relance comme au decompte des fiches jamais contactees. Aucune adresse publiee, donc dossier telephonique. DEVERROUILLEE LE 08/10, ET LA FICHE SOUS-ESTIMAIT AUSSI. Elle annonçait quatre usines : il y en a SEPT. Premiere unite en 2005 a la cite industrielle d Al-Hassa, puis Riyad, Al-Qassim, Djeddah et Khamis Mushait, puis Al-Jawf inauguree, et une usine a Dammam lancee fin 2025 que le groupe presente comme completant sa couverture regionale. Gamme de transformation annoncee : trempe, travail de chant, percage, polissage, biseautage, sablage et double vitrage. Un parc de cette taille consomme du substrat en volume. ADRESSE barrakgdf arobase gmail.com : c est une adresse Gmail, MAIS elle est publiee par le groupe sur son propre site al-barrakgroup.com, qui figure dans les URL de resultats. Exception du paragraphe 5 appliquee et notee. Service client 920005339. A NE PAS UTILISER : le site barrakglass.com affiche info arobase massivedynamic.com dans son en-tete, qui est un reste de gabarit appartenant a un tiers. Numeros contradictoires entre leurs deux sites officiels, +966 13 582 6507 et +966 13 583 3735 : les deux a tester. ENVOI PREVU LE 09/10. ENVOI DU 08/10. Message qui reconnait d entree que l Arabie saoudite compte plusieurs producteurs float, donc renoncement explicite au float clair ordinaire. ANGLE BATI SUR L ECHELLE : sept usines et sept procedes de transformation ne consomment pas une reference mais une GAMME, et le point difficile d une gamme n est jamais la reference rapide mais la lente, celle dont personne ne veut porter le stock. C est la que s installe une origine supplementaire. Question posee : quelles references doivent-ils attendre ou remplacer faute de les avoir en stock. Offre proposee sur Dammam ou Djeddah au choix de l usine.;ENVOYE 2026-10-08
Arabie saoudite;SA;Riyad, deuxième cité industrielle;Al Andalus Glass Factory Co.;Transformation de verre trempé, feuilleté et isolant;andalusglass.com;info@andalusglass.com;+966 11 265 0908;Deux usines et une division négoce, lignes de trempe, feuilletage et vitrage isolant. Port Dammam, envoi en arabe. Relance courte le 06/10, lot 3.;RELANCE 2026-10-06
Arabie saoudite;SA;Riyad, deuxième cité industrielle;Glasshouse Company Ltd.;Transformation de vitrage isolant sur mesure;glasshouse.com.sa;;+966 11 498 5959;Site de 10468 m² et deux lignes de production, près de 200000 m² de verre par an annoncés. Pas d adresse publiee : appeler. Port Dammam. FUSION DU 08/10, detectee par un balayage systematique du registre : 1 fiche(s) en double pour la meme societe (Glass House Company Ltd) ont ete neutralisees. VERIFIE LE 08/10, ADRESSE OBFUSQUEE sur leur page de contact : reste un dossier telephonique, mais bien mieux documente. Ligne principale +966 11 498 5959, implantation DEUXIEME CITE INDUSTRIELLE DE RIYAD, ce qui confirme la fiche. QUATRE INTERLOCUTEURS NOMMES AVEC FONCTION PUBLIEE, service Marketing et Ventes, specifications et support technique : Mahmoud Ali, Ittefakhusen Shekh, Abdallah Ibrahim et Tayseer Altaqatqa. Reserve du paragraphe 5 a tenir : la fonction est verifiee mais c est la VENTE et non l achat, donc ces noms servent a passer le standard, pas a ecrire comme si l un d eux achetait. NUMEROS CONTRADICTOIRES ENTRE L ACCUEIL ET LA PAGE CONTACT pour les memes personnes, exemple Mahmoud Ali en +966 54 344 9684 sur l accueil et +966 50 771 3392 sur la page contact : essayer les deux. HORAIRES RELEVES, utiles pour le creneau de Paris : samedi 7h30-13h30, dimanche a jeudi 7h30-16h30, vendredi ferme. Prochaine action : appel sur la ligne principale, demander les achats. TESTEE LE 08/10 PAR LA METHODE DU PARAGRAPHE 13 : le champ e-mail de leur page de contact ne rend qu un gabarit, aucune adresse lisible. MAIS LE TEST DONNE MIEUX QU UNE ADRESSE GENERALE : leur page de contact distingue une ligne de DIRECTION, +966 11 498 5959, et des contacts MARKETING ET VENTES separes pour les specifications et le support technique, chacun avec son MOBILE. Un mobile de commercial est un canal WhatsApp, et c est le bon chemin ici. Riyad, deuxieme cite industrielle. HORAIRES, ET ILS CHANGENT LE JOUR OU APPELER : dimanche a jeudi 7h30-16h30, samedi 7h30-13h30, VENDREDI FERME. Pages indexees depuis environ 295 jours. Reste en appel, priorite relevee.;A APPELER
Arabie saoudite;SA;Riyad, troisième cité industrielle;Almanco Factory;Fabrication de façades aluminium et verre;almanco.com;info@almanco.com;+966 11 265 0065;Branche industrielle d'Almanee disposant d'une usine de façades, cibler vitrages de contrôle solaire. Port Dammam, envoi en arabe. Relance courte le 06/10, lot 3. A VERIFIER AU TELEPHONE, releve le 08/10 : cette fiche partage le numero +966 11 265 0065 avec la fiche Al-Manna. Soit la meme societe sous deux raisons sociales, soit un standard commun. NON FUSIONNEES faute de certitude : les noms sont trop differents pour trancher sans appeler. Appeler une seule fois et clarifier avant tout nouvel envoi, pour ne pas ecrire deux fois a la meme maison. IDENTITE CLARIFIEE LE 08/10 : Almanco, ou Almanee Aluminium & Glass Factory, est une societe DISTINCTE de Manna Glass Group, malgre la proximite des noms. Issue de la famille Almanee, activite dans les materiaux de construction depuis 1971, boite postale 5795, troisieme cite industrielle de Riyad. Le numero +966 11 265 0065 qui figurait aussi sur la fiche Al-Manna est bien le leur. Autres numeros selon les annuaires, +966 11 229 4433 pour l usine et 00966 11 217 7779 pour un showroom : a confirmer sur leur site officiel avant d appeler. Leur adresse info arobase almanco.com est bien celle de leur site officiel.;RELANCE 2026-10-06
Arabie saoudite;SA;Riyad, zone industrielle Al Kharj Road;Alqasr Glass and Aluminum Factory;Transformation et distribution de verre architectural;alqasrglass.com;info@alqasrglass.com;+966 11 499 7777;Implantations à Riyad, Djeddah, Qassim, Dammam et Médine, cibler miroir et verre architectural. Port Dammam, envoi en arabe. Relance courte le 06/10, lot 3.;RELANCE 2026-10-06
Arabie saoudite;SA;Riyad;Al Ashoury Glass;Département verre depuis 1988, 5 agences;alashoury-glass.com;info@alshoury-industry.com;;Réseau national, profil négociant-transformateur. Adresse trouvee le 05/10. DOMAINE INEXISTANT alshoury-industry.com (rebond 05/10). Le vrai domaine du registre est alashoury-glass.com : l'adresse venait d'un extrait de recherche errone. CONTROLE MX DU 07/10 : le domaine alshoury-industry.com ne resout pas (NXDOMAIN), l adresse info@alshoury-industry.com ne peut pas recevoir. Adresse retiree du registre. Passer par le telephone. FICHE RESSUSCITEE LE 08/10, ET LE REBOND EST EXPLIQUE PAR UNE SUBTILITE D ORTHOGRAPHE. La fiche etait en ADRESSE INVALIDE. Leur site, dans ses deux versions anglaise et arabe, publie info arobase alSHOURY-industry.com — noter la difference : le domaine du mail est alSHOURY, sans le deuxieme A, et il designe INDUSTRY et non GLASS, alors que le site est alASHOURY-glass.com. Une adresse reconstruite sur le domaine du site ne pouvait donc que rebondir. EXCEPTION DU PARAGRAPHE 5 : domaine du mail different du domaine du site, envoi autorise uniquement parce que la societe publie elle-meme cette adresse, sur ses deux pages de langue. L entite industry est vraisemblablement la maison mere, a eclaircir dans l echange. Telephone +966 1 265 0630, Riyad. LECON GENERALE A RETENIR POUR TOUT LE REGISTRE : un rebond sur une adresse ne veut pas dire que la societe est injoignable, il veut souvent dire que l adresse avait ete DEVINEE sur le domaine du site. Trois fiches en ADRESSE INVALIDE ont ete ressuscitees ainsi le 08/10 — MIH Group, Arkiglass et celle-ci — simplement en allant lire ce que la societe publie elle-meme. ENVOI programme le 09 ou 10/10 en anglais ou en arabe. Port Dammam. Prochaine action : envoyer.;A ENVOYER 2026-10-09
Arabie saoudite;SA;Riyad;Arabian Glass;Verrerie, activite a preciser;arabian-glass.com;info@arabian-glass.com;+966 11 499 5602;FICHE CREEE LE 08/10, adresse publiee sur leur propre site donc regle anti-rebond satisfaite. A VERIFIER AVANT TOUT ENVOI : leur activite exacte n est pas etablie, et le nom ressemble a celui d Arabian United Float Glass Company, producteur float que je viens d ajouter aux concurrents du paragraphe 6. Si Arabian Glass produit du float, c est un concurrent et non un prospect. Ne pas ecrire avant d avoir tranche. Second numero +966 11 499 5604. A ne pas confondre non plus avec Saudi Arabian Glass Co. ni avec Arabian Aluminium and Glass Industry, deja au registre toutes les deux.;A QUALIFIER
Arabie saoudite;SA;—;Obeikan Glass;Producteur float, 800 t/jour;;;;PRODUCTEUR DE FLOAT — concurrent, ne pas démarcher sur le float clair. PRODUCTEUR DE FLOAT saoudien : concurrent, pas prospect.;NE PAS DEMARCHER
Argentine;AR;Capilla del Señor, Buenos Aires;Herramaq Argentina;Production et negoce de verre plat pour la construction, plus de 30 ans;herramaq.com.ar;;+54 2323 473460;Transformateur verre plat trempe 4 a 19 mm. Adresse email trouvee mais sur un domaine different du site : appeler pour confirmer. Port Buenos Aires. BALAYAGE DU 08/10 : FICHE NON TESTEE, ET C EST UN CHOIX. La methode de deverrouillage a ete appliquee a l ensemble des fiches verrouillees de la journee, sauf celles-ci, pour une raison de priorite et non d oubli. La carte des marches etablie le 08/10 a 14h35 declasse ce marche : soit il produit son propre float a bas cout, soit il releve de l Europe ou le paragraphe 6 interdit la nouvelle prospection et ou le conteneur n est de toute facon pas le bon mode de livraison. La fiche reste donc verrouillee volontairement. A reprendre si le marche remonte dans les priorites, et la methode est ecrite au paragraphe 13 : recherche large sur le nom avec annuaires et courtiers bloques pour trouver le domaine propre, puis recherche restreinte a ce domaine.;A APPELER
Argentine;AR;Lomas del Mirador, Buenos Aires;Unionglass;Decoupe et optimisation de verre national ET IMPORTE;unionglass.com.ar;ventas@unionglass.com.ar;;Se declare sur le verre national et importe : profil importateur confirme. Port Buenos Aires, envoi en espagnol. Relance courte le 06/10 : une seule question posee (la reference et l'epaisseur la plus achetee) contre un prix ferme sous 48h, et sortie offerte en repondant non.;RELANCE 2026-10-06
Argentine;AR;Rosario (Santa Fe);Marcelo Trento S.R.L.;Distribution de verre en gros et fabrication de double vitrage, plus de 70 ans;marcelotrento.com.ar;ventas@marcelotrento.com.ar;;Grossiste historique. Port Buenos Aires ou Rosario. Envoi en espagnol. Relance 08/10, troisieme tranche. Format court a une seule question plus porte de sortie. RENONCEMENT ASSUME : l Argentine a sa production float. Angle reporte sur ce qu ils fabriquent eux-memes, le double vitrage hermetique, donc couche tendre et formats jumbo. Soixante-dix ans de distribution en gros. Envoi en espagnol.;RELANCE 2026-10-08
Arménie;AM;Erevan (Nor Nork Bagrevandi 106);Gapex;Fabrication de verre et de structures verrieres, float de 2 a 15 mm, trempe, miroirs et verre d art;gapex.am;gapex@gapex.am;+374 10 68 04 23;Armenie sans ligne float et pays enclave : transit par Poti. Trempeur donc acheteur de substrat. Gamme laquee et miroir pertinente pour leur ligne decorative. Regle anti-rebond OK : le domaine figure dans les URL de resultats. Controle MX impossible le 08/10 : resolveur DNS de la session hors service. Risque de rebond assume et surveille.;ENVOYE 2026-10-08
Arménie;AM;Erevan;Glass-Mes;Trempe du verre et negoce-importation de miroirs;;;;Repere via l annuaire Spyur, fiche 24526. Aucune adresse ni telephone publie dans les resultats : a qualifier avant tout contact. Second transformateur armenien identifie.;A QUALIFIER
Aruba;AW;Oranjestad (Barcadera);Mexim Aruba;Fenetres et portes aluminium, verre sur mesure;meximcaribbean.com;info@meximaruba.com;+297 585 0051;Marche insulaire 100 pour cent importateur, forte demande hoteliere. Port Oranjestad, envoi en anglais. Relance courte le 06/10 : une seule question posee (la reference et l'epaisseur la plus achetee) contre un prix ferme sous 48h, et sortie offerte en repondant non.;RELANCE 2026-10-06
Aruba;AW;Oranjestad;Aluglas Aruba;Fenetres, portes, clotures et portes de garage aluminium;aluglassaruba.com;info@aluglassaruba.com;;Fabricant local aluminium-verre. Port Oranjestad. Port Oranjestad, envoi en anglais. Relance courte le 06/10, lot 3.;RELANCE 2026-10-06
Australie;AU;Adélaïde;Australian Glass and Glazing;Verre et vitrage;auglass.com.au;sales@auglass.com.au;+61 8 8382 9919;Verrier d Adelaide. Port Adelaide, envoi en anglais. Relance courte le 06/10, lot 3.;RELANCE 2026-10-06
Australie;AU;Bibra Lake (Perth, Australie-Occidentale);Auxin Glass and Mirror Wholesale;Grossiste float, verre extra-clair, Low-E et feuillete;auxinglass.com.au;info@auxinglass.com.au;+61 8 9494 1703;PROFIL IDEAL : grossiste qui annonce float, extra-clair, Low-E et feuillete. Adresse info citee en resume mais le domaine auxinglass.com.au n apparait dans aucune URL de resultat : regle anti-rebond, aucun envoi. A appeler ou a retrouver. DEVERROUILLEE LE 08/10 : info arobase auxinglass.com.au est publiee sur leur page de contact, domaine identique, regle anti-rebond satisfaite, et l adresse apparait de maniere coherente sur plusieurs pages du site. Telephone 08 9378 1177, bureau 6 Lavan St, Bassendean WA 6054. Horaires 7h30-16h30 du lundi au vendredi, ferme le week-end, utile pour le creneau d appel. PROFIL : fournisseur qui DECOUPE verre et MIROIR a la demande pour entreprises, usines et constructeurs dans toute l Australie. Qui decoupe achete en feuilles, et le miroir est explicitement dans leur metier, ce qui ouvre sur notre miroir sans cuivre ni plomb. CONTEXTE AUSTRALIEN ETABLI LE 08/10 ET VERIFIE AVANT USAGE, conformement au paragraphe 6 : la DERNIERE LIGNE FLOAT D AUSTRALASIE A FERME. Precision importante, ce n est plus Viridian mais OCEANIA GLASS, nee du rachat de Viridian a CSR par Crescent Capital en 2018 puis renommee en 2019. Administrateurs Grant Thornton nommes vers fevrier 2025, aucun repreneur trouve, arret de la ligne float de Dandenong, 56 licenciements puis 95 autres annonces. Le centre de distribution de Dandenong, lui, continue le temps d une cession du reseau national. Les sources precisent que l echec a ete attribue publiquement aux importations asiatiques a bas prix et au retard de la commission anti-dumping a retablir des droits suspendus pendant la pandemie. CONSEQUENCE COMMERCIALE : tout le float consomme en Australie et en Nouvelle-Zelande est desormais importe, et la question pour l acheteur n est plus local ou importe mais quelle origine. C est un argument de fond, pas de prix. RESERVE A TENIR : la couverture date de fevrier 2025 et aucune reprise n a ete trouvee, donc dire que la ligne a ete arretee et non qu elle ne redemarrera jamais. Port Fremantle. ENVOI programme le 09/10 en anglais. Prochaine action : envoyer le 09/10. CONTRADICTION D ADRESSE RELEVEE LE 08/10, a ne pas trancher d office : la fiche porte Bibra Lake, leur page de contact donne 6 Lavan St a Bassendean. Les deux sont des banlieues de Perth mais aux antipodes l une de l autre, au sud et au nord-est. Soit la societe a demenage, soit elle a deux sites. Sans importance pour l envoi, a lever au premier echange.;A ENVOYER 2026-10-09
Australie;AU;Canning Vale (Perth, Australie-Occidentale);Walshs Glass;Principal distributeur independant de verre plat d Australie-Occidentale depuis 1971;walshsglass.com.au;sales@walshsglass.com.au;+61 8 9366 6666;198 Bannister Road. GROS DISTRIBUTEUR INDEPENDANT : cible prioritaire. Aucune adresse publiee dans les resultats : a retrouver ou a appeler. DEVERROUILLEE LE 08/10 : leur page de contact publie QUATRE adresses dediees, enquiries arobase, sales arobase, quotes arobase et tenders arobase walshsglass.com.au, domaine present dans les URL de resultats. Adresse retenue sales arobase pour le negoce, c est la ligne commandes et ventes aux professionnels. ENVOI PREVU LE 09/10, plafond du jour atteint. ATTENTION AVANT D ECRIRE : le site de Saint-Gobain Glass liste Walshs parmi ses points, ils sont donc probablement distributeurs Saint-Gobain. L angle ne peut pas etre de remplacer leur fournisseur mais de couvrir ce qu une chaine Saint-Gobain livre mal a Perth, la ou le fret depuis l Europe est de toute facon long. Se presentent comme le premier distributeur independant de verre plat d Australie-Occidentale. Argument Viridian valable : plus de production float australienne. Autres lignes, ventes 08 9366 6609, devis quotes arobase, appels d offres tenders arobase et 08 9366 6635. ENVOI DU 08/10 sur l adresse ventes, celle des commandes et des ventes aux professionnels parmi les quatre publiees. Message construit sur ce que je sais et ce que j ignore : la fermeture de Viridian est un fait, leur appartenance probable a une chaine Saint-Gobain est reconnue, et la question porte sur ce que cette chaine ne couvre pas. Angle de la distance : Perth est loin de la plupart des origines float et cela se voit sur les references lentes, celles dont personne ne veut porter le stock. Offre sur Fremantle.;ENVOYE 2026-10-08
Australie;AU;Couverture nationale;Glass House AU;Verre sur mesure, trempe, feuillete, float, miroir;glasshouseau.com;info@glasshouseau.com;;Livre Melbourne, Sydney, Adelaide, Brisbane, Perth et Gold Coast. Port au choix, envoi en anglais. Relance courte le 06/10, lot 3.;RELANCE 2026-10-06
Australie;AU;Craigieburn (Victoria);Glass Wholesale;Feuilles et blocs de verre en gros;glasswholesale.com.au;info@glasswholesale.com.au;+61 3 9969 2009;Formulaire de contact uniquement. DEVERROUILLEE LE 08/10 : info arobase glasswholesale.com.au figure dans leurs propres documents de demande de compte client, a cote du standard 03 9969 2009, domaine identique a celui du site. Raison sociale Glass Wholesale Group Pty Ltd, ACN 645 362 054. DEUX SITES : siege 56 Rushwood Drive, Craigieburn VIC 3064, et une usine ou un second site, usine 5A, 77-83 Bayfield Road East, Bayswater North VIC 3153, avec son propre numero 03 9720 6711. INDICE DE SERIEUX : ils publient un formulaire de demande de COMPTE A CREDIT, ce qui est le marqueur d un vrai distributeur de negoce et non d un detaillant. Gamme esthetique et marque Truvis a leur catalogue. CONTEXTE AUSTRALIEN ETABLI LE 08/10 ET VERIFIE AVANT USAGE, conformement au paragraphe 6 : la DERNIERE LIGNE FLOAT D AUSTRALASIE A FERME. Precision importante, ce n est plus Viridian mais OCEANIA GLASS, nee du rachat de Viridian a CSR par Crescent Capital en 2018 puis renommee en 2019. Administrateurs Grant Thornton nommes vers fevrier 2025, aucun repreneur trouve, arret de la ligne float de Dandenong, 56 licenciements puis 95 autres annonces. Le centre de distribution de Dandenong, lui, continue le temps d une cession du reseau national. Les sources precisent que l echec a ete attribue publiquement aux importations asiatiques a bas prix et au retard de la commission anti-dumping a retablir des droits suspendus pendant la pandemie. CONSEQUENCE COMMERCIALE : tout le float consomme en Australie et en Nouvelle-Zelande est desormais importe, et la question pour l acheteur n est plus local ou importe mais quelle origine. C est un argument de fond, pas de prix. RESERVE A TENIR : la couverture date de fevrier 2025 et aucune reprise n a ete trouvee, donc dire que la ligne a ete arretee et non qu elle ne redemarrera jamais. Port Melbourne. ENVOI programme le 09/10 en anglais. Prochaine action : envoyer le 09/10.;A ENVOYER 2026-10-09
Australie;AU;Dandenong (Victoria);GlassCo Australia;Fabrication, negoce, importation et decoupe de verre;glasscoaustralia.com.au;info@glasscoaustralia.com.au;+61 3 9706 5506;IMPORTATEUR DECLARE. Copie a orders@. Argument : fermeture de la float Viridian, l'Australie importe tout. Port Melbourne. Relance 08/10, troisieme tranche. Format court a une seule question plus porte de sortie. ANGLE VERIFIE : depuis la fermeture de la ligne float Viridian, l Australie importe la quasi-totalite de son verre plat. Ils fabriquent negocient importent et decoupent donc le conteneur est deja leur unite d achat et seule l origine est variable. Copie a orders.;RELANCE 2026-10-08
Australie;AU;Dandenong South (Melbourne) et Virginia (Brisbane);Glass Outlet;Depots de negoce de verre sur deux Etats;glassoutlet.com.au;salesdan@glassoutlet.com.au;;Copie a salesbris@ pour l'agence de Brisbane. Argument fermeture Viridian. Relance 08/10, troisieme tranche. Format court a une seule question plus porte de sortie. Meme angle Viridian. Depots sur deux Etats donc gamme a tenir : conteneur mixte plutot que mono-reference. Copie a l agence de Brisbane pour que l acheteur se designe.;RELANCE 2026-10-08
Australie;AU;Edwardstown (Adelaide, Australie-Meridionale);Festival Glass & Glazing;Verre architectural, transformation et decoupe a la demande depuis 1988;festivalglass.com.au;admin@festivalglass.com.au;+61 8 8277 9600;TRANSFORMATEUR : achete grand et vend petit, donc sensible au format et a la qualite optique. 27 Deloraine Rd. Adresse publiee sur le site, domaine conforme. Envoi 07/10 : angle decoupe avant mise en caisse au format qui colle a leur carnet de commandes, float et Low-E, port Adelaide.;ENVOYE 2026-10-07
Australie;AU;Gold Coast et Brisbane;Trade Glass;Fourniture et services verriers pour les professionnels;tradeglass.com.au;info@tradeglass.com.au;;Fournisseur verrier orientee negoce sur le Queensland. Port Brisbane, envoi en anglais. Relance courte le 06/10, lot 1.;RELANCE 2026-10-06
Australie;AU;Jesmond (Newcastle) NSW;TuffCo Glass;Negoce, transformation et fabrication de verre pour vitriers et industriels;tuffcoglass.com.au;sales@tuffcoglass.com.au;+61 1300 883 326;Grossiste verre plat NSW, deux sites Jesmond et Coffs Harbour, stock float et feuillete revendu aux vitriers. Port Botany (Sydney), envoi en anglais. Relance courte le 06/10 : une seule question posee (la reference et l'epaisseur la plus achetee) contre un prix ferme sous 48h, et sortie offerte en repondant non.;RELANCE 2026-10-06
Australie;AU;Malaga (Perth, Australie-Occidentale);M & S Glass;Negoce verrier, parois de douche miroirs et vitrage;msglass.net.au;sales@msglass.net.au;+61 8 9249 2497;ARGUMENT GEOGRAPHIQUE : Perth est a environ 3400 km de route des Etats de l est, donc le float domestique arrive par camion alors que le notre arrive par mer a Fremantle. Adresse publiee sur le site, domaine conforme. Envoi 07/10 : float plus miroir sans cuivre pour les parois de douche, port Fremantle.;ENVOYE 2026-10-07
Australie;AU;Malaga WA;Glass Australia Pty Ltd;Grossiste verre plat, verre decoratif et imprime;glassaustralia.com;sales@glassaustralia.com;;Grossiste national verre plat et verre imprime, 381 Victoria Road Malaga. Aucune adresse email publiee : formulaire seulement. Port Fremantle. DEVERROUILLEE LE 08/10 PAR LA METHODE DU PARAGRAPHE 13, ET C EST LA MEILLEURE FICHE NEUVE DE L APRES-MIDI. sales arobase glassaustralia.com est publiee sur leur page FAQ et leur page About Us, deux pages concordantes de leur propre domaine, regle anti-rebond satisfaite sans exception. 381 Victoria Road, Malaga, Australie-Occidentale 6090, tel 08 9248 1211 soit +61 8 9248 1211. Horaires lundi au jeudi 7h-16h30 et vendredi 7h-15h30, ferme le week-end, leurs deux pages se contredisant d une demi-heure le jeudi, sans importance. POURQUOI CETTE FICHE EST EXCELLENTE, ET TOUT EST DANS LEURS PROPRES MOTS : ils se declarent GROSSISTE de produits verriers de base, specialistes du verre imprime, ils NE VENDENT PAS AU GRAND PUBLIC, et ils NE FONT PAS DE POSE. C est donc de la distribution pure, sans chantier, exactement le profil qui raisonne au metre carre et a la rotation et pour qui un conteneur complet est l unite naturelle. Leur showroom n est la que pour voir la gamme. ET LEUR GAMME EST LA NOTRE, page par page : verre imprime, LOW EMISSIVITY, FLOAT TEINTE, MIROIR et miroir teinte. Quatre lignes sur quatre dans notre offre. ET LE MARCHE EST LE MEILLEUR DE LA ZONE : le paragraphe 6 etablit que la derniere ligne float d Australasie a ferme avec Oceania Glass, donc TOUT le float consomme en Australie est importe. Aucun producteur local a contourner, aucun argument a nuancer. Port Fremantle, a vingt kilometres. Perth est en UTC+8. Envoi en anglais. Prochaine action : envoyer le 12/10, en tete du lot avec Savima.;A ENVOYER 2026-10-12
Australie;AU;Melbourne (Tullamarine);Davis Glass;Grossiste en verre, float pour menuisiers et encadreurs;davisglass.com.au;;+61 3 9330 1200;Formulaire de contact uniquement. VERIFIE LE 08/10, AUCUNE ADRESSE PUBLIEE : leur page de contact ne propose qu un formulaire, et je ne devine pas une adresse. Reste un dossier telephonique, 03 9330 1200. Adresse 156 Melrose Drive, Tullamarine VIC 3043. PROFIL : grossiste de Melbourne qui annonce des prix de negoce competitifs et fournit les corps de metier et les detaillants, avec des pages dediees aux poseurs, agenceurs, fabricants de fenetres et portes, fabricants de parois de douche, encadreurs et double vitrage. RESERVE A GARDER : leur zone de livraison annoncee est Melbourne et le Victoria rural, donc un distributeur regional et non national. CONTEXTE AUSTRALIEN ETABLI LE 08/10 ET VERIFIE AVANT USAGE, conformement au paragraphe 6 : la DERNIERE LIGNE FLOAT D AUSTRALASIE A FERME. Precision importante, ce n est plus Viridian mais OCEANIA GLASS, nee du rachat de Viridian a CSR par Crescent Capital en 2018 puis renommee en 2019. Administrateurs Grant Thornton nommes vers fevrier 2025, aucun repreneur trouve, arret de la ligne float de Dandenong, 56 licenciements puis 95 autres annonces. Le centre de distribution de Dandenong, lui, continue le temps d une cession du reseau national. Les sources precisent que l echec a ete attribue publiquement aux importations asiatiques a bas prix et au retard de la commission anti-dumping a retablir des droits suspendus pendant la pandemie. CONSEQUENCE COMMERCIALE : tout le float consomme en Australie et en Nouvelle-Zelande est desormais importe, et la question pour l acheteur n est plus local ou importe mais quelle origine. C est un argument de fond, pas de prix. RESERVE A TENIR : la couverture date de fevrier 2025 et aucune reprise n a ete trouvee, donc dire que la ligne a ete arretee et non qu elle ne redemarrera jamais. Prochaine action : appel. TESTEE LE 08/10 PAR LA METHODE DU PARAGRAPHE 13 : aucune adresse publiee sur davisglass.com.au, seulement le (03) 9330 1200 et le 156 Melrose Drive, Tullamarine, Victoria 3043. Leur site se presente comme GROSSISTE de Melbourne et sert verriers, fabricants de fenetres et portes, agenceurs de magasins et encadreurs, avec trempe, miroir et double vitrage en gamme, livraison dans tout Melbourne et la Victoria rurale. Profil grossiste confirme, la fiche garde donc sa valeur malgre l absence d adresse. Reste en appel.;A APPELER
Australie;AU;Melbourne;Multiglass & Cladding;Grossiste et distributeur de verre plat;multiglass.com.au;info@multiglass.com.au;;Plus de quarante ans de negoce. Feuillete verre imprime float et Low-E. Profil de grossiste national, achete en volume. Port Melbourne. Aucune adresse email publiee : a appeler. DEVERROUILLEE LE 08/10 : info arobase multiglass.com.au est publiee sur leur site, domaine identique, regle anti-rebond satisfaite. Aucun telephone publie dans les resultats. PROFIL IDEAL SUR LE PAPIER : GROSSISTE ET DISTRIBUTEUR DE VERRE PLAT a Melbourne, plus de quarante ans de metier, gamme feuillete, imprime, float et low-e. MAIS UNE RESERVE MAJEURE A NE PAS CACHER : ils sont AGENT AUSTRALIEN DE SYP, un producteur float chinois, et fournissent des vitrages isolants et du verre architectural transforme a ce titre. Ils ne sont donc pas sans fournisseur, ils sont engages avec un verrier float. L angle ne peut pas etre le remplacement : un contrat d agent couvre une gamme donnee, et l ouverture est ce que cette gamme ne couvre pas bien, extra-clair, low-e europeen, miroir sans cuivre ni plomb. CONTEXTE AUSTRALIEN ETABLI LE 08/10 ET VERIFIE AVANT USAGE, conformement au paragraphe 6 : la DERNIERE LIGNE FLOAT D AUSTRALASIE A FERME. Precision importante, ce n est plus Viridian mais OCEANIA GLASS, nee du rachat de Viridian a CSR par Crescent Capital en 2018 puis renommee en 2019. Administrateurs Grant Thornton nommes vers fevrier 2025, aucun repreneur trouve, arret de la ligne float de Dandenong, 56 licenciements puis 95 autres annonces. Le centre de distribution de Dandenong, lui, continue le temps d une cession du reseau national. Les sources precisent que l echec a ete attribue publiquement aux importations asiatiques a bas prix et au retard de la commission anti-dumping a retablir des droits suspendus pendant la pandemie. CONSEQUENCE COMMERCIALE : tout le float consomme en Australie et en Nouvelle-Zelande est desormais importe, et la question pour l acheteur n est plus local ou importe mais quelle origine. C est un argument de fond, pas de prix. RESERVE A TENIR : la couverture date de fevrier 2025 et aucune reprise n a ete trouvee, donc dire que la ligne a ete arretee et non qu elle ne redemarrera jamais. Port Melbourne. ENVOI programme le 09/10 en anglais, avec cet angle et sans pretendre ignorer le lien SYP. Prochaine action : envoyer le 09/10.;A ENVOYER 2026-10-09
Australie;AU;Perth (Australie-Occidentale);Boyce Western Glass;Grossiste et detaillant, stock de verre imprime plat et feuillete, 26 ans;bwglass.com;bwglass@westnet.com.au;+61 8 9454 8546;STOCKISTE donc achat de reconstitution. Adresse en westnet.com.au alors que le site est bwglass.com : publiee par la societe sur son propre site, notee au titre de la regle anti-rebond. Envoi 07/10 : float plus miroir sans cuivre plus verre laque, chargements mixtes pour trois ou quatre references en une caisse, port Fremantle.;ENVOYE 2026-10-07
Australie;AU;Perth (Australie-Occidentale);Tough Glass;Trempe, feuillete, verre decoratif et de performance;toughglass.com.au;info@toughglass.com.au;+61 8 6400 2000;Argument fermeture Viridian. Port Fremantle.;ENVOYE 2026-10-05
Australie;AU;Sydney (Bankstown);Sydney Glass;Vente de verre en gros et en volume, float en stock;sydneyglass.com;sydneyglass@sydneyglass.com;+61 2 9790 2830;Capacite float australienne reduite : part croissante du marche importee. ACCUSE AUTOMATIQUE 06/10 15h06 : traite par leur Sales and Service Team. Message arrive au bon endroit.;ENVOYE 2026-10-06
Australie;AU;Wangara (Perth, Australie-Occidentale);Glass Processing Australia;Trempe feuillete float miroirs et verre decoratif pour les vitriers de l Etat;glassprocessing.com.au;sales@glassprocessing.com.au;+61 8 9302 4336;Transformateur fournissant le negoce de tout l Etat. Aucune adresse publiee : a appeler. DEVERROUILLEE LE 08/10 : sales arobase glassprocessing.com.au est publiee sur leur page de contact, domaine identique a celui du site, regle anti-rebond satisfaite. Standard commercial 08 9302 4336. Adresse 56 Triumph Avenue, Wangara, WA 6065. PROFIL CONFIRME PAR LEUR PAGE A PROPOS, et c est exactement notre client : FOURNISSEUR DE NEGOCE, ils approvisionnent les vitriers et les professionnels de toute l Australie-Occidentale depuis 1989 en trempe, feuillete, FLOAT, miroir et verre decoratif. Ils renvoient eux-memes vers leur equipe commerciale pour obtenir une liste de prix de negoce, donc la demande de references et de volumes est dans leurs habitudes. CONTEXTE AUSTRALIEN ETABLI LE 08/10 ET VERIFIE AVANT USAGE, conformement au paragraphe 6 : la DERNIERE LIGNE FLOAT D AUSTRALASIE A FERME. Precision importante, ce n est plus Viridian mais OCEANIA GLASS, nee du rachat de Viridian a CSR par Crescent Capital en 2018 puis renommee en 2019. Administrateurs Grant Thornton nommes vers fevrier 2025, aucun repreneur trouve, arret de la ligne float de Dandenong, 56 licenciements puis 95 autres annonces. Le centre de distribution de Dandenong, lui, continue le temps d une cession du reseau national. Les sources precisent que l echec a ete attribue publiquement aux importations asiatiques a bas prix et au retard de la commission anti-dumping a retablir des droits suspendus pendant la pandemie. CONSEQUENCE COMMERCIALE : tout le float consomme en Australie et en Nouvelle-Zelande est desormais importe, et la question pour l acheteur n est plus local ou importe mais quelle origine. C est un argument de fond, pas de prix. RESERVE A TENIR : la couverture date de fevrier 2025 et aucune reprise n a ete trouvee, donc dire que la ligne a ete arretee et non qu elle ne redemarrera jamais. Port Fremantle. ENVOI programme le 09/10 en anglais. Prochaine action : envoyer le 09/10.;A ENVOYER 2026-10-09
Australie;AU;Wetherill Park (Sydney);V&N Glass;Fabrication et transformation de verre sur mesure;vnglass.com.au;sales@vnglass.com.au;;Argument fermeture Viridian. Port Botany.;ENVOYE 2026-10-05
Australie;AU;Woodville North (Adelaide, Australie-Meridionale);KOMO;Grossiste verre et quincaillerie, depots a Adelaide et Melbourne;komo.com.au;info@komo.com.au;+61 8 7120 7246;47 Burleigh Ave. Deux depots donc du stock. Adresse masquee par l annuaire : a appeler. DEVERROUILLEE LE 08/10, AVEC TROIS ADRESSES ET C EST UN AVANTAGE. info arobase komo.com.au est publiee sur leur page de contact et sur leur page Adelaide, domaine identique, regle anti-rebond satisfaite. DEUX ADRESSES COMMERCIALES REGIONALES a garder en reserve si l adresse generale ne repond pas : sales.sa arobase komo.com.au pour l Australie-Meridionale, bureau 47 Burleigh Ave, Woodville North SA 5012, telephone 08 7120 7246, et sales.vic arobase komo.com.au pour le Victoria, Unit 15, 43-63 Princes Highway, Dandenong South VIC 3175, telephone 03 9969 2970. Numero de rue contradictoire selon les pages, 42-63 sur l accueil : sans importance pour un envoi. PROFIL : fournisseur de NEGOCE en verre et quincaillerie, parois de douche, sans cadre, panneaux cintres 12 mm, implante a Adelaide et a Melbourne. Le cintre et le sans-cadre consomment du trempe epais, donc du substrat epais. CONTEXTE AUSTRALIEN ETABLI LE 08/10 ET VERIFIE AVANT USAGE, conformement au paragraphe 6 : la DERNIERE LIGNE FLOAT D AUSTRALASIE A FERME. Precision importante, ce n est plus Viridian mais OCEANIA GLASS, nee du rachat de Viridian a CSR par Crescent Capital en 2018 puis renommee en 2019. Administrateurs Grant Thornton nommes vers fevrier 2025, aucun repreneur trouve, arret de la ligne float de Dandenong, 56 licenciements puis 95 autres annonces. Le centre de distribution de Dandenong, lui, continue le temps d une cession du reseau national. Les sources precisent que l echec a ete attribue publiquement aux importations asiatiques a bas prix et au retard de la commission anti-dumping a retablir des droits suspendus pendant la pandemie. CONSEQUENCE COMMERCIALE : tout le float consomme en Australie et en Nouvelle-Zelande est desormais importe, et la question pour l acheteur n est plus local ou importe mais quelle origine. C est un argument de fond, pas de prix. RESERVE A TENIR : la couverture date de fevrier 2025 et aucune reprise n a ete trouvee, donc dire que la ligne a ete arretee et non qu elle ne redemarrera jamais. Ports Melbourne ou Adelaide selon le site. ENVOI programme le 09/10 en anglais. Prochaine action : envoyer le 09/10.;A ENVOYER 2026-10-09
Autriche;AT;Linz;Glas-Khemeter;Façonnage de verre plat et vitrerie;glaserei-linz.at;office@glaskhemeter.at;;Pays enclave : transit par Hambourg, Koper ou Rijeka. Envoi en allemand. Relance 07/10 sans signature, une seule question sur les plus gros volumes annuels, porte de sortie. Relance tres courte avec proposition de passer a l allemand ou au francais. Le Low-E vaut plus en marche alpin qu ailleurs.;RELANCE 2026-10-07
Azerbaïdjan;AZ;Bakou;Glass House LLC;Negoce et transformation de verre;glasshouse.az;office@glasshouse.az;;Zarife Aliyeva 55 Bakou. Pays sans acces maritime ouvert : transit via Poti puis route. Envoi en anglais. Relance courte le 06/10, lot 1.;RELANCE 2026-10-06
Azerbaïdjan;AZ;Bakou;Glasstech;Transformation de verre et facades;glasstech.az;info@glasstech.az;;Transformateur verre Bakou. Pays sans acces maritime ouvert : transit via Poti puis route. Envoi en anglais. Relance courte le 06/10, lot 3.;RELANCE 2026-10-06
Bahamas;BS;Nassau (Carmichael Road);Glass Suppliers & Installers Ltd;Fourniture et pose de verre;gsibahamas.com;;;DOUBLON de la fiche Glass Suppliers & Installers Ltd du meme pays, neutralisee le 08/10. Ne pas demarcher depuis cette ligne. TESTEE LE 08/10 PAR LA METHODE DU PARAGRAPHE 13, SANS RESULTAT : ni la recherche restreinte a gsibahamas.com ni une recherche large ne remontent quoi que ce soit. Domaine non indexe. A requalifier avant tout effort : verifier au telephone que la societe existe sous ce nom.;NE PAS DEMARCHER
Bahamas;BS;Nassau (Carmichael Road);Glass Suppliers & Installers Ltd;Vitrage anti-cyclone fenetres a impact;gsibahamas.com;;+1 242 341 2048;Reperee le 08/10 en verifiant Nassau Glass. Fenetres a impact anti-cyclone, donc consommatrice de feuillete, exactement notre gamme technique. ADRESSE larada arobase gsibahamas.com ECARTEE : relevee sur leur page Facebook et non sur un site de la societe, regle anti-rebond du paragraphe 5 non satisfaite. La page etait de plus marquee fermee au moment du releve : verifier l activite avant tout effort. FUSION DU 08/10 : DOUBLON QUE J AI CREE MOI-MEME le jour meme. En consignant une trouvaille des Bahamas je n ai pas grepe ce nom avant de creer la fiche, alors qu il figurait deja au registre. C est la TROISIEME occurrence du meme defaut dans la journee apres Shibaam Uganda et Mirror King Udhyog, mais la seule sans consequence puisque aucun message n est parti. La regle vaut donc aussi pour la CREATION d une fiche et pas seulement pour l envoi : greper chaque nom rendu par la recherche, un par un, avant d ecrire quoi que ce soit dans le registre. TESTEE LE 08/10 PAR LA METHODE DU PARAGRAPHE 13, SANS RESULTAT : ni la recherche restreinte a gsibahamas.com ni une recherche large ne remontent quoi que ce soit. Domaine non indexe. A requalifier avant tout effort : verifier au telephone que la societe existe sous ce nom.;A QUALIFIER
Bahamas;BS;Nassau;Nassau Glass Company / Bahamas Aluminum Manufacturing;Premiere verrerie des Bahamas et premier fabricant local de menuiserie aluminium;nassauglass.com;;+1 242 603 5521;Le plus gros du pays avec sa societe soeur Bahamas Aluminum. Aucune adresse email publiee : a rappeler. Port Nassau. Fondee en 1959, premiere et plus grosse maison de verre des Bahamas. 46 Mackey Street Nassau. Second numero 242 603 5521. Aucune adresse email publiee, seules des bases de donnees payantes en proposent : a appeler. VERIFIE LE 08/10, TOUJOURS SANS ADRESSE. Leur site ne publie que des telephones, +1 242 603 5521 et +1 242 393 8165, et une section contact qui nomme Andrew Rogers sans adresse. Fax contradictoire selon les sources, 242 603 5531 sur le site contre 242 393 4477 dans un annuaire. Adresse 46 Mackey Street Nassau, boite postale SS-6398. Reste un dossier telephonique. La societe soeur Bahamas Aluminum Manufacturing fabrique fenetres portes et garde-corps aluminium, donc consommatrice de vitrage : demander les deux services au meme appel. FAIT DECISIF TROUVE LE 08/10, ET IL DECLASSE LA FICHE : LA SOCIETE EST A VENDRE. Leur propre page sur les cabines de douche invite le lecteur a DEVENIR LE PROPRIETAIRE de la societe fondee en 1959 et renvoie vers Andrew Rogers. Andrew Rogers, que la fiche citait comme contact sans fonction, est donc tres probablement le VENDEUR et non un acheteur. Un patron qui cede sa maison n engage pas un approvisionnement par conteneur : il reduit ses stocks et ses engagements. Insister serait perdre du temps, et pire, se presenter en fournisseur a quelqu un qui prepare une sortie. RENSEIGNEMENT DE MARCHE A GARDER : la premiere et plus grosse maison de verre des Bahamas change de mains. Le repreneur, lui, aura besoin d une ligne d approvisionnement, et c est a ce moment-la qu il faudra se presenter. A reconsiderer dans six mois. Coordonnees completees : #46 Mackey Street en haut de la cote, a environ huit cents metres au sud du pont de Paradise Island. Deux lignes locales 242-603-5521 et 242-393-8165, fax 242-603-5531, et une LIGNE INTERNATIONALE 313-556-1322 — indicatif de Detroit, donc probablement un renvoi americain, ce qui est coherent avec une societe qui cherche un repreneur etranger. Aucune adresse e-mail publiee, verifie cette fois avec la bonne methode. PROCHAINE ACTION : retiree de la liste des appels prioritaires. A revoir au printemps 2027.;A QUALIFIER
Bahamas;BS;Nassau;Shutter Up Glass & Aluminum;Volets verre et aluminium;;;+1 242 422 3926;Reperee le 08/10. ADRESSE info arobase shutterup242.com ECARTEE : relevee sur une page tierce de revendeur de moustiquaires et non sur un site de la societe. Regle anti-rebond non satisfaite. Profil volets plutot que negoce verrier : priorite basse, a qualifier.;A QUALIFIER
Bahreïn;BH;Al Hidd (BIIP);Glasstech Industries B.S.C;Trempe, CNC, bombe, isolant, lamination, impression numerique;glasstechgulf.com;sales@glasstechgulf.com;+973 1746 4418;GROS TRANSFORMATEUR : le principal processeur du Bahrein. Relance courte le 06/10 : une seule question posee (la reference et l'epaisseur la plus achetee) contre un prix ferme sous 48h, et sortie offerte en repondant non.;RELANCE 2026-10-06
Bahreïn;BH;Al Hidd;Bahrain Prism Glass Factory WLL;Transformation architecturale : trempe, double vitrage, feuilleté, sérigraphie, sablage;prismbahrain.com;;+973 1746 4000;Transformateur complet, zone portuaire de Hidd. ADRESSE REBONDIE : rappeler au +973 1746 4000. CONTROLE MX DU 07/10 : le domaine prismbahrain.com ne resout pas (NXDOMAIN), l adresse info@prismbahrain.com ne peut pas recevoir. Adresse retiree du registre. Passer par le telephone. VERIFIE LE 08/10, RESULTAT NEGATIF : ni la recherche restreinte au domaine prismbahrain.com ni la recherche large sur le nom ne rendent de resultat. Le domaine inscrit dans la fiche n est plus indexe. La fiche ne porte pas de telephone, elle n est donc ni envoyable ni appelable en l etat. A REQUALIFIER : retrouver la raison sociale exacte, le mot Prism etant tres repandu. Prochaine action : requalifier ou declasser. TESTEE LE 08/10 PAR LA METHODE DU PARAGRAPHE 13, SANS RESULTAT : ni la recherche restreinte a prismbahrain.com ni une recherche large sur les deux formes du nom ne remontent quoi que ce soit. Domaine non indexe. A requalifier avant tout effort.;A QUALIFIER
Bahreïn;BH;Hidd, zone industrielle;Shafiq Glass & Art Frames Center W.L.L.;Fabrication de verre architectural et systèmes aluminium;shafiqglass.com;info@shafiqglass.com;+973 1773 2091;Deux sites industriels totalisant 10700 m² et plus de 200 professionnels annoncés. Port Khalifa Bin Salman, envoi en arabe. Relance courte le 06/10, lot 3.;RELANCE 2026-10-06
Bahreïn;BH;Salmabad (usine et siege), Hidd et Hamala;City Glasses B.S.C.;Transformation architecturale, trempe plat et bombe, verre coupe-feu;cityglassbh.com;info@cityglassbh.com;;Un des premiers transformateurs de Bahrein, trois sites. Aucune adresse publiee. DEVERROUILLEE LE 08/10 PAR UNE METHODE EN DEUX TEMPS, ET CELLE-LA EST NOUVELLE. Cette fiche n avait AUCUN site, donc la recherche restreinte au domaine etait impossible. Premier temps : une recherche large sur le nom avec les annuaires et les courtiers bloques a fait remonter leur domaine propre, cityglassbh.com. Second temps : la recherche restreinte a ce domaine a rendu l adresse, info arobase cityglassbh.com, publiee sur la page du message du directeur general. Regle anti-rebond satisfaite. LA METHODE S APPLIQUE DONC AUSSI AUX FICHES SANS SITE, ce qui ouvre le gisement bien au-dela des 102 fiches qui en avaient un. Telephone +973 17 874492. NOM : la societe signe City Glass sur son propre site, les annuaires l appellent City Glasses B.S.C. , c est la meme maison. Creee en 2004, elle se presente comme transformateur bahreini de verre architectural et modulaire. TROIS SITES CONFIRMES PAR LEUR PAGE DE CONTACT, ce qui corrige et precise la fiche : usine verriere et siege commercial a SALMABAD, seconde usine verriere a HIDD, usine ALUMINIUM a HAMALA. Hidd est dans le gouvernorat de Muharraq, ce qui explique la mention Muharraq de la fiche. Adresses contradictoires selon les annuaires, Salmabad bloc 704 batiment 1861 route 433 d un cote, Isa Town de l autre : sans importance pour un envoi. ENVOI programme le 09 ou 10/10 en anglais ou en arabe. Port Khalifa Bin Salman. Prochaine action : envoyer.;A ENVOYER 2026-10-09
Bahreïn;BH;Salmabad (zone industrielle);Metular Glass;Verre et aluminium, usine creee en 2016;metularglass.com;metularglassofficial@gmail.com;;Aucune adresse publiee. Adresse publiee sur le site.;ENVOYE 2026-10-06
Bahreïn;BH;Salmabad;Abdulla Khamees Glass & Mirrors;Verre et miroiterie;abdullakhameesglass.net;abdullakhameesglass@gmail.com;+973 1778 4554;Miroitier établi. Relance courte le 06/10, lot 3.;RELANCE 2026-10-06
Bangladesh;BD;Dhaka (Baridhara);Nasir Float Glass Industries Ltd;Production et negoce de verre float;nasirgroup.com.bd;;;Groupe Nasir, float local et negoce. Aucune adresse email publiee trouvee : a rappeler. Port Chattogram. RECLASSEE LE 08/10 EN CONCURRENT, ET CETTE FICHE N AURAIT JAMAIS DU ETRE UNE CIBLE. Verification faite avant tout contact, conformement au paragraphe 6 : Nasir Float Glass Industries Limited est un PRODUCTEUR DE FLOAT, le premier de l histoire du Bangladesh, en service depuis 2005, et il annonce environ 55 pour cent du marche local. Complexe float multi-fonctions a Dubail, Delduar, Natiapara, Tangail, siege 85 Suhrawardi Avenue Baridhara a Dhaka, centrale gaz de 7,5 MW sur site. Branche du groupe Nasir, conglomerat bangladais fonde en 1977. Normes revendiquees GB11614-1999, GB/T 18701-2002 et JIS R3202, donc un outil calibre sur les standards chinois et japonais. Le nom de la societe le disait deja : float dans la raison sociale appelle une verification avant d ouvrir une fiche, pas apres. CONSEQUENCE POUR LE MARCHE : avec Nasir et PHP Float Glass, le Bangladesh produit son propre float. Aucun message a destination de ce pays ne doit affirmer l absence de production locale. A ajouter a la liste des producteurs float du paragraphe 6. Prochaine action : aucune.;NE PAS DEMARCHER
Bangladesh;BD;Dhaka (Gulshan);New Thai Aluminium & Glass Co. Ltd;Import, distribution et fabrication de verre et aluminium pour le batiment;tagbd.com;info@tagbd.com;+880 2 8853433;Importateur-distributeur historique verre et aluminium, Hosna Center Gulshan Avenue. Port Chattogram, envoi en anglais. Relance courte le 06/10 : une seule question posee (la reference et l'epaisseur la plus achetee) contre un prix ferme sous 48h, et sortie offerte en repondant non. CONTROLE MX DU 07/10 : le domaine tagbd.com n a aucun enregistrement MX, seulement un A. Livraison incertaine. Ne pas inclure dans un lot groupe : tester seul et surveiller le rebond.;RELANCE 2026-10-06
Bangladesh;BD;Dhaka (Kakrail);PHP Float Glass Industries Ltd;Producteur et exportateur de float;;;+880 2 831 4674;PRODUCTEUR DE FLOAT : concurrent.;NE PAS DEMARCHER
Bangladesh;BD;Dhaka (Tejgaon Industrial Area);The Bengal Glass Works Limited;Verrerie;;;;A qualifier : verifier s'il s'agit de verre plat ou de verre creux.;A QUALIFIER
Barbade;BB;Barbade;Jubilee Suppliers Ltd;Verre, miroirs et amenagement depuis plus de 35 ans;;hatch.jubileesuppliers@gmail.com;;Reference du verre et du miroir a la Barbade. Aucune adresse email publiee : a rappeler. Port Bridgetown. Adresse trouvee le 05/10. Argument conteneur mixte multi-references pour une ile. Relance 08/10, deuxieme tranche, format court a une seule question plus porte de sortie. Delivrabilite deja prouvee par l envoi du debut octobre. Angle gamme : trente-cinq ans de verre miroir et agencement signifient une gamme a tenir et non un produit, donc conteneur mixte. Port Bridgetown.;RELANCE 2026-10-08
Barbade;BB;Black Rock (St. Michael, Deacons Road);Odoll's Aluminum & Glass (1986) Ltd;Fenetres en gros et fabrication aluminium-verre;;;+1 246 424 7833;Adresse masquee par l'annuaire. Port Bridgetown. Precision du 07/10 : plus de 35 ans de revente, pose et fabrication de fenetres et portes. Port Bridgetown.;A APPELER
Barbade;BB;Bridgetown (Harbour Industrial Park);Oran Limited;Fenetres et portes aluminium et PVC, residentiel et commercial;oranltd.com;info@oranltd.com;+1 246 436 6863;Fabricant menuiserie alu-PVC sur le parc industriel du port. Aucune adresse email publiee : a rappeler. Port Bridgetown. Fabricant de menuiseries alu et PVC et de volets anti-cyclone, Harbour Industrial Park Bridgetown. Angle retenu : le feuillete anti-cyclone, ou l'achat au coup par coup coute cher sur une ile. Port Bridgetown. Mini-mail sur mesure EN. Relance courte le 06/10, lot 3. FUSION DU 08/10, detectee par un balayage systematique du registre : 1 fiche(s) en double pour la meme societe (Oran Ltd) ont ete neutralisees.;RELANCE 2026-10-06
Barbade;BB;Bridgetown (Harbour Industrial Park);Oran Ltd;Menuiseries aluminium et PVC, fenetres et portes;;;;DOUBLON de la fiche Oran Limited du meme pays, neutralisee le 08/10 lors du balayage systematique du registre. Ne pas demarcher depuis cette ligne.;NE PAS DEMARCHER
Barbade;BB;Bridgetown (Roebuck Street);Glassesco Hardware;Specialiste verre et miroir, quincaillerie;;;+1 246 427 3060;132-133 Roebuck Street St. Michael. Se presente comme le specialiste verre et miroir de l ile. Aucune adresse publiee : a appeler. Port Bridgetown.;A APPELER
Belgique;BE;Eernegem (Flandre-Occidentale);Glashandel Lievens;Negoce de verre depuis 1980;glaslievens.be;info@glaslievens.be;+32 59 29 95 77;Miroirs, parois de douche, coupoles. Port Anvers ou Zeebruges, envoi en neerlandais. Relance 07/10 sans signature, message court a une seule question : quelles references et epaisseurs au plus gros volume annuel. Porte de sortie proposee. Relance en francais. Angle negociant qui tient du stock et le reconstitue, profil conteneur par nature. Europe donc relance autorisee, pas de nouvelle prospection.;RELANCE 2026-10-07
Belgique;BE;Ekeren (Anvers);Lauryssens Glas;Grossiste verrier independant;lauryssens.be;;+32 3 660 13 87;Leugenberg 208. Grossiste independant servant entreprises et particuliers. Seule une adresse comptable est publiee : appeler le service commercial. BALAYAGE DU 08/10 : FICHE NON TESTEE, ET C EST UN CHOIX. La methode de deverrouillage a ete appliquee a l ensemble des fiches verrouillees de la journee, sauf celles-ci, pour une raison de priorite et non d oubli. La carte des marches etablie le 08/10 a 14h35 declasse ce marche : soit il produit son propre float a bas cout, soit il releve de l Europe ou le paragraphe 6 interdit la nouvelle prospection et ou le conteneur n est de toute facon pas le bon mode de livraison. La fiche reste donc verrouillee volontairement. A reprendre si le marche remonte dans les priorites, et la methode est ecrite au paragraphe 13 : recherche large sur le nom avec annuaires et courtiers bloques pour trouver le domaine propre, puis recherche restreinte a ce domaine.;A APPELER
Belize;BZ;Spanish Lookout et Santa Elena;All Season Glass Shop;Portes et fenetres verre, vitrerie;spanishlookout.bz;allseasonglass.bz@gmail.com;+501 823 0432;Deux sites, Duck Run 3 Spanish Lookout et Western Highway Santa Elena. Port Belize City, envoi en anglais. Relance courte le 06/10, lot 3.;RELANCE 2026-10-06
Bermudes;BM;Pembroke (Hamilton);Island Glass Ltd;Premier fournisseur de verre, portes et fenetres des Bermudes;islandglass.bm;sales@islandglass.bm;+1 441 295 5134;LE PLUS GROS DU PAYS : vitrage de specialite et protection anti-ouragan. Argument feuillete PVB SGP. Port Hamilton, envoi en anglais. Relance courte le 06/10 : une seule question posee (la reference et l'epaisseur la plus achetee) contre un prix ferme sous 48h, et sortie offerte en repondant non.;RELANCE 2026-10-06
Bermudes;BM;Pembroke;Commercial Glass & Aluminium Co. Ltd;Verre et aluminium pour le batiment;cgabermuda.bm;;;15 Cox s Hill Road. Marche insulaire 100 pour cent importateur. Port Hamilton, envoi en anglais. Relance courte le 06/10 : une seule question posee (la reference et l'epaisseur la plus achetee) contre un prix ferme sous 48h, et sortie offerte en repondant non. Rebond le 06/10 sur la relance : adresse refusee. Appeler. Rebond 06/10 : DOMAINE cgabermuda.bm INTROUVABLE. Appeler. CONTROLE MX DU 07/10 : le domaine cgabermuda.bm ne resout pas (NXDOMAIN), l adresse info@cgabermuda.bm ne peut pas recevoir. Adresse retiree du registre. Passer par le telephone. VERIFICATION DU 08/10 : la recherche restreinte a cgabermuda.bm ne remonte AUCUNE page. Le domaine n est pas seulement sans messagerie, il n est plus indexe du tout. Le rebond de Google du 06/10 disait donc vrai. Fiche definitivement telephonique. Piste a essayer si l appel echoue : la societe peut avoir une page Facebook, mais un annuaire ne satisfait pas la regle anti-rebond du paragraphe 5 et ne servira donc pas a envoyer.;ADRESSE INVALIDE
Birmanie;MM;Rangoun (South Okkalapa);Top Myanmar Aluminium Trading Co. Ltd;Negoce gros et detail d aluminium et de composite;;;;Negociant aluminium de Rangoun, No 36 Waizayantar Road. Aucune adresse email publiee : a rappeler. Port Rangoun.;A APPELER
Birmanie;MM;Rangoun;Central Aluminium;Aluminium, verre, composite, inox et plafonds depuis 1996;centralaluminium.net;;+95 973 123 473;Entreprise de decoration et facade active depuis 1996. Aucune adresse email publiee : a rappeler. Port Rangoun. Alu, verre, composite, inox et plafonds a Yangon, 11 a 50 salaries. Aucune adresse email publiee hors bases payantes : a appeler. VERIFIE LE 08/10, AUCUNE ADRESSE PUBLIEE dans les resultats, mais la fiche gagne ses numeros. USINE, trois lignes : 09-731-23473, 09-731-56156 et 09-730-17764. SHOWROOM : 09-731-21134 et fax 01-521354. Une usine et un showroom distincts font une structure reelle. Metiers annonces : aluminium, verre, composite, acier inoxydable et plafonds, plus des articles de cuisine en verre et aluminium. RESERVE : le pied de page affiche un copyright 2015, le site n a pas bouge depuis, donc les numeros sont a confirmer au premier appel. Prochaine action : appel. TESTEE LE 08/10 PAR LA METHODE DU PARAGRAPHE 13 : aucune adresse publiee, seulement le showroom 09-731-21134 et un fax 01-521354. Societe birmane fondee en 1996, aluminium, verre, composite, inox, plafonds et articles de cuisine. La largeur de la gamme tire vers le negoce general plutot que vers le verre plat au conteneur : priorite basse. Reste en appel, en bas de liste.;A APPELER
Bolivie;BO;Cochabamba (Blanco Galindo km 7);Cristales Templados Bolivianos — Cristembo;Fabrication et importation de verre trempe plat et bombe;;;+591 4 268042;Trempeur donc acheteur de float. Pays enclave, transit via Arica. Aucune adresse publiee : a appeler.;A APPELER
Bolivie;BO;La Paz et Santa Cruz;Rojas Glass;Distribution de verre brut, trempe, profiles aluminium et accessoires;rojasglass.com.bo;marketing@rojasglass.com.bo;+591 77009258;40 ans de metier, distribue du VERRE BRUT : profil acheteur de conteneur. Pays enclave, transit via Arica ou Iquique. Envoi en espagnol. Relance courte le 06/10, lot 3.;RELANCE 2026-10-06
Bolivie;BO;La Paz;ALUVI — Aluminio y Vidrio;Aluminium et verre;;;+591 2 228 7350;Calle Batallon Victoria 577 La Paz. Pays enclave : transit Arica ou Iquique. Aucune adresse email publiee : a appeler;A APPELER
Bolivie;BO;Santa Cruz (7mo anillo Av. Cristo Redentor);Vidrios Laminados SRL;Production de verre feuillete, se presente comme seul producteur de Bolivie depuis 2017;vidrioslaminadossrl.com;jclaros@vidrioslaminadossrl.com;;Feuilleteur donc acheteur de float clair a qualite optique constante. Transit Arica. Adresse nominative publiee sur leur site mais fonction non verifiee : message adresse au service achats sans nommer personne, conformement au paragraphe 5. Regle anti-rebond OK : le domaine figure dans les URL de resultats. Controle MX impossible le 08/10 : resolveur DNS de la session hors service. Risque de rebond assume et surveille.;ENVOYE 2026-10-08
Bolivie;BO;Santa Cruz (Av. Ovidio Barbery 100);Vidrieria Oriental;Importation et distribution de gros de laminas de float, miroirs decoratifs et verre de securite;oriental.com.bo;info@oriental.com.bo;+591 3 341 8578;MEILLEURE FICHE BOLIVIENNE : importateur-grossiste de float declare depuis les annees quatre-vingt, donc deja structure pour le conteneur complet. Pays enclave, transit par Arica. Regle anti-rebond OK : le domaine figure dans les URL de resultats. Controle MX impossible le 08/10 : resolveur DNS de la session hors service. Risque de rebond assume et surveille.;ENVOYE 2026-10-08
Bolivie;BO;Santa Cruz (Parque Industrial 4to anillo esq. Av. Guapay) et La Paz;Vicor SRL;Industrie de verre trempe, deux implantations;;;;Aucune adresse publiee dans les resultats, fiche annuaire tres ancienne. Trempeur donc cible valable : a appeler pour obtenir un contact achats. Transit Arica.;A APPELER
Bolivie;BO;Santa Cruz et La Paz;La Casa del Parabrisas SRL;Commercialisation de pare-brise feuilletes et de verre trempe automobile;lacasadelparabrisas.com;;;ECARTE : verre automobile et vente au detail, hors du perimetre de la campagne conteneur. Conserve pour ne pas la reprospecter.;ECARTE — PETITE STRUCTURE
Bolivie;BO;Santa Cruz;VASA Vidrieria Boliviana S.A.;Fabrication vente importation et exportation de verre plat;;;+591 3 535356;AMBIGUITE A LEVER : le nom VASA figure dans notre liste de producteurs float concurrents. Cette societe bolivienne annonce fabriquer ET importer du verre plat. Ne pas demarcher avant d avoir etabli s il s agit du meme groupe. Calle Barase esquina Av. Pirai 2115.;A QUALIFIER
Bosnie-Herzégovine;BA;Banja Luka;Siat d.o.o.;Façonnage de verre et de miroirs;;siat@blic.net;+387 51 450 223;Veljka Mlađenovića bb (krug Incela). Transit par Ploce ou Rijeka, envoi en serbo-croate. Relance 07/10 sans signature, une seule question sur les plus gros volumes annuels, porte de sortie. Angle pays enclave : le troncon routier depuis Ploce Rijeka ou Bar est dans le prix de la feuille. Argument miroir inclus dans la question.;RELANCE 2026-10-07
Botswana;BW;Gaborone (Gaborone West Industrial);Glazing Botswana;Négoce de verre, profiles aluminium, miroirs, portes coulissantes;glazingbotswana.com;sales@glazingbotswana.com;;Se presente en distributeur (dealers in glass). Pays enclave : transit par Walvis Bay ou Durban. Envoi en anglais. Relance courte le 06/10, lot 1.;RELANCE 2026-10-06
Botswana;BW;Gaborone;PG Glass Botswana;Verre batiment et pose;pgglassafrica.com;richard@pgglass.co.bw;+267 395 2901;Plot 4792 Old Lobatse Rd Industrial. Pays enclave : transit via Walvis Bay ou Durban puis route. Envoi en anglais. RISQUE GRAVE NEUTRALISE LE 08/10. Cette fiche etait au statut ENVOYE, donc DANS LE POOL DES RELANCES, alors que le paragraphe 7 protege explicitement le groupe PG Glass sur cette campagne pour cause de negociation en cours avec Willem Heunis. Une relance automatique partant de ce pool aurait demarche une filiale du groupe avec lequel nous negocions quatre conteneurs sur Walvis Bay. Et le risque est plus grand qu il n y parait, parce que la structure du groupe a ete etablie le meme jour : PG Group POSSEDE PFG Building Glass, premier producteur float d Afrique australe, 260 000 t/an, que l ITAC qualifie de 100 pour cent de l industrie domestique de la SACU, et qui est le demandeur le plus actif de la region en antidumping. Demarcher une branche du groupe en lui proposant du float importe, pendant que sa maison mere nous demande un prix, serait au mieux maladroit. Statut passe en NE PAS DEMARCHER pour sortir la fiche de tous les pools. Le dossier reste vivant, mais il se traite UNIQUEMENT par le fil de Willem, et nulle part ailleurs. Prochaine action : aucune depuis cette fiche.;NE PAS DEMARCHER
Brunei;BN;Bandar Seri Begawan (Beribi Industrial Complex II);Sincere Aluminium Group;Aluminium et verre;sincerealugroup.com;sincere@sincerealugroup.com;+673 244 4913;Groupe aluminium-verre sur zone industrielle de Gadong. Port Muara, envoi en anglais. Relance courte le 06/10, lot 3.;RELANCE 2026-10-06
Brunei;BN;Bandar Seri Begawan (Beribi);Wing Wah Glass & Aluminium;Verre et aluminium pour le batiment;wingwahbrunei.com;wingwah.bn@gmail.com;+673 244 8412;Lot 14315 Jalan Beribi. Port Muara, envoi en anglais. Relance courte le 06/10, lot 4.;RELANCE 2026-10-06
Brésil;BR;Diadema (Sao Paulo);Bardak;Verrerie;bardak.com.br;comercial@bardak.com.br;+55 11 4119 2929;Port Santos. Envoi en portugais.;ENVOYE 2026-10-05
Brésil;BR;Guarulhos, Sao Paulo;Fortal Vidros Temperados;Verre trempe, couverture nationale;fortalvidros.com.br;contato@fortalvidros.com.br;;Trempeur de Guarulhos livrant tout le Bresil. Aucune adresse email publiee : a rappeler. Port Santos. Adresse retrouvee le 06/10. Message en portugais.;ENVOYE 2026-10-06
Brésil;BR;Parana, Santa Catarina, Sao Paulo, Bahia, Ceara;New Glass;Import, transformation et distribution de verre depuis 2007;newglasschaparia.com.br;comercial@newsglassind.com.br;;CIBLE MAJEURE : IMPORTE DE PLUS DE 20 PAYS, sept centres de distribution dans cinq Etats. Float, feuillete, imprime, trempe en stock. Aucune adresse email publiee, contact par WhatsApp sur le site. Port Santos ou Paranagua. DEVERROUILLEE LE 08/10, AVEC UNE ANOMALIE QU IL FAUT SIGNALER. Deux adresses sont publiees sur leur propre site, sur des domaines DIFFERENTS de celui du site newglasschaparia.com.br, donc exception du paragraphe 5 : comercial arobase newSglassind.com.br dans le pied de page, et marketing1 arobase newglassind.com.br dans un bloc de donnees societe. LES DEUX ORTHOGRAPHES SE CONTREDISENT, newS contre new : l une des deux est une coquille et le site ne permet pas de dire laquelle. Retenue : la version comercial du pied de page, parce que c est un canal commercial et que les pieds de page sont en general mieux tenus. SI ELLE REBOND, essayer marketing1 arobase newglassind.com.br avant de conclure. PROFIL TRES BON, et le Bresil est devenu un marche fort le meme jour : ils se declarent DISTRIBUTEUR ET IMPORTATEUR DE VERRE, avec un siege administratif a Curitiba et des unites a Araucaria, Campo Largo, Itajai, Caieiras, Salvador via Simoes Filho et Horizonte au Ceara. C est un reseau national, pas un negociant local. Telephones (41) 3126-2535 et (41) 99285-7701, page des filiales ancienne donc a confirmer. Leur site pousse vers le WhatsApp, et leur page produit demande mesures, epaisseur et volume pour chiffrer : la demande de references et de volumes est dans leurs habitudes. ENVOI programme en priorite 2, apres l Afrique de l Ouest, en portugais. Port Santos ou Paranagua, ce dernier etant le port du Parana donc le leur. Prochaine action : envoyer.;A ENVOYER 2026-10-09
Brésil;BR;Paulinia (Sao Paulo);Glass Camp;Production et distribution de verre plat, trempe, feuillete et miroirs depuis 2012;glasscamp.com.br;vendas@glasscamp.com.br;;Port Santos. Envoi en portugais. Rebond le 05/10 : BOITE PLEINE, pas une mauvaise adresse. A retenter dans quelques jours. VERIFIEE LE 08/10 PAR LA METHODE DU PARAGRAPHE 13 : vendas arobase glasscamp.com.br est bien l adresse publiee partout sur leur site, donc le rebond du 05/10 ne venait pas d une adresse douteuse. Boite pleine veut dire boite qui existe : il n y a rien a corriger, seulement a reessayer. QUALIFICATION NETTEMENT RELEVEE PAR CETTE LECTURE, et elle fait monter la fiche : leur ligne de produits comprend VIDRO COMUM FLOAT en propre, plus laminado, acustico, temperado laminado et controle solar. Ils vendent donc du float en gamme et pas seulement du transforme. Ils tiennent aussi un e-commerce pour les commandes et le suivi des factures, signe d un negoce structure. Rua Um 109, Santa Terezinha, Paulinia SP, CEP 13.148-133, tel (19) 3216-4182 et mobile (19) 99698-0802. Leur site donne des telephones contradictoires selon les pages, dont un (19) 99999-9050 qui est du gabarit : ne retenir que les deux premiers. MARCHE PRIORITAIRE : le Bresil frappe la Malaisie, le Pakistan et la Turquie d antidumping confirme par le Gecex 961 du 03/09/2026, donc parapluie de prix. Port Santos. Envoi en portugais. Prochaine action : renvoyer le 10/10 avec le bloc Ameriques.;A ENVOYER 2026-10-10
Brésil;BR;Sao Paulo (Jaguare);Divinal Vidros;Distribution et transformation de verre plat et miroirs depuis 1953;divinalvidros.com.br;comunicacao@divinalvidros.com.br;+55 11 2827 2100;DISTRIBUTEUR HISTORIQUE (1953), sites SP et Belo Horizonte. Float local : viser Low-E, miroir et formats jumbo. Port Santos. Adresse trouvee le 05/10 : boite communication, demande de transfert aux achats incluse dans le mail. Relance 08/10, troisieme tranche. Format court a une seule question plus porte de sortie. Meme renoncement assume sur le float clair. Distributeur depuis 1953 sur Sao Paulo et Belo Horizonte. Adresse de communication et non d achats : demande explicite de transmettre au service achats. Envoi en portugais.;RELANCE 2026-10-08
Brésil;BR;Sao Paulo (Professor Clemente Pastore);Conlumi Vidros;Distribution et transformation, la plus grosse feuilleteuse d'Amerique du Sud, trempe;conlumividros.com.br;contatos@contempera.com.br;;GROS : premiere capacite de feuilletage du continent. L'adresse citee en annuaire pointe vers un autre domaine, non verifiable : ne pas deviner. DEVERROUILLEE LE 08/10. EXCEPTION DU PARAGRAPHE 5 A NOTER, ET ELLE EST INSTRUCTIVE : l adresse publiee sur leur page de contact est contatos arobase contempera.com.br, donc un domaine DIFFERENT de celui du site conlumividros.com.br. Envoi autorise parce que c est bien leur propre page qui la publie. Le domaine contempera designe tres probablement une societe soeur de trempe du meme groupe, ce qui colle a leur activite : a confirmer dans l echange, et a ne pas presenter comme un fait avant. Adresse confirmee rua Professor Clemente Pastore 115, Lapa, Sao Paulo. CINQ LIGNES relevees : 11 2827 7255, 7272, 7281, 7254 et 7282. Gamme confirmee par leur site : feuillete de trempe et structurel, trempe, miroirs, garde-corps, escaliers et piscines en verre. ENVOI NON ENCORE FAIT, programme le 09/10 en portugais. Port Santos. Prochaine action : envoyer le 09/10.;A ENVOYER 2026-10-09
Brésil;BR;Sao Paulo (Rua Maria Carlota);Xanglass;Distribution de verre trempe, plus de 20 ans, stock propre;xanglass.com.br;vendas6@xanglass.com.br;;Stockiste : achete en volume. Port Santos. Relance 08/10, troisieme tranche. Format court a une seule question plus porte de sortie. Stockiste donc achat en volume et non a la feuille, c est la condition qui nous interesse. Renoncement assume sur le float clair bresilien. Envoi en portugais.;RELANCE 2026-10-08
Brésil;BR;Sao Paulo;Mercinglass;Importation et distribution de verre plat pour le batiment, la menuiserie et le meuble;mercinglass.com.br;atendimento@mercinglass.com.br;+55 11 4584 2911;IMPORTATEUR DECLARE. Bresil produit du float : approche sur trois references. Port Santos. Relance 08/10, troisieme tranche. Format court a une seule question plus porte de sortie. RENONCEMENT ASSUME : le Bresil produit son propre float, donc renoncement explicite au float clair commun. Importateur-distributeur declare donc deja acheteur par conteneur. Cible reduite a trois references ou l Europe apporte quelque chose, extra-clair couche tendre et miroir sans cuivre en jumbo. Envoi en portugais.;RELANCE 2026-10-08
Brésil;BR;Sao Paulo;NSA Vidros;Distribution de verre trempe, feuillete, miroirs et profiles aluminium;nsacomerciodevidros.com.br;nsa.vidros@hotmail.com;;Distributeur verre et accessoires de vitrage. Aucune adresse email publiee : a rappeler. Port Santos. Adresse publiee en annuaire bresilien, domaine different du site : risque de rebond assume.;ENVOYE 2026-10-06
Brésil;BR;Sao Paulo;Sao Mateus Vidros;Distribution de verre;saomateusvidros.com.br;smvidros@saomateusvidros.com.br;;Aucune adresse publiee. DEVERROUILLEE LE 08/10 : smvidros arobase saomateusvidros.com.br est publiee sur leur site, dans le pied de page et sur la page Fale Conosco, domaine identique a celui du site, regle anti-rebond satisfaite sans exception. Telephone (11) 2010-7515, adresse avenue Adelia Chohfi 91 et 99, quartier Sao Mateus, Sao Paulo, CEP 08330-037. PROFIL ET RESERVE : ils se declarent distributeurs avec attendimento sur le Grand Sao Paulo, l ABC et le littoral — donc un distributeur REGIONAL et non national, contrairement a New Glass. Ils ont leur propre flotte, ce qui est un indice de volume. Le Bresil est devenu un marche fort le 08/10, mesures antidumping sur la Malaisie, le Pakistan et la Turquie confirmees et l Europe hors liste, mais la question du droit de douane ordinaire bresilien reste posee a Aaron : NE RIEN ECRIRE SUR LES DROITS tant qu elle n a pas de reponse. ENVOI programme en priorite 2, en portugais. Port Santos. Prochaine action : envoyer.;A ENVOYER 2026-10-09
Brésil;BR;—;Mundial Vidros;Distribution et transformation de verre;mundialvidros.ind.br;contato@mundialvidros.ind.br;;Aucune adresse publiee. Adresse retrouvee le 06/10. Distribution ET transformation.;ENVOYE 2026-10-06
Bulgarie;BG;Plovdiv;Baros Glass;Producteur de verre pour garde-corps;barosglass.com;sales@barosglass.com;;Spécialiste garde-corps : consomme du trempé et du feuilleté en continu. Relance 07/10 sans signature, une seule question sur les plus gros volumes annuels, porte de sortie. Relance volontairement tres courte : l argumentaire general a deja ete servi le 22/09 et un second e-mail qui repete le premier ne vaut rien. Une seule question. Ports Varna ou Bourgas.;RELANCE 2026-10-07
Bulgarie;BG;Sofia;GMT Bulgaria;Distribution de verre plat;glassbg.eu;gmt_bulgaria@glassbg.com;+359 887 209 869;10 Nedelcho Bonchev, Gara Iskar. Port Varna, envoi en anglais. Relance 07/10 sans signature, une seule question sur les plus gros volumes annuels, porte de sortie. Relance volontairement tres courte, l argumentaire ayant deja ete servi le 25/09. Ports Varna ou Bourgas.;RELANCE 2026-10-07
Bulgarie;BG;Varna;Kristal 90C;Gros et detail de float, verre imprime et miroirs;kristal90c.com;kristal@kristal90c.com;+359 52 504 533;Stock permanent de float de 3 a 19 mm : profil d'importateur. Port Varna, envoi en anglais. Relance 07/10 sans signature, une seule question sur les plus gros volumes annuels, porte de sortie. Angle trois familles float imprime et miroir : cas type ou le conteneur mono-reference a la mauvaise forme et le chargement mixte la bonne. Ports Varna ou Bourgas.;RELANCE 2026-10-07
Burkina Faso;BF;Bobo-Dioulasso et Ouagadougou;VMAEF — Vitrerie Menuiserie Aluminium Excellence du Faso;Vitrerie batiment, menuiserie aluminium, alucobond, murs rideaux et vente de materiaux;vmaef.net;contact@vmaef.net;+226 70 00 20 10;Leader de la vitrerie au Burkina, vend aussi les materiaux : profil revendeur. Pays enclave, transit via Abidjan, Lome ou Tema. Envoi en francais. Relance 07/10 sans signature, une seule question sur les plus gros volumes annuels, porte de sortie. Relance en francais. Angle pays enclave : chaque feuille entre par Abidjan Lome ou Tema puis fait la route, et ce troncon est dans le prix de la feuille. Transit selon le corridor qu ils utilisent deja.;RELANCE 2026-10-07
Burkina Faso;BF;Ouagadougou;Tropicalu;Menuiserie aluminium et vitrage;;tropicalu@yahoo.fr;+226 78 80 88 32;Pays enclave : transit Lome Tema ou Abidjan au choix. Argument du calage pense pour la route apres le port. Mini-mail sur mesure FR;ENVOYE 2026-10-02
Burkina Faso;BF;Ouagadougou;Vitrafa;Vitrerie et menuiserie aluminium;vitrafa.com;vitrafa@gmail.com;+226 69 36 01 01;Concurrent direct de VMAEF sur Ouagadougou. Transit via Abidjan ou Lome. 123 Avenue Loudun, Ouagadougou. Pays enclave : transit par Abidjan, Lome ou Tema. Envoi en francais. Relance 08/10 une seule question plus porte de sortie. Controle MX impossible : resolveur DNS de la session hors service. Regle anti-rebond satisfaite et adresse ayant deja recu un envoi en septembre sans rebond. Angle pays enclave, conteneur complet pour ne pas payer la manutention deux fois.;RELANCE 2026-10-08
Bénin;BJ;Cotonou (Tokpa Hoho);ALUTRACO;Aluminium, alucobond et accessoires, distribue sur le Togo, le Burkina, le Mali et le Niger;alutraco.org;infos@alutraco.com;+229 01 67 07 07 12;Distributeur regional multi-pays : bon relais pour toute l Afrique de l Ouest. L adresse infos@alutraco.com publiee en ligne a REBONDI le 24/09, le site est en .org : appeler pour obtenir la bonne adresse. Port Cotonou. DEVERROUILLEE LE 08/10, ET C EST LA CLE DU SAHEL. EXCEPTION DU PARAGRAPHE 5 A NOTER : le domaine de l adresse est alutraco.COM alors que le site est alutraco.ORG. L envoi n est autorise que parce que la societe publie elle-meme cette adresse sur sa propre page de contact. Seconde adresse publiee sur la meme page, contact arobase alutraco.com, en repli. PIEGE SUR LEUR PAGE : elle affiche aussi un info arobase konta.com, reste de gabarit, a ignorer. Coordonnees : carre 0188 Tokpa Hoho, 03 BP 1043 Cotonou, mobile +229 01 67 07 07 12. Societe creee en 2008 sous la forme ALUTRACO SARL. Gamme confirmee par leur site : alucobond, profiles aluminium, VERRE, volets roulants, plafonds acoustiques et machines. Horaires 8h30-18h en semaine, 9h-16h le samedi, ferme le dimanche. POURQUOI CETTE FICHE COMPTE PLUS QUE SA TAILLE : la fiche la donne distributrice sur le Togo, le Burkina, le Mali et le Niger. Or la serie de recherches du 08/10 a montre que ces marches enclaves sont quasi introuvables en direct, faute de presence en ligne. Passer par un distributeur regional installe sur un port, Cotonou, est la voie realiste vers le Sahel, et c est un volume agrege et non quatre petits volumes. ENVOI programme le 09/10 en francais. Port Cotonou, avec mention via pour les destinations enclavees. Prochaine action : envoyer le 09/10, et demander explicitement quels pays ils reexpedient et en quels volumes.;A ENVOYER 2026-10-09
Bénin;BJ;Cotonou;ECOMA Benin;Conception, fabrication et pose de menuiserie aluminium depuis plus de 40 ans;ecomabenin.com;contact@ecomabenin.com;;Menuisier aluminium historique de Cotonou. Aucune adresse email publiee : a rappeler. Port Cotonou. Fonde en 1979. Menuiserie alu, vitrage, metallerie et bardage de facade. Antenne a Abidjan (Autoroute de Grand Bassam). Lot 61 Sekandji route de Porto-Novo. Port Cotonou ou Abidjan. Mini-mail sur mesure FR. Relance courte le 06/10, lot 4.;RELANCE 2026-10-06
Cambodge;KH;Phnom Penh (Chamkarmon);KJKs Aluminum;Aluminium, verre et panneaux composites pour le batiment;kjksgroup.com;infokjks@yahoo.com;;Groupe aluminium-verre de Phnom Penh, 79-83 Street 388 Toul Svay Prey. Port Sihanoukville, envoi en anglais. Relance courte le 06/10, lot 4.;RELANCE 2026-10-06
Cambodge;KH;Phnom Penh (Street 199, Chamkarmon);Loh Seng Heng Co. Ltd;Fourniture de float, verre architectural et verre de securite;lohsengheng.com;;;Fournisseur float declare. Aucune adresse publiee : a appeler. Port Sihanoukville. VERIFIE LE 08/10, ADRESSE OBFUSQUEE sur leur page de contact. Reste un dossier telephonique. Siege numero 250, rue 245 soit le boulevard Mao Tse Toung, Sangkat Tomnubtek, Khan Chamkarmorn, Phnom Penh. PROFIL CONFIRME PAR LEUR PROPRE SITE ET IL EST BON : gros et detail, fourniture ET pose d aluminium, verre, portes, fenetres, panneaux composites et plafonds, et leur page services annonce explicitement FLOAT, VERRE ARCHITECTURAL ET VERRE DE SECURITE. Un negociant qui fait le gros et annonce le float est un acheteur de substrat. Le Cambodge n a pas de production float. Prochaine action : appel, et demander une adresse e-mail au service achats. TESTEE LE 08/10 PAR LA METHODE DU PARAGRAPHE 13 : une page Contact Us existe mais son contenu ne remonte pas, donc aucune adresse exploitable. Bureau au numero 223, rue 199, Sangkat Tomnubtek, Chamkarnorn, Phnom Penh. QUALIFICATION MITIGEE, ET IL FAUT LE DIRE : ils annoncent GROS, DETAIL, fourniture ET pose, sur l aluminium, le verre, les portes, les fenetres, le panneau composite et les plafonds. Le gros et le verre nous interessent, le detail et la pose tirent vers le negoce general de chantier. Priorite moyenne. Reste en appel.;A APPELER
Cambodge;KH;Phnom Penh;Pang Luon (Pranet) Import-Export & Construction Co. Ltd;Import negoce de gros et detail de materiaux de construction dont verre plat;pangluon.com;info@pangluon.com;+855 23 212 578;Fondee en 1992. Importateur declare de float. 408ABC Preah Monivong Blvd. Angle retenu : la meme chose en un maillon de moins, direct depuis un distributeur europeen. Ports Sihanoukville ou Phnom Penh. Mini-mail sur mesure EN CONTROLE MX DU 07/10 : le domaine pangloun.com ne resout pas (NXDOMAIN), l adresse info@pangloun.com ne peut pas recevoir. Adresse retiree du registre. Passer par le telephone. DEVERROUILLEE LE 08/10, ET C EST UN IMPORTATEUR DECLARE. info arobase pangluon.com est publiee sur leur page de contact, domaine identique a celui du site, regle anti-rebond satisfaite. PIEGE A SIGNALER : leur page d accueil ecrit info arobase pangLOUN.com, avec les lettres inversees, ce qui est manifestement une faute de frappe. Utiliser la version de la page de contact, pangluon.com, qui est aussi le domaine du site. Siege 408ABC boulevard Preah Monivong, rue 93, Phnom Penh, lignes 023 212 578, 012 814 567 et 012 558 111. Succursale 80 ABCD rue 99, lignes 023 726 343, 012 349 888 et 012 809 372. FAIT QUI DECIDE : leur page d historique annonce une maison de materiaux de construction FONDEE EN 1992 qui IMPORTE, approvisionne et vend du verre, avec une gamme float, structurel et securite, plus la transformation et l outillage verrier. Leurs pages produits couvrent miroir, trempe, feuillete, durci, cintre et verre depoli. Un importateur en place depuis trente ans dans un pays SANS PRODUCTION FLOAT : c est le profil le plus net de ce lot avec Hydra Glass. ENVOI programme le 09/10 en anglais. Port Sihanoukville. Prochaine action : envoyer le 09/10.;A ENVOYER 2026-10-09
Cambodge;KH;Phnom Penh;Phnompenh Glass;Fourniture et pose de verre, trempe et feuillete;phnompenhglass.com;phnompenhglass@gmail.com;;A qualifier sur la capacite a importer au conteneur. Port Sihanoukville. Relance courte le 06/10, lot 1.;RELANCE 2026-10-06
Cameroun;CM;Douala (Bepanda);AFRICALU Sarl;Menuiserie aluminium et vitrage;;philoti@yahoo.fr;+237 2 33 40 58 38;1153 Av. de Bepanda BP 13002. Port de Douala. Mini-mail sur mesure FR AMBIGUITE RELEVEE LE 08/10, A TRANCHER AVANT TOUT ENVOI. Cette fiche porte une adresse et aucun rebond, mais le statut est A APPELER. La mention mini-mail sur mesure apparait sur d autres fiches qui sont bien parties en septembre depuis l ancienne boite harfiaaron0, que cette session ne peut pas lire. Impossible donc de savoir si le message a ete envoye ou seulement prepare. NE PAS ENVOYER A L AVEUGLE : ce serait repeter en connaissance de cause l erreur commise sur Shibaam le 08/10. Aaron peut lever le doute en cherchant l adresse dans l ancienne boite.;A APPELER
Cameroun;CM;Douala (Bepanda);LOWA VITRERIE;Vitrerie;;;+237 2 33 40 21 30;Vitrier-negociant sur Douala. Relance 08/10 une seule question plus porte de sortie. Controle MX impossible : resolveur DNS de la session hors service. Regle anti-rebond satisfaite et adresse ayant deja recu un envoi en septembre sans rebond. Angle negociant situe sur le port donc sans intermediaire regional, Douala. REBOND DU 08/10 A 10h21 UTC, soit 1h55 APRES l envoi de 8h26 : 554 30, rejet Yahoo, adresse introuvable ou incapable de recevoir. Adresse morte, retiree du champ. Deuxieme rebond differe de la journee apres Alawadhi a 1h36 : cela confirme qu un controle des rebonds juste apres un lot ne prouve rien. Tout le bloc camerounais est desormais mort cote e-mail, MAISON VERRE COMALU BATALU et LOWA. Le Cameroun est un marche telephonique.;A APPELER
Cameroun;CM;Douala (Bepanda);MAISON VERRE;Vitrerie miroiterie;;maisonverre@gmail.com;+237 6 97 40 19 96;A qualifier, port de Douala. Relance courte le 06/10, lot 4. Rebond 550 5.1.1 le 06/10 : adresse gmail morte. Appeler.;A APPELER
Cameroun;CM;Douala (Bonaberi);BATALU VERRE;Vitrerie miroiterie;;;+237 6 77 40 88 50;Sur Douala, premier port d'Afrique centrale. Relance 08/10 REBONDIE : 552 Requested mail action aborted mailbox not found. L adresse kometayembu@yahoo.fr est morte, retiree du champ email. A rappeler pour en obtenir une valide.;A APPELER
Cameroun;CM;Douala (Deido);ALUBAT-CAM Sarl;Menuiserie aluminium et vitrage;;lubatcam@yahoo.fr;+237 2 33 40 34 06;116 Rue Deido Bonanjo BP 8488. Port de Douala. Mini-mail sur mesure FR AMBIGUITE RELEVEE LE 08/10, A TRANCHER AVANT TOUT ENVOI. Cette fiche porte une adresse et aucun rebond, mais le statut est A APPELER. La mention mini-mail sur mesure apparait sur d autres fiches qui sont bien parties en septembre depuis l ancienne boite harfiaaron0, que cette session ne peut pas lire. Impossible donc de savoir si le message a ete envoye ou seulement prepare. NE PAS ENVOYER A L AVEUGLE : ce serait repeter en connaissance de cause l erreur commise sur Shibaam le 08/10. Aaron peut lever le doute en cherchant l adresse dans l ancienne boite.;A APPELER
Cameroun;CM;Douala (Sodiko);COMALU;Miroiterie et aluminium;;comalu2001@yahoo.fr;+237 2 33 39 19 23;Maison etablie, port de Douala. Relance courte le 06/10, lot 4. Rebond 552 le 06/10 : adresse yahoo.fr morte. Appeler.;A APPELER
Cameroun;CM;Douala;ETS Verrerie et Menuiserie Aluminium;Fabrication portes fenetres et ouvrages alu;;Yvesdaquin@gmail.com;+237 6 95 02 47 87;Fabricant portes-fenetres alu. Angle propose : 20 pieds pour demarrer. Port de Douala. Mini-mail sur mesure FR AMBIGUITE RELEVEE LE 08/10, A TRANCHER AVANT TOUT ENVOI. Cette fiche porte une adresse et aucun rebond, mais le statut est A APPELER. La mention mini-mail sur mesure apparait sur d autres fiches qui sont bien parties en septembre depuis l ancienne boite harfiaaron0, que cette session ne peut pas lire. Impossible donc de savoir si le message a ete envoye ou seulement prepare. NE PAS ENVOYER A L AVEUGLE : ce serait repeter en connaissance de cause l erreur commise sur Shibaam le 08/10. Aaron peut lever le doute en cherchant l adresse dans l ancienne boite.;A APPELER
Cameroun;CM;Yaoundé (Mvog-Ada);SOBAF Sarl;Menuiserie aluminium et vitrage;;sobafsarl@yahoo.fr;+237 2 22 22 67 78;830 Rue 1.206 BP 13303. Transit port de Douala puis route Yaounde. Mini-mail sur mesure FR Relance courte le 06/10, lot 4.;RELANCE 2026-10-06
Cameroun;CM;Yaoundé (Omnisport);METALUX;Menuiserie aluminium et vitrage;;matalux.yaounde@yahoo.fr;+237 2 22 21 30 30;Rue 1.074 BP 13015. Transit port de Douala. Mini-mail sur mesure FR AMBIGUITE RELEVEE LE 08/10, A TRANCHER AVANT TOUT ENVOI. Cette fiche porte une adresse et aucun rebond, mais le statut est A APPELER. La mention mini-mail sur mesure apparait sur d autres fiches qui sont bien parties en septembre depuis l ancienne boite harfiaaron0, que cette session ne peut pas lire. Impossible donc de savoir si le message a ete envoye ou seulement prepare. NE PAS ENVOYER A L AVEUGLE : ce serait repeter en connaissance de cause l erreur commise sur Shibaam le 08/10. Aaron peut lever le doute en cherchant l adresse dans l ancienne boite.;A APPELER
Canada;CA;Barrie (Ontario);BG Glass Technologies;Trempe, feuillete et extra-clair;bgglasstech.com;info@bgglasstech.com;+1 705 797 0404;Argument low-iron europeen. Relance 08/10, quatrieme tranche. Angle extra-clair : ils travaillent deja le low-iron, seule reference ou le substrat fait une difference visible et non theorique, et qu un transformateur ne peut pas improviser. Argument canadien partage : plus de ligne float depuis 2008, donc tout est importe quel que soit le fournisseur et seule l origine est variable.;RELANCE 2026-10-08
Canada;CA;Brampton (Ontario);IGG Glass;Vitrages isolants et feuilletage;igg-glass.ca;sales@igg-glass.ca;+1 905 451 0707;Port Montreal.;ENVOYE 2026-10-05
Canada;CA;Burnaby (C.-B.);Hartung Glass Industries Canada;Vitrage isolant, feuillete, trempe, verre de securite;hartung-glass.com;info@hartung-glass.com;+1 604 420 3600;Filiale canadienne d'un groupe americain. Aucune adresse publiee. VERIFIE LE 08/10, ADRESSE GENERALE TROUVEE MAIS UN DOUTE SERIEUX SUR LE PAYS. info arobase hartung-glass.com est publiee dans un article de leur site, domaine identique, donc utilisable, mais c est une adresse generale et non commerciale : leurs pages d implantation affichent les adresses obfusquees. Ligne gratuite 1-800-552-2227 et formulaire de devis par site. PROBLEME DE FOND : la fiche s intitule Hartung Glass Industries CANADA, or toutes les implantations que rend leur site sont AMERICAINES, siege a Tukwila dans l Etat de Washington, puis Renton, Oregon, Utah et Texas. Aucune implantation canadienne trouvee. ET CELA CHANGE TOUT L INTERET DE LA FICHE : aux Etats-Unis le float est produit sur place par plusieurs verriers, un conteneur europeen y est un argument faible , au Canada il n y a plus de ligne float depuis 2008, et l argument devient fort. Tant que l entite acheteuse n est pas etablie, l offre ne peut pas etre calibree. Adresses regionales relevees dans un PDF de 2018, donc a verifier avant usage : dallascsr arobase hartung-glass.com et seattle arobase hartung-glass.com. Prochaine action : appel sur le 1-800, etablir s il existe une entite canadienne et qui achete le verre brut.;A APPELER
Canada;CA;Burnaby (Colombie-Britannique);Garibaldi Glass Industries Inc.;Transformateur de verre architectural depuis 1966, isolant, spandrel, trempe, feuillete;garibaldiglass.com;careym@garibaldiglass.com;+1 604 420 4527;GROS TRANSFORMATEUR : achete la feuille au conteneur. Liens float et Low-E envoyes. Port Vancouver.;ENVOYE 2026-10-06
Canada;CA;Calgary (Alberta);Insul-Lite Manufacturing;Fabricant de vitrages scelles en gros pour l'Alberta et la C.-B. depuis 1988;insul-lite.ca;orders@insul-lite.ca;+1 403 236 2378;Float et Low-E sont sa ligne d'achat principale. Demande de transfert aux achats incluse.;ENVOYE 2026-10-06
Canada;CA;Calgary (Alberta);Sunshine Tempered Glass;Seul producteur de trempe bombe de Calgary;sstempglass.com;info@sstempglass.com;+1 403 764 6688;Bombage : la qualite optique du substrat se voit. Argument low-iron europeen. Port Vancouver.;ENVOYE 2026-10-06
Canada;CA;Collingwood (Ontario);AGNORA;Verre architectural surdimensionne;agnora.com;sales@agnora.com;+1 705 444 6654;Specialiste des tres grandes feuilles : argument open-top. Relance 08/10, format court a une seule question plus porte de sortie. Delivrabilite deja prouvee par l envoi du debut octobre. Angle surdimensionne : le Canada n a plus de ligne float depuis 2008 et le substrat hors cotes est le plus dur a livrer intact, donc le calage et le chargement decident, pas le prix au metre carre. Question : quelle est la plus grande feuille qu ils peuvent recevoir.;RELANCE 2026-10-08
Canada;CA;Concord (Ontario);Adriatic Glass and Mirrors Ltd;Fabrication commerciale, lignes recuit et feuillete;adriaticglass.com;sales@adriaticglass.com;+1 905 738 1587;Capacite de feuilletage propre : achete de la feuille brute. REBOND 06/10 : 550 5.4.1 Access denied cote Outlook, l'adresse sales n'accepte pas le courrier externe. Appeler le +1 905 738 1587. VERIFIE LE 08/10 : rien de neuf cote adresse. Le sales arobase adriaticglass.com que donnent les annuaires est EXACTEMENT celui qui a rebondi en 550 5.4.1 Access denied, leur Outlook refusant le courrier externe sur cette boite. Le reessayer ne servirait a rien. MAIS LE PROFIL SE CONFIRME ET LA VOIE D ENTREE EST IDENTIFIEE : leur page feuillete annonce traiter les COMMANDES EN VOLUME pour projets commerciaux, avec des quantites minimales dependant du projet et un prix au volume a demander aux ventes. Ils livrent l Ontario, le Quebec et les Etats frontaliers americains, New York Pennsylvanie et Michigan, le reste passant par le service commercial. LA VOIE EST DONC LE FORMULAIRE Request A Quote DE LEUR SITE OU LE TELEPHONE, PAS L E-MAIL. 89 Adesso Drive Concord Ontario, +1 905 738 1587.;A APPELER
Canada;CA;Concord (Ontario);Central Canadian Glass Ltd;Trempe, feuillete, isolant, Low-E, verre special;ccgglass.com;sales@ccgglass.com;+1 905 660 1676;Fabricant architectural ontarien. Port Montreal. Relance 08/10, quatrieme tranche. Angle substrat : trempe feuilletage vitrage isolant Low-E et verre special consomment tous du substrat sans en produire. Argument canadien partage : plus de ligne float depuis 2008, donc tout est importe quel que soit le fournisseur et seule l origine est variable.;RELANCE 2026-10-08
Canada;CA;Concord (Ontario);Clearrex;Unites scellees double et triple vitrage, residentiel, commercial, industriel et transport;clearrex.com;info@clearrex.com;+1 905 669 0747;Triple vitrage et applications transport : grosse consommation continue. Message redige, voir a-envoyer.;ENVOYE 2026-10-07
Canada;CA;Concord (Ontario);High Performance Glazing;Vitrage isolant haute performance;hpglazing.com;info@hpglazing.com;+1 905 482 2144;Angle Low-E pur. Message redige, voir a-envoyer.;ENVOYE 2026-10-07
Canada;CA;Concord (Ontario);Imagic Glass Inc.;Verre jumbo, trempe, feuillete EVA et SentryGlas, impression numerique;imagicglass.com;info@imagicglass.com;+1 905 695 3104;Travaille le jumbo : argument open-top. Relance 08/10, quatrieme tranche. Angle jumbo : ils travaillent le grand format et feuillettent en EVA et SentryGlas, donc le substrat hors cotes est leur contrainte, et c est le calage et le chargement qui decident de son arrivee. Argument canadien partage : plus de ligne float depuis 2008, donc tout est importe quel que soit le fournisseur et seule l origine est variable. ADRESSE CONFIRMEE VALIDE LE 08/10, ET UN NOM OBTENU. Une reponse automatique d absence est arrivee a 11h33 depuis adam arobase imagicglass.com, en reponse a notre relance : la boite fonctionne, le message a bien ete livre, et nous savons desormais qu un ADAM traite ce courrier. Sa fonction n est pas publiee, donc ne pas la supposer, mais c est un interlocuteur reel et nommable des qu il l annoncera lui-meme. INFORMATION UTILE ET DATEE : il annonce etre en deplacement professionnel DU 6 AU 9 OCTOBRE INCLUS, et renvoie vers le bureau au 905-695-3104 pour l urgent — numero identique a celui de la fiche, ce qui la valide. Donc notre relance du 08/10 ne sera lue qu a son retour. PROCHAINE ACTION : ne pas relancer avant le 13/10, un lundi, pour ne pas arriver dans le rattrapage de ses quatre jours d absence. Et ne surtout pas conclure a un silence : l absence de reponse jusque-la est expliquee.;RELANCE 2026-10-08
Canada;CA;Concord (Ontario);ProTemp Glass;Vitrage unitise certifie Canada et Etats-Unis;protempglass.com;info@protempglass.com;+1 905 760 0701;Angle grand format jumbo pour panneaux unitises. Message redige, voir a-envoyer.;ENVOYE 2026-10-07
Canada;CA;Concord et Oakville (Ontario);Vaughan Glass and Mirror;Verre et miroir, deux sites;vglassmirror.ca;sales@vglassmirror.com;+1 905 760 2000;Deux implantations donc du stock. Adresse publiee sur un .com alors que le site est en .ca.;ENVOYE 2026-10-06
Canada;CA;Dartmouth (Nouvelle-Ecosse);Cole Harbour Glass Limited;Fourniture et pose residentiel commercial et industriel depuis 1991;coleharbourglass.com;chg@coleharbourglass.com;+1 902 468 6954;75 Akerley Blvd unite 110. Adresse chg arobase coleharbourglass.com publiee sur la page contact. Envoi 07/10 : angle premier port nord-americain sur les routes europeennes, float plus trempe plus miroir sans cuivre, chargements mixtes pour ne pas imposer vingt tonnes d une epaisseur.;ENVOYE 2026-10-07
Canada;CA;Dartmouth (Nouvelle-Ecosse);Superior Glass;Vente et services verriers pour la region de Halifax;superiorglazing.ca;info@superiorglazing.ca;+1 902 466 3511;301 Windmill Rd. ARGUMENT STRUCTUREL : Halifax est le premier port nord-americain sur les routes europeennes. Envoi 07/10 : float plus miroir sans cuivre pour le climat maritime plus Low-E, port Halifax.;ENVOYE 2026-10-07
Canada;CA;Delta (C.-B.) et Calgary;National Glass;Le plus gros grossiste verrier independant de l'Ouest canadien;nationalglass.ca;sales@nationalglass.ca;+1 604 530 2311;GROS : grossiste, achete deja au conteneur. Port Vancouver. Relance 08/10, format court a une seule question plus porte de sortie. Delivrabilite deja prouvee par l envoi du debut octobre. Angle : premier grossiste independant de l Ouest canadien, achete deja au conteneur avec une route sur Vancouver. Question volume annuel.;RELANCE 2026-10-08
Canada;CA;Edmonton (Alberta);Float Glass Ltd;Float, miroir, feuillete et imprime en caisses pour l'Alberta et la Saskatchewan;floatglass.ltd;info@floatglass.ltd;+1 587 442 4700;ACHETE DEJA EN CAISSES — profil conteneur. Aucune adresse publiee. DEVERROUILLEE LE 08/10 : info arobase floatglass.ltd est publiee par la societe sur sa propre page de tarifs, domaine present dans les URL de resultats. ENVOI PREVU LE 09/10, pas aujourd hui, le plafond d envoi du jour etant atteint. RENSEIGNEMENT DE MARCHE PRECIEUX : leur grille de prix est PUBLIQUE sur leur site, avec le nombre de feuilles par caisse. Exemple releve, float clair 3 mm en 96 x 72 pouces, 60 feuilles par caisse. Cela donne leur conditionnement et leur niveau de prix de revente en Alberta. A exploiter pour calibrer une offre, JAMAIS a citer dans un message. POINT TECHNIQUE : leurs cotes sont en 96 x 72 pouces, soit 2438 x 1829 mm, feuille de stock nord-americaine. Notre jumbo 3210 x 2550 ne correspond pas : proposer a cotes. Ils fournissent l Alberta ET la Saskatchewan en float miroir feuillete et imprime. Le Canada n a plus de ligne float depuis 2008. ENVOI DU 08/10 sur l adresse trouvee sur leur page de tarifs. LE MESSAGE SOULEVE LUI-MEME L OBSTACLE : leurs 96 par 72 pouces font 2438 par 1829 mm et notre jumbo 3210 par 2550 ne s y divise pas proprement, donc un conteneur pour eux doit partir a cotes et non en jumbo. Dit d entree plutot que decouvert au moment du devis. Canada sans ligne float depuis 2008. Offre proposee sur Vancouver ou Montreal selon ce qui route le mieux vers Edmonton.;ENVOYE 2026-10-08
Canada;CA;Edmonton (Alberta);Glassbuilt Manufacturing;Trempe et vitrages isolants pour l'Alberta, la C.-B., le Manitoba, le Yukon et les T.N.-O.;glassbuilt.com;contact@glassbuilt.com;+1 780 455 0440;Couvre cinq provinces et territoires : volume. Port Vancouver puis rail. CONTROLE MX DU 07/10 : le domaine glassbuilt.com n a aucun enregistrement MX, seulement un A. Livraison incertaine. Ne pas inclure dans un lot groupe : tester seul et surveiller le rebond.;ENVOYE 2026-10-06
Canada;CA;Etobicoke (Ontario);Norfinch Glass and Mirrors Mfg. Ltd;Fabrication de verre et de miroirs;norfinchglass.com;info@norfinchglass.com;+1 416 663 5403;ANGLE MIROIR. Copie a orderdesk arobase norfinchglass.ca. Liens miroir sans cuivre et float envoyes. Port Montreal.;ENVOYE 2026-10-06
Canada;CA;Gatineau (Quebec);VMIK Glass;Fabrication de verre trempe et feuillete;vmik.ca;vente@vmik.ca;;Message en francais redige, voir a-envoyer. Autres adresses order et info arobase vmik.ca.;ENVOYE 2026-10-07
Canada;CA;Georgetown (Halton Hills), Ontario;Kuta Glass Accessories Ltd;Grossiste verre decoratif et accessoires depuis 1980;kutaglass.com;kuta@bellnet.ca;+1 905 873 8800;Grossiste national verre decoratif pour fabricants de portes vitrees et studios. Aucune adresse email publiee : appeler. Port Montreal. Adresse publiee en annuaire et chez un fournisseur. Message honnete sur le decalage de gamme. ECARTEE LE 08/10 APRES VERIFICATION, et c est une correction : cette fiche etait classee en tete de la liste d appels comme grossiste national. Leur stock reel est du plomb, du zinc, du laiton et de la baguette cuivre, soit des FOURNITURES de vitrail, et leurs clients sont les fabricants de portes vitrees et les studios de vitrail. Ils n achetent donc pas de verre plat par conteneur : ce n est pas notre cible. Vente en gros uniquement, commande minimale d ouverture annoncee a 600 dollars, ce qui confirme l ordre de grandeur, tres loin d un conteneur. Adresse kuta arobase bellnet.ca relevee sur leur page Facebook et non sur leur site : regle anti-rebond non satisfaite de toute facon. Conservee pour ne pas etre reprospectee.;ECARTE — HORS GAMME
Canada;CA;Guelph (Ontario);North America Glazing Corp.;Fabricant d'unites scellees, trempe et feuillete pour le commercial et l'industriel;northamericaglazing.com;info@northamericaglazing.com;+1 226 203 8254;LIGNE DE VITRAGE ISOLANT : consommation continue. Liens float et Low-E envoyes. Port Montreal.;ENVOYE 2026-10-06
Canada;CA;Kelowna (Colombie-Britannique);Vitralite Industries Inc.;Unites de vitrage isolant sur mesure, B2B, plus de 50 ans;vitralite.com;;+1 250 860 0571;Aucune adresse publiee sur la page contact. VERIFIE LE 08/10, AUCUNE ADRESSE PUBLIEE : leur page de contact ne donne qu une adresse postale et un telephone, et je ne devine pas une adresse. Reste un dossier telephonique, 250-860-0571. Adresse 977 Laurel Ave, Kelowna, Colombie-Britannique V1Y 7G4. PROFIL ET RESERVE DE TAILLE : ils se presentent comme fabricant LOCAL, prive, strictement B2B, sans vente au detail, et leur zone de service annoncee se limite a l interieur de la Colombie-Britannique, Kelowna Vernon Kamloops Penticton et Chilliwack. C est donc un transformateur regional et non un importateur national : un conteneur complet est possible mais loin d etre evident a leur echelle, et Kelowna est a quatre heures de route de Vancouver. POINT D ENTREE UTILE : leur accueil invite a demander l OUVERTURE D UN COMPTE B2B, ce qui est la voie la plus directe pour un contact commercial. Prochaine action : appel, etablir le volume annuel avant de parler conteneur. TESTEE LE 08/10 PAR LA METHODE DU PARAGRAPHE 13 : la page de contact existe et ne publie AUCUNE adresse e-mail, seulement le telephone 250-860-0571 et l adresse 977 Laurel Ave, Kelowna, Colombie-Britannique V1Y 7G4. Fait qui renforce la fiche : ils se declarent fabricant B2B qui ne vend qu aux entreprises, sans vente au detail. C est exactement le profil conteneur. Reste en appel, et ce n est pas un echec de recherche mais un choix de la societe.;A APPELER
Canada;CA;Kingsville (Ontario), 1-28 Dimar Dr;Leamington Glass;Verre thermique, trempe, isolant, miroir et plateaux;;;+1 226 703 3443;Verrier implante au coeur du bassin serricole. Aucune adresse publiee : a appeler, et leur demander qui leur fournit le vitrage horticole de la region.;A APPELER
Canada;CA;Langley (Colombie-Britannique);PFG Glass Industries Ltd;Fabricant, importateur et distributeur de verre plat, entrepot de 125 000 pi2;pfgglass.com;info@pfgglass.com;+1 604 607 4500;IMPORTATEUR-DISTRIBUTEUR — cible conteneur prioritaire. Importe et stocke deja a l'echelle du conteneur.;ENVOYE 2026-10-06
Canada;CA;Langley (Colombie-Britannique);Vitrum Glass Group;Presente par la presse professionnelle comme le premier transformateur de verre du Canada;vitrum.ca;marketing@vitrum.ca;+1 604 882 3513;MAJOR NATIONAL. Boite marketing : demande de transfert aux achats incluse. Port Vancouver.;ENVOYE 2026-10-06
Canada;CA;Leamington (Ontario), 144 Erie St. North;Ruthven Greenhouse Construction — RGC;Construction de serres depuis plus de vingt-cinq ans;ruthvengreenhouse.com;info@ruthvengreenhouse.com;+1 519 326 3959;Vingt-cinq ans de serres a Leamington : ils ont pose plus de metres carres de verre que la plupart des negociants n en vendent. Sur une serre le vitrage est l enveloppe, pas un lot parmi d autres. Envoi 08/10 : float 4 mm et extra-clair, decoupe aux cotes de vitre. Ports Montreal ou Toronto. Controle MX impossible le 08/10 : le resolveur DNS de la session est hors service et rend NXDOMAIN sur tous les domaines, gmail.com compris. Regle anti-rebond respectee en revanche, le domaine figure bien dans les URL de resultats. A revalider des que le DNS revient.;ENVOYE 2026-10-08
Canada;CA;Leamington (Ontario), 4 Seneca Road;South Essex Fabricating — SEF;Constructeur de serres cle en main, serres Venlo vitrees, fabrication acier integree;sef.ca;sales@sef.ca;+1 519 322 5995;NOUVEL AXE : prospection par type d acheteur et non par pays. Leamington est le plus gros bassin serricole d Amerique du Nord et une serre Venlo est un batiment dont l enveloppe est presque entierement en verre, chiffree en dizaines de milliers de metres carres par projet, pas en vitres. Croise avec l absence de ligne float canadienne depuis 2008, c est le meilleur profil trouve depuis le debut de la campagne. Envoi 08/10 : float 4 mm et extra-clair pour la transmission lumineuse, decoupe aux cotes de vitre et non jumbo car ils veulent des vitres a poser et non des feuilles a recouper. Ports Montreal ou Toronto. Controle MX impossible le 08/10 : le resolveur DNS de la session est hors service et rend NXDOMAIN sur tous les domaines, gmail.com compris. Regle anti-rebond respectee en revanche, le domaine figure bien dans les URL de resultats. A revalider des que le DNS revient.;ENVOYE 2026-10-08
Canada;CA;Leamington (Ontario);SkyHigh Greenhouse Construction Ltd;Construction de serres cle en main, renovations, structures acier et ecrans;skyhighgreen.com;info@skyhighgreen.com;;Se presente comme etant au coeur de l industrie serricole canadienne. Aucune adresse publiee dans les resultats : a appeler. Ports Montreal ou Toronto. DEVERROUILLEE LE 08/10 : info arobase skyhighgreen.com est publiee sur leur page de contact, domaine identique, regle anti-rebond satisfaite. Telephone 1-519-999-0488, adresse postale 2338 County Road 8, Wheatley, Ontario, et base a Leamington. Ils annoncent servir les producteurs de l Ontario, du Canada et des Etats-Unis. SEGMENT A PART, ET C EST SON INTERET : Leamington est le coeur de la serriculture canadienne, et une serre consomme du verre au millier de metres carres, pas a la feuille. Le Canada n a plus de ligne float depuis 2008, donc tout leur verre est importe. RESERVE TECHNIQUE A NE PAS CACHER : le verre horticole est un produit specifique, souvent du 4 mm diffusant en cotes Venlo, et non du vitrage architectural. Avant de parler conteneur il faut etablir s ils achetent le verre ou si le producteur l achete lui-meme, et sous quelles cotes. La question du message doit porter la-dessus et non sur une gamme. Metiers annonces : serres sur mesure, retrofit et entretien. ENVOI programme le 09/10 en anglais. Port Montreal ou Toronto. Prochaine action : envoyer le 09/10, question centree sur qui achete le verre et en quelles cotes.;A ENVOYER 2026-10-09
Canada;CA;London (Ontario);Glass Canada Limited;Vitrerie de service 24h/24 pour le sud-ouest de l'Ontario;glasscanada.ca;info@glasscanada.ca;+1 519 642 4100;ECARTE : vitrier de service, pas de capacite d'achat conteneur apparente.;ECARTE — PETITE STRUCTURE
Canada;CA;Lower Sackville (Nouvelle-Ecosse);Lahey Glass;Plus d'un siecle d'activite, couvre NE, IPE, NB et Terre-Neuve;laheyglass.ca;;;Adresse brent.macintyre citee sans recoupement du domaine : appeler plutot que deviner. VERIFIE LE 08/10, RESULTAT NEGATIF : trois recherches, dont une restreinte au domaine laheyglass.ca, ne rendent aucun resultat. Le domaine inscrit dans la fiche n est plus indexe et la fiche ne porte pas de telephone. A REQUALIFIER : passer par Corporations Canada ou le registre provincial pour verifier que l entite est active et retrouver son adresse. Prochaine action : requalifier ou declasser. TESTEE LE 08/10 PAR LA METHODE DU PARAGRAPHE 13, SANS RESULTAT : laheyglass.ca ne remonte aucune page et le nom ne ressort pas en recherche large. Domaine non indexe. A requalifier.;A QUALIFIER
Canada;CA;Mississauga (Ontario);Canadian Architectural Glass;Feuilletage et vitrages isolants;caglass.ca;info@caglass.ca;+1 905 677 2417;Port Montreal.;ENVOYE 2026-10-05
Canada;CA;Mississauga (Ontario);United Glass;Grossiste — plus grande selection de verre imprime et miroir du Canada, plus float clair, acid etched et laque;unitedglass.ca;john@unitedglass.ca;+1 905 282 9929;GROSSISTE : angle miroir argent, float clair et extra-clair pour le laque. DEMANDE DE DEVIS le 06/10 a 18h14, une heure apres notre message. John demande un prix au pied carre CIF Toronto sur neuf references, open top et closed, caisses de 96 par 130 pouces. Il signale que l'adresse Gmail ne le rassure pas. Reponse redigee dans devis, a envoyer par Aaron depuis l'adresse pro. MESSAGE ENVOYE LE 08/10 APRES-MIDI, ET IL ETAIT DU AUJOURD HUI. Rappel du dossier : John a demande le 06/10 a 18h14, une heure apres notre message, un prix au pied carre CIF Toronto sur neuf references, et un prix lui avait ete promis POUR JEUDI. Or jeudi, c est aujourd hui — la fiche decision disait c etait hier, c etait faux, et la verification du jour de la semaine a corrige l erreur. Il n y a toujours pas de grille de prix. DECISION PRISE : ecrire quand meme, parce que le silence le jour promis coute plus qu un aveu. Le message dit trois choses. UN, il part de aaron.harfi arobase noxem-group.com, ce qui repond directement a son objection : il avait dit que l adresse Gmail ne le rassurait pas. Confirmation de reception demandee, et c est aussi un test, cette adresse n ayant jamais ete vue fonctionner depuis cette boite. DEUX, il dit franchement que la grille n est pas prete et qu aucun chiffre ne partira pour etre corrige la semaine suivante. TROIS, et c est ce qui fait avancer le dossier sans prix, il pose la question du 96 x 130 pouces : 96 pouces font 2438 mm, ce n est pas une division du jumbo 3210 x 2550, et un four calibre 96 pouces ne prend pas 2550. Deux cas lui sont presentes, la coupe a la cote qui reste a valider a l usine, ou des cotes standard qu il recoupe lui-meme, le second etant annonce comme meilleur pour lui. Aucun prix, aucun delai, aucun certificat. WhatsApp propose. PROCHAINE ACTION : attendre sa reponse sur la cote, qui conditionne le chiffrage. Si rien au 13/10, relancer. CORRECTION DE STATUT, FAITE DANS LA MINUTE : j avais passe cette fiche en RELANCE 2026-10-08, ce qui effacait l information la plus importante du registre — qu une DEMANDE DE DEVIS FERME est ouverte depuis le 06/10. Le paragraphe 3 impose de distinguer les demandes de devis des simples envois dans l entonnoir : un statut de relance les aurait rendues invisibles au decompte. Statut remis a demande de devis, avec la date de la relance accolee.;DEMANDE DE DEVIS — RELANCEE 2026-10-08
Canada;CA;Montreal (Quebec);Artisans du Vitrail;Grossiste-importateur de vitrail d'art;artisansduvitrail.com;wholesale@artisansduvitrail.com;;ECARTE : vitrail d'art, hors de notre gamme verre plat.;ECARTE — HORS GAMME
Canada;CA;Montréal (boul. Maurice-Duplessis);IGP — International Glass Products Inc.;Trempe, feuillete, miroirs et verre sur mesure, usine de 100 000 pieds carres;igpglass.ca;info@igpglass.com;+1 514 354 5277;FRANCOPHONE : envoi en francais, appel direct propose. Site en .ca mais adresse en .com : surveiller un rebond. Port Montreal.;ENVOYE 2026-10-06
Canada;CA;Montréal (rue Saint-Jacques);Glass Experts;Verre sur mesure residentiel et commercial;glassexperts.com;info@glassexperts.com;+1 514 484 6206;Francophone : relance possible en francais. Port Montreal. Relance 08/10, quatrieme tranche. Question qui qualifie : achetent-ils par conteneur ou aupres d un distributeur canadien. Envoi en francais, la fiche les signalant francophones. Argument canadien partage : plus de ligne float depuis 2008, donc tout est importe quel que soit le fournisseur et seule l origine est variable.;RELANCE 2026-10-08
Canada;CA;Montréal, Laval et Rive-Sud;Vitrerie Leon Charlebois;Verre sur mesure et verre trempe;vitrerieleoncharlebois.com;info@vitrerieleoncharlebois.com;+1 514 769 9641;Petite structure francophone, a qualifier avant envoi. Envoi 07/10 en francais. Requalifie : ils trempent, donc ils achetent du float brut, ce n est pas un simple poseur. Angle fin de la ligne float canadienne en 2008, decoupe possible au format nord-americain 2438 x 3302 mm. Port Montreal.;ENVOYE 2026-10-07
Canada;CA;Montréal-Nord (boul. Henri-Bourassa E);Chronoglass;Verre sur mesure : faconne, isolant, feuillete, thermos, imprime;chronoglass.com;info@chronoglass.com;+1 514 328 4795;Francophone. Aucune adresse publiee : appeler en francais. Adresse trouvee le 06/10. Transformateur Montreal.;ENVOYE 2026-10-06
Canada;CA;Ottawa (Ontario);Centennial Glass;Vitrier commercial avec gamme stockee et unites scellees;centennialglass.com;info@centennialglass.com;;Capacite conteneur a confirmer, porte de sortie dans le message. Voir a-envoyer.;ENVOYE 2026-10-07
Canada;CA;Québec (rue Bérubé);Multiver Ltée;Vitrages scelles, trempe, feuillete et faconnage, solutions integrees;multiver.ca;info@multiver.ca;+1 877 352 3350;GROS transformateur quebecois. Aucune adresse publiee : appeler, et en francais. Fabricant ET distributeur depuis 1966. Profil conteneur fort.;ENVOYE 2026-10-06
Canada;CA;Québec (rue Raoul-Jobin);Vitrerie Lepage;Transformation de trempe et de feuillete pour les entreprises;vitrerielepage.ca;info@vitrerielepage.com;;Francophone. Aucune adresse publiee. DEVERROUILLEE LE 08/10. EXCEPTION DU PARAGRAPHE 5 : le domaine de l adresse est vitrerielepage.COM alors que le site est en .CA. L envoi n est autorise que parce que la societe publie elle-meme cette adresse, sur sa page Nous joindre et sur plusieurs autres. Telephone 418-681-6393, fax 418-687-5557, adresse 930 rue Raoul-Jobin, Quebec QC G1N 1S9. Horaires du lundi au jeudi avec pause de midi, fermeture plus tot le vendredi, ferme le week-end. PROFIL BIEN MEILLEUR QUE LE NOM NE LE SUGGERE : le mot vitrerie fait penser a un poseur, mais leur site a une page FOURS A TREMPE et une page CNC. Ils trempent et usinent en propre : c est un transformateur, donc un acheteur de substrat en continu, et pas un vitrier de quartier. DIRIGEANT NOMMABLE : Jonathan Gravel, publie comme CO-PROPRIETAIRE dans leur politique de confidentialite, adresse jonathan.gravel arobase vitrerielepage.com. Fonction verifiee et pertinente au titre du paragraphe 5, donc utilisable — mais en second recours, l adresse generale d abord. DOUBLE ATOUT DE CONTEXTE : le Canada est devenu une cible qualifiee le 08/10, plus de ligne float et 90 pour cent du verre venu des Etats-Unis a travers une frontiere sous droits reciproques de 50 pour cent , et Quebec est francophone, donc le message part dans notre langue la plus naturelle. NE RIEN ECRIRE SUR LES DROITS DE DOUANE, question en attente chez Aaron. ENVOI programme en priorite 2, en francais. Port Montreal ou Quebec. Prochaine action : envoyer.;A ENVOYER 2026-10-09
Canada;CA;Regina et Saskatoon (Saskatchewan);Clearlite Glass Ltd;Verrerie commerciale, deux implantations;clearliteglass.com;corey@clearliteglass.com;+1 306 359 0039;Deux sites donc du stock. Copie a kelly arobase clearliteglass.com. Liens float, Low-E, trempe envoyes.;ENVOYE 2026-10-06
Canada;CA;Saskatoon (Saskatchewan);Dynamic Glass and Door Ltd;Verre, portes et aluminium;dynamic-glass.com;administration@dynamic-glass.com;+1 306 651 1553;Adresse masquee sur le site. DEVERROUILLEE LE 08/10 : administration arobase dynamic-glass.com est publiee sur leur page de contact pour les demandes generales, domaine identique a celui du site, regle anti-rebond satisfaite. RESERVE : administration n est pas les achats, le message devra demander la transmission. Leur page de contact liste aussi des adresses par fonction, chef de projet, ventes et service, president et vice-president, mais elles ne sont pas dans le texte indexe : a recuperer si l adresse generale ne donne rien. Implantation 2-3003 Millar Avenue, SASKATOON, Saskatchewan. Fixe 306-651-1553, astreinte 306-250-8845, horaires 8h-16h30 heure centrale, service d urgence 24h. PARTENARIAT RELEVE : Clear-View Glass a Prince Albert, Saskatchewan, contact Donna Wawro au 306-764-5588, presente comme un partenariat qui elargit leurs capacites de transformation et de service. Deux maisons liees sur la meme province : le volume a considerer est celui des deux. CONTRAINTE LOGISTIQUE A NE PAS IGNORER : la Saskatchewan est enclavee, un conteneur arrive par Vancouver ou Montreal puis par rail, ce qui allonge le delai et le cout. Ne pas promettre de rendu, s en tenir au port et a la reserve de validation. Le Canada n a plus de ligne float depuis 2008. ENVOI programme le 09/10 en anglais. Port Vancouver puis rail. Prochaine action : envoyer le 09/10.;A ENVOYER 2026-10-09
Canada;CA;Saskatoon (Saskatchewan);Wallis Glazing;Distributeur de fenetres et portes fibre de verre;wallisglazing.com;;+1 306 321 2663;Aucune adresse publiee. Acheteur de vitrage. VERIFIE LE 08/10 : adresse masquee dans les pages indexees, dossier telephonique. Telephone (306) 321-2663, adresse 2333 Millar Ave, Saskatoon SK S7K 2Y3 — une ancienne page donne 509C Gray Ave, probablement perimee. CORRECTION DE PROFIL, ET ELLE DECLASSE LA FICHE : leur site les presente comme DISTRIBUTEUR DE FENETRES ET PORTES EN FIBRE DE VERRE, notamment des produits Duxton, et leurs articles portent sur la reparation de portes en aluminium. La fibre de verre n est pas du verre plat : ce n est pas le meme metier ni le meme achat. Ils posent certainement du vitrage dans leurs chassis, mais rien n indique qu ils achetent du verre en feuilles. A requalifier au telephone avant tout effort, et ne pas leur ecrire un message de fournisseur de float. A NOTER : ils sont au 2333 Millar Ave a Saskatoon et Dynamic Glass and Door, autre fiche du registre, au 3003 de la meme avenue. Deux societes distinctes dans la meme rue d une ville enclavee : ne pas les confondre, et se souvenir que la Saskatchewan impose un post-acheminement par rail. Prochaine action : appel pour etablir s ils achetent du verre plat. ECARTEE LE 08/10 APRES LECTURE DE LEUR SITE. Ils se presentent comme DISTRIBUTEUR DE FENETRES ET PORTES EN FIBRE DE VERRE, et distribuent les produits Duxton. Ce n est pas un negociant de verre plat : ils revendent des menuiseries finies, et le verre qu elles contiennent arrive monte dans l unite scellee, achete par le fabricant et non par eux. Un conteneur de feuilles n a aucun sens pour eux. 2333 Millar Ave, Saskatoon, tel 306-321-2663. Second motif qui confirme : la Saskatchewan est enclavee, un conteneur y arrive par Vancouver ou Montreal puis par rail. Fiche fermee, l appel est economise.;ECARTE — HORS PERIMETRE
Canada;CA;Surrey et Sooke (Colombie-Britannique);Vanbo Glass Industries Ltd;Trempe, isolant, feuillete, frit, coupe-feu, serigraphie et miroir;vanboglass.ca;info@vanboglass.ca;+1 604 427 3858;Adresse masquee sur le site. Gamme large donc gros consommateur de feuille. DEVERROUILLEE LE 08/10 : info arobase vanboglass.ca est publiee sur leur page de contact, sur leur page de prise de rendez-vous et sur leur page trempe en chinois, domaine identique a celui du site, regle anti-rebond satisfaite. Seconde adresse publiee sur la meme page, vanboglass004 arobase gmail.com : repli uniquement, l adresse du domaine propre vaut mieux. DEUX SITES : siege 19350 Enterprise Way, Surrey, Colombie-Britannique V3S 6J9, et une installation a Sooke, 62-7450 Butler Road, sur l ile de Vancouver. Telephone 604-427-3858, horaires 8h-17h du lundi au vendredi. Gamme trempe, feuillete et serigraphie, donc transformateur et acheteur de substrat. OBSERVATION A GARDER POUR CALIBRER LE MESSAGE : une partie de leur site est en chinois, y compris leurs pages produits. Cela suggere une maison sino-canadienne, donc probablement deja approvisionnee en Asie. L angle n est alors pas le prix mais ce qu une origine europeenne apporte, et il ne faut pas ecrire comme si elles n avaient pas de fournisseur. Le Canada n a plus de ligne float depuis 2008, donc tout est importe de toute facon. ENVOI programme le 09/10 en anglais. Port Vancouver. Prochaine action : envoyer le 09/10.;A ENVOYER 2026-10-09
Canada;CA;Sydney (Nouvelle-Ecosse);Advanced Glazings Ltd;Fabricant de vitrage isolant diffusant haute performance;advancedglazings.com;info@advancedglazings.com;+1 888 452 0464;TRANSFORMATEUR EXIGEANT : la qualite optique de la feuille se voit sur le produit fini. Liens extra-clair et Low-E envoyes. Port Halifax.;ENVOYE 2026-10-06
Canada;CA;Toronto (Crockford Blvd);Tri-Temp Glass Inc.;Verre de securite architectural, garde-corps, douches, bombe;tritempglass.com;cs@tritempglass.com;+1 416 285 1890;Argument low-iron pour garde-corps et douches. Relance 08/10, quatrieme tranche. ANGLE TECHNIQUE LE PLUS FORT DU LOT : garde-corps et parois de douche, ou le clair standard montre sa limite — a 10 et 12 mm la dominante verte se voit dans le chant, et sur un garde-corps sans cadre le chant EST le produit. D ou l extra-clair. Argument canadien partage : plus de ligne float depuis 2008, donc tout est importe quel que soit le fournisseur et seule l origine est variable.;RELANCE 2026-10-08
Canada;CA;Vaughan (Toronto), Ontario;IGD — Independent Glass Distributors Ltd;Distribution de verre et accessoires, sept centres de distribution de la C.-B. a l Ontario;igdglass.com;info@igdglass.com;+1 905 660 4661;Reseau national de distribution verriere, sept plateformes. Aucune adresse email publiee : appeler. Port Montreal pour l Est, Vancouver pour l Ouest. Adresse info arobase igdglass.com retrouvee le 07/10 sur la page contact du site, domaine conforme. Envoi 07/10 : angle sept plateformes donc achat de reconstitution de stock, fin de la ligne float canadienne en 2008, float plus Low-E plus miroir, decoupe possible au format nord-americain 2438 x 3302 mm, ports Vancouver ou Montreal.;ENVOYE 2026-10-07
Canada;CA;Winnipeg (Manitoba);AGM Glass Fabricators Inc.;Premier transformateur verre et miroir du Manitoba, ne du vitrage isolant en 2005;agm-inc.com;marty@agm-inc.com;+1 204 256 0570;Contact nomme : Marty. Port Montreal ou Vancouver puis rail.;ENVOYE 2026-10-06
Canada;CA;Winnipeg (Manitoba);Alder Glass & Aluminum Ltd;Fabrication d unites scellees, verre et aluminium;alderglass.com;info@alderglass.com;+1 204 668 7552;Fabricant d unites scellees a Winnipeg. 1838 De Vries Ave. Adresse publiee sur le site, domaine conforme. Envoi 07/10 : angle Low-E teste par l hiver manitobain et fin de la ligne float canadienne en 2008, ports Vancouver ou Montreal puis route.;ENVOYE 2026-10-07
Canada;CA;Winnipeg (Manitoba);Border Glass;Verrerie, 53 Higgins Avenue;borderglass.com;info@borderglass.com;+1 204 957 7200;Aucune adresse publiee. DEVERROUILLEE LE 08/10 PAR LA METHODE EN DEUX TEMPS DU PARAGRAPHE 13. Domaine propre trouve, borderglass.com, confirme par le second temps. Raison sociale complete BORDER GLASS AND ALUMINUM. Siege canadien 53 Higgins Avenue, Winnipeg, Manitoba R3B 0A8, tel 204-957-7200 et numero vert 888-261-3830. TROIS ADRESSES PUBLIEES, ET LE CHOIX COMPTE : info arobase borderglass.com est donnee pour les demandes GENERALES ET COMMERCIALES sur la page de contact de leur DIVISION CONTRAT COMMERCIAL, c est celle que je retiens. service arobase borderglass.com est la division depannage, 100 Higgins Avenue, ce n est pas notre sujet. ET UNE ADRESSE NOMINATIVE A FONCTION VERIFIEE, gardee en reserve : greggraham arobase borderglass.com, Greg Graham, dont la fonction publiee est portes aluminium, quincaillerie, fenetres et VITRERIE. Le paragraphe 5 autorise donc son nom. Mais il figure a la division SERVICES et non au contrat commercial : ecrire a un depanneur pour du substrat au conteneur serait la mauvaise boite. A n essayer que si info ne repond pas. POURQUOI LA FICHE EST BONNE : fondee en 1967 a Selkirk par Don Borys, aujourd hui detenue par ses fils David et Paul, elle sert des clients de MUR-RIDEAU de faible et moyenne hauteur dans tout l Ouest canadien, Manitoba et Alberta, et son portefeuille comprend le MTS Centre de Winnipeg et le Manitoba Remand Centre. Le mur-rideau veut dire float epais et vitrage isolant en volume. FAIT QUI PEUT TOUT CHANGER ET QU IL FAUDRA LEUR DEMANDER : ils ont une implantation a PHOENIX, ARIZONA. Une maison qui achete des deux cotes de la frontiere compare deja des couts rendus et subit de plein fouet les droits reciproques du 22/08/2026. RESERVES : pages indexees depuis plusieurs annees donc adresse a confirmer, le Manitoba est enclave donc conteneur par Vancouver, Montreal ou Thunder Bay puis rail, et NE PAS CONFONDRE avec borderglass.com.au, une societe australienne sans rapport. Envoi en anglais. Prochaine action : envoyer le 13/10.;A ENVOYER 2026-10-13
Canada;CA;Winnipeg (Manitoba);MPD Glass;Verre et services verriers, Manitoba;mpdglass.com;sales@mpdglass.com;+1 204 237 7011;Argument prairie : Low-E et triple vitrage. Liens float, Low-E, miroir envoyes.;ENVOYE 2026-10-06
Canada;CA;Winnipeg (Manitoba);Security Glass Products;Verre commercial pour le Manitoba et l'Ouest canadien, certifie Vitro, propriete metisse;securityglassproducts.com;info@securityglassproducts.com;+1 204 774 9670;Adresse citee en .ca alors que le site est en .com : ne pas deviner, appeler. Adresse masquee sur la page contact. Adresse info arobase securityglassproducts.com publiee sur la page contact du site le 07/10 : le doute .ca contre .com est leve. Envoi 07/10 : angle technique assume, le jumbo 2550 mm ne passe pas un four 96 pouces donc offre a cotes 2438 mm, float et Low-E, climat du Manitoba.;ENVOYE 2026-10-07
Canada;CA;Winnipeg et Brandon (Manitoba);Horizon Glass Ltd;Verre commercial et residentiel, deux implantations;horizonglassltd.com;glassadmin@horizonmb.ca;+1 204 727 1736;Adresse publiee sur un domaine different du site : risque de rebond assume. Liens float, Low-E, miroir sans cuivre envoyes.;ENVOYE 2026-10-06
Canada;CA;Woodbridge (Ontario);All Team Glass;Fabrication de verre trempe et sur mesure;allteamglass.com;;+1 905 851 7711;Aucune adresse publiee. VERIFIE LE 08/10, AUCUNE ADRESSE PUBLIEE : le site ne donne que des telephones. Reste un dossier telephonique, et il est bien documente. Ligne principale 905-851-7711, numero gratuit 1-800-363-4651. Adresse 281 Hanlan Road, Woodbridge, Ontario L4L 3R7, soit la banlieue nord-ouest de Toronto. Ils se presentent comme fabricant et fournisseur de VERRE DE SECURITE a Toronto, avec du verre architectural, des portes de douche sur mesure, et une FAQ qui annonce livrer dans tout le Canada et en Amerique du Nord — donc une portee nationale et non locale. Le Canada est devenu une cible qualifiee le 08/10 : plus de ligne float, 90 pour cent du verre venu des Etats-Unis, frontiere sous droits de 50 pour cent reciproques. Prochaine action : appel sur le numero gratuit, demander les achats et une adresse e-mail. TESTEE LE 08/10 PAR LA METHODE DU PARAGRAPHE 13 : aucune adresse publiee sur allteamglass.com, seulement 905-851-7711, le numero vert 1-800-363-4651 et 281 Hanlan Road, Woodbridge, Ontario L4L 3R7. Le site annonce feuillete, verre bombe, decoupe au jet d eau et trempe : transformateur reel et non poseur, donc acheteur de substrat. Reste en appel.;A APPELER
Canada;CA;Woodbridge (Ontario);North Temp Glass;Trempe;northtemp.com;info@northtemp.com;+1 905 849 2676;Port Montreal.;ENVOYE 2026-10-05
Canada;CA;Woodbridge (Ontario);TC Insulating Glass;Unites de vitrage isolant;;;+1 905 850 9820;Aucune adresse publiee. METHODE EN DEUX TEMPS APPLIQUEE LE 08/10, RESULTAT MAIGRE. Les annuaires donnent tciglass.com comme domaine, mais la recherche restreinte a ce domaine ne rend AUCUNE page : il n est pas indexe, donc le domaine n est pas confirme comme le leur et ne servira pas a envoyer. Fabricant d unites scellees double et triple vitrage a Woodbridge, Ontario, avec intercalaires INEX, Thermal Edge, inox et aluminium, remplissage argon, decoupe automatisee, cintreuse d intercalaire et ligne de scellement. Ils fabriquent des unites Cardinal, ce qui veut dire qu ils achetent du verre Cardinal, donc americain. Tel +1 905 850 9820. DEUX RESERVES QUI BAISSENT LA FICHE : un annuaire donne environ CINQ personnes, ce qui est un petit atelier d unites scellees et non un acheteur de conteneur, et trois sources donnent trois adresses differentes, 400 Zenway Blvd, 71 Whitmore Rd et 625 Zenway Blvd. Priorite basse, et verifier la taille avant d investir un appel. Ne pas confondre avec All Team Glass, qui est aussi a Woodbridge.;A APPELER
Canada;CA;—;Canada Glass Industries Inc.;Transformation de verre;canadaglassindustries.ca;;;Aucune adresse publiee. VERIFIE LE 08/10, AUCUNE ADRESSE PUBLIEE : leur page de contact repose sur un formulaire. Reste un dossier telephonique, +1 604-900-5739, donc Colombie-Britannique. PISTE INDIRECTE RELEVEE, et elle vaut d etre suivie : leur page A propos indique que la societe est CO-DETENUE PAR JJ GLASS SERVICES INC., societe privee de Colombie-Britannique, et que les deux maisons partagent leur direction. Chercher l adresse de JJ Glass Services permettrait donc d atteindre les memes dirigeants. Leurs pages de services portent sur le LoE180 et le LoE3, donc du vitrage a basse emissivite : au Canada c est le produit central, et c est notre page low-e. Prochaine action : chercher JJ Glass Services Inc., sinon appel. TESTEE LE 08/10 PAR LA METHODE DU PARAGRAPHE 13 : page de contact trouvee, aucune adresse publiee, un formulaire et le telephone 604-900-5739. Deux faits utiles releves au passage : ils fabriquent du vitrage isolant en Colombie-Britannique et la societe est co-detenue par JJ Glass Services Inc. Fabricant d isolant veut dire acheteur de float et de low-E, donc la fiche vaut l appel. Piste secondaire : la societe soeur JJ Glass publie peut-etre une adresse.;A APPELER
Canada;CA;—;Techniverre;Transformation de verre;techniverre.ca;communications@techniverre.ca;;Francophone. Aucune adresse publiee. Seule adresse publiee — message demande transmission aux achats.;ENVOYE 2026-10-06
Canada;CA;—;Thermafix;Fabricant canadien de vitrages isolants;thermafix.com;ventes@thermafix.com;;Aucune adresse publiee. Fabricant de vitrage isolant sur trois sites quebecois. Angle Low-E.;ENVOYE 2026-10-06
Cap-Vert;CV;Cap-Vert;Alutev;Aluminium;;;;ADRESSE GMAIL ECARTEE : relevee dans un annuaire et non sur un site de la societe. Localisation et activite reelle non confirmees. A qualifier.;A QUALIFIER
Cap-Vert;CV;Mindelo (Rua de Coco);Bento A. Lima Lda;Importation gros et detail;;;;Profil importateur-grossiste donc interessant par nature. ADRESSE bento arobase cvtelecom.cv ECARTEE : relevee dans un annuaire ancien de caboverde.com, domaine cvtelecom.cv absent des URL de resultats. Regle anti-rebond non satisfaite.;A QUALIFIER
Cap-Vert;CV;Mindelo (Sao Vicente);Alufer — Sociedade Transformadora de Aluminio e Ferro;Transformation aluminium et fer;;;;ADRESSE alufer arobase cvtelecom.cv ECARTEE pour la meme raison que Bento A. Lima : annuaire ancien, domaine absent des URL. A qualifier.;A QUALIFIER
Cap-Vert;CV;Mindelo (Sao Vicente);Neves — Caixilharia Aluminio e Vidro;Chassis aluminium et verre;;;;Seule societe capverdienne reperee portant vidro dans sa raison sociale, donc profil le plus proche de notre cible. Aucun contact dans les sources. A qualifier en priorite sur le reste du Cap-Vert. Port de Mindelo.;A QUALIFIER
Cap-Vert;CV;Praia (Achada Grande Tras);Serralharia Vidal;Ferronnerie aluminium chassis de fenetres grilles et portails;svidal.cv;caboverde@svidal.cv;+238 261 21 77;Fabricant de chassis aluminium donc consommateur de vitrage. Archipel sans ligne float : tout arrive par mer. Port de Praia, envoi en portugais. DEUX DOMAINES RELEVES : l annuaire donne caboverde arobase serralhariavidal.cv mais la page de contacts du groupe publie caboverde arobase svidal.cv, et c est svidal.cv qui figure dans les URL. Adresse retenue sur svidal.cv. Le prefixe caboverde suggere la succursale capverdienne d un groupe portugais : a preciser, car le Portugal releve de l Europe ou le paragraphe 6 interdit la prospection neuve. QUESTION POSEE : achetent-ils decoupe chez un importateur local ou importent-ils eux-memes. Regle anti-rebond OK : le domaine figure dans les URL de resultats. Controle MX impossible le 08/10 car le resolveur DNS de la session est hors service.;ENVOYE 2026-10-08
Cap-Vert;CV;Praia (Ponta d Agua);Alucity Aluminio Comercio e Industria Lda;Commerce et industrie de l aluminium;;;;Aucune adresse publiee. A qualifier. Port de Praia.;A QUALIFIER
Chili;CL;Iquique (Almirante Latorre 740) plus Zofri et Antofagasta;Importadora Crispieri;Importation et commercialisation de verre plat, transformation, trois points dont la zone franche;;ventasiqq@crispieri.cl;+56 57 242 4712;IMPORTATEUR PUR : cible prioritaire. Aucune adresse publiee. DEVERROUILLEE LE 08/10, ET LA FICHE SOUS-ESTIMAIT LARGEMENT LA CIBLE. Elle n est pas a Santiago mais a IQUIQUE, avec une succursale en ZONE FRANCHE ZOFRI et une troisieme a Antofagasta. Une importatrice de verre plat installee a Iquique avec un point en zone franche est un HUB DE REEXPORT, pas un simple negociant local : c est le profil conteneur le plus net du Chili. Registre du commerce : fabrication manipulation et transformation de verre plat, Importadora Crispieri S.A. Cerrada. ADRESSES SUR LEUR PROPRE DOMAINE crispieri.cl, qui figure bien dans les URL de resultats : ventasiqq arobase pour Iquique, ventaszofri arobase pour la zone franche, ventasantof arobase pour Antofagasta. Reserve honnete : ces trois adresses ont ete relevees sur leur page Facebook et sur une ancienne page Wix, celle de leur site etant ofusquee dans l index. Le domaine correspond donc la regle est satisfaite, mais tester ventasiqq SEULE d abord. ECARTEE : pbarsot arobase gmail.com, compte personnel. A IGNORER AUSSI : la page contacto de leur site affiche des adresses a Milan et Turin, sans rapport avec la filiale chilienne. Almirante Latorre 740 Iquique, 9h-14h et 14h30-17h30 en semaine, 9h-14h le samedi. Zofri +56 57 241 6555, Antofagasta +56 55 222 5857. ENVOI PREVU LE 09/10. ENVOI DU 08/10 sur ventasiqq, testee seule comme prevu. Message qui reconnait d entree que le Chili produit son propre float, donc renoncement au float clair ordinaire. ANGLE : leur position a Iquique avec un pied en Zofri n est pas celle d un vitrier local mais d une plateforme de reexportation vers le nord du Chili, la Bolivie et le sud du Perou. Cible reduite a ce que la production nationale couvre le moins bien, extra-clair couche tendre et miroir sans cuivre. QUESTION QUI DECIDE BEAUCOUP, posee dans le message : le verre qui entre par la Zofri reste-t-il au Chili ou est-il reexporte vers la Bolivie et le Perou. La reponse dira si on parle a un distributeur national ou a un hub regional. Envoi en espagnol.;ENVOYE 2026-10-08
Chili;CL;Puente Alto (Santiago);Forpec;Transformation de verre;forpec.cl;ventas@forpec.cl;+56 2 3221 7310;Envoi en espagnol, argument : aucune float au Chili. CORRECTION FACTUELLE DU 08/10 : cette fiche affirmait qu il n y a pas de production float au Chili. C EST FAUX. Le paragraphe 6 de notre propre mandat nomme Vidrios Lirquen parmi les producteurs float concurrents, et Lirquen est chilien. Un acheteur chilien aurait releve l erreur a la premiere ligne. ANGLE A REFAIRE : reconnaitre la production nationale, renoncer au float clair ordinaire, et cibler ce que Lirquen ne couvre pas bien, extra-clair, Low-E a couche tendre, miroir sans cuivre ni plomb et grands formats. Meme correction que celle apportee au Kenya le meme jour a cause de Sapphire. AGGRAVANT : le message du 05/10 est DEJA PARTI avec cet argument faux. Le cout de credibilite est deja paye, on ne peut que ne pas le repeter. La relance devra assumer la correction plutot que l ignorer, ce qui est d ailleurs le format qui a le mieux marche aujourd hui.;ENVOYE 2026-10-05
Chili;CL;Santiago (Cerrillos);Templaglass S.A.;Trempe, feuillete et double vitrage sur mesure;templaglass.cl;info@templaglass.cl;+56 2 2618 6702;Usine Cerrillos + showroom Las Condes. Port San Antonio. Envoi en espagnol. Relance courte le 06/10, lot 4.;RELANCE 2026-10-06
Chili;CL;Santiago (Cerrillos);Vidrios Dellorto;Transformation et negoce de verre plat;dellorto.cl;contacto@dellorto.cl;+56 2 2751 1800;Chili sans usine float : 100 pour cent du verre est importe. Envoi en espagnol. Rebond 550 5.4.1 Access denied (Microsoft 365) le 05/10 : adresse refusee par l'annuaire du destinataire. CORRECTION FACTUELLE DU 08/10 : cette fiche affirmait qu il n y a pas de production float au Chili. C EST FAUX. Le paragraphe 6 de notre propre mandat nomme Vidrios Lirquen parmi les producteurs float concurrents, et Lirquen est chilien. Un acheteur chilien aurait releve l erreur a la premiere ligne. ANGLE A REFAIRE : reconnaitre la production nationale, renoncer au float clair ordinaire, et cibler ce que Lirquen ne couvre pas bien, extra-clair, Low-E a couche tendre, miroir sans cuivre ni plomb et grands formats. Meme correction que celle apportee au Kenya le meme jour a cause de Sapphire. VERIFIE LE 08/10 PAR AILLEURS : l adresse info arobase dellorto.cl du site est bien celle qui a rebondi en 550 5.4.1, donc rien de neuf de ce cote. Les annuaires donnent une alternative contacto arobase dellorto.cl, meme domaine que le site donc regle anti-rebond satisfaite : a tester SEULE, apres le rebond precedent. DEUX LIMITES IMPORTANTES RELEVEES SUR LEUR SITE : ils annoncent ne livrer que le Grand Santiago, et leur centre d aide renvoie les cotations hors Santiago vers WhatsApp. Surtout, les annuaires les decrivent comme commercialisation et TRANSFORMATION de verre de securite et aluminium, donc fabricant-transformateur et non importateur : l affirmation importateur de cette fiche n est pas etablie. Formulaire B2B dedie sur leur site. Sucursale Cerrillos Piloto Lazo 419, +562 2751 1800, 8h30-18h en semaine. ADRESSE DE SECOURS CONFIRMEE PAR LEUR PROPRE SITE LE 08/10 et portee en fiche a la place de info, qui avait rebondi en 550 5.4.1. contacto arobase dellorto.cl figure sur leur page des bureaux, meme domaine que le site, regle anti-rebond satisfaite. DEUX AUTRES ADRESSES EN RESERVE : express arobase dellorto.cl pour les expeditions hors zone, motero arobase dellorto.cl pour les projets du sud. A ESSAYER SEULE, jamais dans un lot, apres le rebond du 05/10. Deuxieme implantation relevee au passage, qui agrandit la fiche : succursale de Temuco, Ruta 5 Sur 2735 module 3, Padre las Casas, tel +56 45 2646 6755, en plus de la casa matriz de Cerrillos. Gamme confirmee : frentes templados, vitrage isolant pour efficacite energetique, revetements et ANTIBALAS, donc transformateur complet et acheteur de substrat. L angle corrige du 08/10 reste valable : production float nationale chez Vidrios Lirquen, donc extra-clair, Low-E a couche tendre, miroir sans cuivre et grands formats, jamais le float clair ordinaire. Prochaine action : renvoyer le 10/10 sur contacto, seule.;A RENVOYER
Chili;CL;Santiago;Interglass;Cristal trempe et feuillete;interglass.cl;contacto@interglass.cl;+56 9 6759 6050;Envoi en espagnol.;ENVOYE 2026-10-05
Chili;CL;—;Patagonia Glass;Transformation de verre;patagoniaglass.cl;;;Aucune adresse publiee. BALAYAGE DU 08/10 : FICHE NON TESTEE, ET C EST UN CHOIX. La methode de deverrouillage a ete appliquee a l ensemble des fiches verrouillees de la journee, sauf celles-ci, pour une raison de priorite et non d oubli. La carte des marches etablie le 08/10 a 14h35 declasse ce marche : soit il produit son propre float a bas cout, soit il releve de l Europe ou le paragraphe 6 interdit la nouvelle prospection et ou le conteneur n est de toute facon pas le bon mode de livraison. La fiche reste donc verrouillee volontairement. A reprendre si le marche remonte dans les priorites, et la methode est ecrite au paragraphe 13 : recherche large sur le nom avec annuaires et courtiers bloques pour trouver le domaine propre, puis recherche restreinte a ce domaine.;A APPELER
Chypre;CY;Limassol;Christakis Avgousti Ltd;Verrerie architecturale;avgoustiglass.com;info@avgoustiglass.com;;20 Oslo Street. Verrerie architecturale, gros consommateur de float. Port Limassol, envoi en anglais. Relance 07/10 sans signature, une seule question sur les plus gros volumes annuels, porte de sortie. Angle insulaire : Chypre n a pas de ligne float, chaque feuille a traverse la mer, le conteneur n est pas une proposition mais leur mode d approvisionnement. Port Limassol.;RELANCE 2026-10-07
Chypre;CY;Limassol;Polydomiki;Double vitrage et fournitures verrieres;polydomiki.com.cy;info@polydomiki.com.cy;;Dodekanisou & Leontiou Corner 1. Port Limassol, envoi en anglais. Relance 07/10 sans signature, une seule question sur les plus gros volumes annuels, porte de sortie. Angle ligne d unites scellees : consommateur continu de float de base a specification fixe, et sur une ile l origine est la seule variable qui reste. Port Limassol.;RELANCE 2026-10-07
Chypre;CY;Nicosie (Kaimakli);Petros Shiailis Aluminium Ltd;Menuiserie aluminium et vitrage;shiailis.com;info@shiailis.com;;55 Markou Mpotsari. Port Limassol, envoi en anglais. Relance 08/10 une seule question plus porte de sortie. Controle MX impossible : resolveur DNS de la session hors service. Regle anti-rebond satisfaite et adresse ayant deja recu un envoi en septembre sans rebond. Angle ile sans ligne float, question feuille scellee ou vitrage a facon, Limassol.;RELANCE 2026-10-08
Chypre;CY;Nicosie (Pallouriotissa);Constantinou Bros Glass Processing Ltd;Transformation de verre;constantinoubros.glass;info@constantinoubros.glass;;70 Markou Mpotsari. Marche insulaire importateur. Port Limassol, envoi en anglais. Relance 07/10 sans signature, une seule question sur les plus gros volumes annuels, porte de sortie. Angle transformateur insulaire : usine consommant du float en continu sur une ile sans ligne float. Port Limassol.;RELANCE 2026-10-07
Chypre;CY;Nicosie et Limassol;Shikkis Bros Ltd;Transformation de verre, une des usines les plus avancees du Moyen-Orient;shikkisglass.com;info@shikkis.com;+357 24 823 099;Transformateur verrier certifie ISO 9001, gros consommateur de float. Port Limassol. Zone industrielle d Aradippou, Larnaca. Envoi en anglais. Relance 07/10 sans signature, une seule question sur les plus gros volumes annuels, porte de sortie. Angle une des usines les plus avancees de la region, sur une ile : les lignes modernes punissent la variation bien plus que les anciennes, donc la constance de la feuille de base est critique. Port Limassol.;RELANCE 2026-10-07
Colombie;CO;Bogota et Tenjo (Cundinamarca);Vidrial Temp S.A.S.;Trempe et transformation de verre de securite;vidrialtemp.com.co;info@vidrialtemp.com.co;+57 1 235 2506;28 ANS DE METIER, deux sites. Port Carthagene. Envoi en espagnol. Relance courte le 06/10, lot 4.;RELANCE 2026-10-06
Colombie;CO;Bogota;Cristal Group Bogota;Verre et cristal, Bogota;cristalgroupbogota.com;comercial@cristalgroupbogota.com;+57 314 291 2301;Capacite conteneur a confirmer — indice seulement, pas de capacite etablie.;ENVOYE 2026-10-06
Colombie;CO;Bogota;Indusvit Ltda;Fabrique de verre trempe et feuillete de securite;indusvit.com;principal@indusvit.com;+57 601 755 7368;Usine de trempe, plusieurs implantations a Bogota. Port Carthagene. Envoi en espagnol. Relance 08/10 une seule question plus porte de sortie. Controle MX impossible : resolveur DNS de la session hors service. Regle anti-rebond satisfaite et adresse ayant deja recu un envoi en septembre sans rebond. Angle substrat pour trempeur, port Carthagene, en espagnol.;RELANCE 2026-10-08
Colombie;CO;Bogota;Vidrieria Universal;Distribution de verre plat et miroir, Bogota et national;vidrieriauniversal.com.co;ventas@vidrieriauniversal.com.co;;DISTRIBUTEUR NATIONAL. Colombie sans ligne float. REBOND 06/10 : 550 boite pleine. Reessayer dans quelques jours, l'adresse est bonne. Renvoi 07/10 sur ventas arobase apres le rebond boite pleine du 06/10 sur info arobase. Message court a une seule question. Ports Carthagene ou Barranquilla. REBOND 07/10 egalement sur ventas arobase : la boite de la societe est saturee sur ses deux adresses. Leur serveur de messagerie est sature, l e-mail ne passe pas. Passer par le telephone +57 311 223 4971. ANGLE MIROIR CONFIRME PAR UN CHIFFRE LE 08/10 : le miroir vaut deux a cinq fois le float nu au metre carre, le miroir chinois s exportant a 0,36 USD/kg et le plancher colombien etant a 0,77 USD/kg, soit 3,60 et 7,70 USD/m2 en 4 mm contre ~1,50 pour le float indien. Donc mettre le miroir sans cuivre ni plomb en premiere ligne du message, pas en complement. INTERDIT EN REVANCHE : ne pas invoquer la mesure antidumping colombienne sur le miroir chinois comme argument. La Resolution 284 du 17-10-2025 existe mais Espejos SAS a depose une revocatoria tranchee le 19-03-2026 dans un sens que je n ai pas pu etablir.;A APPELER
Colombie;CO;Cali (Troncal);Coovidrios;Distribution de miroirs, verre lisse national et importe, reflechissant;coovidrios.com;coovidrios@coovidrios.com;;DISTRIBUTEUR QUI IMPORTE DEJA : cible prioritaire. Copie a gerencia@coovidrios.com. Envoi en espagnol. Relance 08/10, format court a une seule question plus porte de sortie. Delivrabilite deja prouvee par l envoi du debut octobre. Angle : ils distribuent deja de l importe en plus du national donc le conteneur n a rien de nouveau, seule l origine est en jeu. Copie a gerencia. Envoi en espagnol. ANGLE MIROIR CONFIRME PAR UN CHIFFRE LE 08/10 : le miroir vaut deux a cinq fois le float nu au metre carre, le miroir chinois s exportant a 0,36 USD/kg et le plancher colombien etant a 0,77 USD/kg, soit 3,60 et 7,70 USD/m2 en 4 mm contre ~1,50 pour le float indien. Donc mettre le miroir sans cuivre ni plomb en premiere ligne du message, pas en complement. INTERDIT EN REVANCHE : ne pas invoquer la mesure antidumping colombienne sur le miroir chinois comme argument. La Resolution 284 du 17-10-2025 existe mais Espejos SAS a depose une revocatoria tranchee le 19-03-2026 dans un sens que je n ai pas pu etablir.;RELANCE 2026-10-08
Colombie;CO;Medellín (Carrera 65 29D-02);Vidrios Corvit;Conception, commercialisation et distribution de verre;corvitmedellin.com;info@corvitmedellin.com;+57 604 448 0620;ANGLE GEOGRAPHIQUE : Medellin est a l interieur des terres, chaque feuille arrive a Carthagene ou Barranquilla puis monte par la route, et ce tronçon terrestre est dans le prix de la feuille. Envoi 07/10 en espagnol : float plus miroir sans cuivre plus trempe plus verre laque. Ports Carthagene ou Barranquilla.;ENVOYE 2026-10-07
Colombie;CO;Medellín (Cl. 54 56A-19);Distrividrios Antioquia;Distribution de verre et de miroirs importes, service de trempe, plus de dix-huit ans;distrividriosantioquia.com.co;distrividriosantioquia.lh@hotmail.es;+57 317 397 9114;DISTRIBUTEUR DE VERRE IMPORTE QUI ANNONCE LUI-MEME L IMPORT : profil conteneur direct. Adresse masquee par l annuaire : ne pas deviner, appeler. Ports Carthagene ou Barranquilla. ENRICHIE LE 08/10. Leur site confirme le profil importateur : verre clair IMPORTE de 2 a 19 mm et miroirs IMPORTES de 2 a 4 mm, plus decoupe trempe et pose. La gamme 2 a 19 mm est exactement la notre. ADRESSE TOUJOURS INEXPLOITABLE : celle de leur site est masquee dans l index, et le distrividriosantioquia.lh arobase hotmail.es trouve ailleurs vient de leur page Facebook et non de leur site, donc la regle anti-rebond n est pas satisfaite. SIGNAL D ALERTE A VERIFIER AU TELEPHONE : le registre du commerce la donne comme microentreprise immatriculee le 16-01-2026 alors que le site revendique plus de dix-huit ans. Soit changement de raison sociale, soit structure plus petite qu annoncee. Verifier la taille avant d investir du temps. Autres numeros 315 5715131 et PBX 5202860. DEVERROUILLEE LE 08/10, AVEC L EXCEPTION DU PARAGRAPHE 5 : le domaine de l adresse, hotmail.es, differe de celui du site. L envoi n est autorise que parce que la societe publie elle-meme cette adresse sur sa page produits. Leur page de contact, elle, l affiche masquee : c est la version en clair de la page produits qui a servi. Adresse calle 54 numero 56A-19, Medellin. Deux mobiles, 317 397 9114 et 315 571 5131, aucun fixe. Ils se decrivent comme VENTE DE VERRE EN GROS, tous types et toutes epaisseurs, plus du sablage. RESERVE HONNETE A GARDER : une adresse hotmail et deux mobiles sans fixe, pour un grossiste, signalent une structure modeste. Le mot gros dans leur propre texte justifie l essai, mais ne pas surestimer la fiche avant une reponse. ENVOI NON ENCORE FAIT, programme le 09/10 en espagnol. Port Carthagene. Prochaine action : envoyer le 09/10. ANGLE MIROIR CONFIRME PAR UN CHIFFRE LE 08/10 : le miroir vaut deux a cinq fois le float nu au metre carre, le miroir chinois s exportant a 0,36 USD/kg et le plancher colombien etant a 0,77 USD/kg, soit 3,60 et 7,70 USD/m2 en 4 mm contre ~1,50 pour le float indien. Donc mettre le miroir sans cuivre ni plomb en premiere ligne du message, pas en complement. INTERDIT EN REVANCHE : ne pas invoquer la mesure antidumping colombienne sur le miroir chinois comme argument. La Resolution 284 du 17-10-2025 existe mais Espejos SAS a depose une revocatoria tranchee le 19-03-2026 dans un sens que je n ai pas pu etablir.;A ENVOYER 2026-10-09
Colombie;CO;Monteria (Cordoba);Distrividrios LER S.A.S.;Distribution de verre sur la cote caraibe;distrividrioslersas.com;info@distrividrioslersas.com;;Proche de Carthagene : post-acheminement court apres le port.;ENVOYE 2026-10-06
Colombie;CO;Mosquera (Cundinamarca), Yumbo, Bucaramanga, Medellin et Girardota;Vitelsa;Verre de securite, 25 ans d'activite;vitelsa.com.co;informacion@vitelsa.com.co;+57 310 759 0522;Adresse masquee sur le site. DEVERROUILLEE LE 08/10, ET C EST LA PLUS GROSSE PRISE DE LA SERIE. informacion arobase vitelsa.com.co est publiee sur leur page de contact, domaine identique a celui du site, regle anti-rebond satisfaite sans exception. PBX 601 4240101 et ligne 1 8295510. SECONDE ADRESSE A GARDER EN RESERVE ET ELLE EST PRECIEUSE : asesorinternacional arobase vitelsa.com.co, service client de l usine de Bucaramanga. Un poste intitule conseiller international dans une maison de verre colombienne est tres probablement le canal des achats a l import : a essayer en second si informacion ne repond pas. CINQ USINES CONFIRMEES, ce qui change l echelle de la fiche : Mosquera, usine principale, parc industriel San Jorge, troncale de l Occident km 19 route Mosquera-Madrid, lot 90 manzana C4 bodega 1. Pacifique a Yumbo, carrera 39 numero 13-45 Acopi. Bucaramanga, parc industriel 1 manzana 1 calle F bodega 118. Medellin, carrera 73 numero 53-74 Los Colores. Girardota, parc industriel du Nord, bodegas 102, 103, 117 et 118. Ils se presentent comme maison de VERRE DE SECURITE avec plus de vingt-cinq ans sur les chantiers de toute la Colombie, et leur gamme couvre haute securite, serigraphie et refrigeration : trempe et feuilletage sur cinq sites font un consommateur de substrat de premier plan. ENVOI NON ENCORE FAIT, programme le 09/10 en espagnol, et c est la deuxieme priorite du lot apres AGPAR. Port Carthagene ou Buenaventura selon l usine visee, a leur laisser le choix. Prochaine action : envoyer le 09/10.;A ENVOYER 2026-10-09
Colombie;CO;—;Vidrio Premier;Commercialisation de verre plat en gros;vidriopremier.com.co;ventas@vidriopremier.com.co;;GROSSISTE : raisonne en metres carres, pas en chantier.;ENVOYE 2026-10-06
Congo (Brazzaville);CG;Brazzaville;ALLU PRESTIGE;Menuiserie aluminium et vitrerie;;;;ADRESSE alluprestige arobase yahoo.fr ECARTEE : relevee dans l annuaire CongoAnnuaire et non sur un site de la societe, le domaine yahoo.fr ne figure pas dans les URL de resultats. Regle anti-rebond du paragraphe 5 non satisfaite. A qualifier puis appeler.;A QUALIFIER
Congo (Brazzaville);CG;Brazzaville;EBCS-VITRE et Baie Vitree;Vitrerie;;;;Deux societes de vitrerie brazzavilloises reperees avec telephone uniquement et aucun numero exploitable dans l extrait. Fiche groupee pour memoire afin de ne pas relancer la meme recherche.;A QUALIFIER
Congo (Brazzaville);CG;Pointe-Noire (Av. Jean Felix Tchicaya, Roy);ALU-GLASS;Menuiserie aluminium miroiterie et vitrerie;;;+242 05 539 15 50;Seule societe verriere identifiee a Pointe-Noire, port en eau profonde et debouche petrolier du pays. Aucune adresse publiee dans les resultats : appel obligatoire pour obtenir un contact achats. Premiere fiche du Congo-Brazzaville, a ne pas confondre avec les fiches du Congo RDC.;A APPELER
Congo (RDC);CD;Kinshasa;FNMA Aluminium;Menuiserie metallique et aluminium;;;;Specialiste de la menuiserie metallique a Kinshasa. Aucune adresse email publiee : a rechercher ou appeler. Port Matadi ou Pointe-Noire. ZONE EST-AFRICAINE DECLASSEE LE 08/10, SUR UN FAIT VERIFIE. Sapphire Float Glass, a Mkuranga en Tanzanie, capital chinois, est EN PRODUCTION : capacite 700 tonnes par jour soit 189 000 tonnes par an, production effective de 450 tonnes par jour en mai 2024 selon la ministre tanzanienne Ashatu Kijaji citee par Xinhua. Et elle EXPORTE DEJA vers Madagascar, le Burundi, la Zambie, le Rwanda, la RDC et l Afrique du Sud, avec une part export donnee entre 60 et 80 pour cent selon les sources. Une seconde ligne de 500 t/jour etait annoncee, etat non confirme. Confirmation indirecte et forte : PFG a obtenu en janvier 2026 des droits antidumping provisoires sud-africains contre le float tanzanien — on ne se defend pas contre un concurrent negligeable. CONSEQUENCE : l argument de l absence de production locale est FAUX dans toute cette zone, et il avait deja ete rattrape pour le Kenya le matin meme. La campagne y a investi 39 fiches pour zero commande, et je l attribuais au ciblage ou au message : c est au moins en partie le marche. CONDUITE : ne plus ouvrir de fiches dans la zone, ne pas y investir d effort de relance, et ne garder que ce que Sapphire ne fait pas — low-E, miroir sans cuivre ni plomb, vitrage technique, grands formats. Si une relance part malgre tout, elle porte sur ces references et sur rien d autre.;A APPELER
Congo (RDC);CD;Lubumbashi;Alu Design RDC;Aluminium pour la renovation et la construction;;;;Adresse citee en aludesignrdc.com mais domaine non recoupe : appeler plutot que deviner. ZONE EST-AFRICAINE DECLASSEE LE 08/10, SUR UN FAIT VERIFIE. Sapphire Float Glass, a Mkuranga en Tanzanie, capital chinois, est EN PRODUCTION : capacite 700 tonnes par jour soit 189 000 tonnes par an, production effective de 450 tonnes par jour en mai 2024 selon la ministre tanzanienne Ashatu Kijaji citee par Xinhua. Et elle EXPORTE DEJA vers Madagascar, le Burundi, la Zambie, le Rwanda, la RDC et l Afrique du Sud, avec une part export donnee entre 60 et 80 pour cent selon les sources. Une seconde ligne de 500 t/jour etait annoncee, etat non confirme. Confirmation indirecte et forte : PFG a obtenu en janvier 2026 des droits antidumping provisoires sud-africains contre le float tanzanien — on ne se defend pas contre un concurrent negligeable. CONSEQUENCE : l argument de l absence de production locale est FAUX dans toute cette zone, et il avait deja ete rattrape pour le Kenya le matin meme. La campagne y a investi 39 fiches pour zero commande, et je l attribuais au ciblage ou au message : c est au moins en partie le marche. CONDUITE : ne plus ouvrir de fiches dans la zone, ne pas y investir d effort de relance, et ne garder que ce que Sapphire ne fait pas — low-E, miroir sans cuivre ni plomb, vitrage technique, grands formats. Si une relance part malgre tout, elle porte sur ces references et sur rien d autre.;A APPELER
Costa Rica;CR;Costa Rica;Vidrios Brenes;Verre de haute qualite, entreprise familiale depuis plus de trente-cinq ans;;;+506 2552 4011;Le domaine de l adresse citee n apparait pas dans les URL de resultats, la page du site est expiree : regle anti-rebond, aucun envoi. A appeler.;A APPELER
Costa Rica;CR;Costa Rica;Vidrios Coral;Distribution et pose de verre et aluminium architectural, trempe;vidrioscoral.com;info@vidrioscoral.com;;Aucune adresse publiee. Adresse retrouvee le 06/10.;ENVOYE 2026-10-06
Costa Rica;CR;Costa Rica;Vidrios Rocha;Fabrication et commercialisation de structures aluminium et verre, plus de trente ans;vidriosrocha.com;info@vidriosrocha.com;+506 2494 1928;FABRICANT et non simple poseur : consomme du verre en continu et le coupe lui-meme. MX OK. Envoi 07/10 en espagnol sans signature : float, trempe, miroir sans cuivre, Low-E. Ports Moin ou Puerto Limon.;ENVOYE 2026-10-07
Costa Rica;CR;Costa Rica;Vitrocentro Puertas & Ventanas;Fabrication et pose verre et aluminium depuis 1982;vitrocentro.com;info@vitrocentro.com;;Aucune adresse publiee. Adresse info arobase vitrocentro.com retrouvee le 07/10 sur leur site, MX OK. Envoi 07/10 sans signature : angle distributeur exclusif d une ligne espagnole, donc la logistique Europe-Costa Rica leur est deja familiere, ce qui bloque la plupart des acheteurs de la region. Ports Moin ou Puerto Limon.;ENVOYE 2026-10-07
Costa Rica;CR;Guatemala, Salvador, Honduras, Nicaragua, Costa Rica et Panama;Distribuidora del Caribe;Distribution familiale depuis plus de 45 ans, six pays;distcaribe.com;info@distcaribe.com;;GROS : six pays d'un coup. Aucune adresse publiee : cible a appeler en priorite. DEVERROUILLEE LE 08/10 par la methode de recherche restreinte au domaine de la societe. info arobase distcaribe.com est publiee sur leur propre page Contactanos, domaine identique a celui du site, donc regle anti-rebond du paragraphe 5 satisfaite sans exception a noter. Seconde adresse relevee, tuscompras arobase distcaribe.com, reservee a la boutique en ligne du Guatemala : ne pas l utiliser pour un contact achats. Standard Guatemala +502 2326 6666, Salvador +503 2259 7600, Costa Rica +506 4100 2200. ENVOI DU 08/10 en espagnol. ANGLE RETENU, et c est le meilleur du lot : ils ne vendent pas sur un seul marche mais sur six, Guatemala Salvador Honduras Nicaragua Costa Rica et Panama, avec la matiere premiere parmi leurs lignes de negoce. Un importateur mono-pays doit ecouler tout le conteneur chez lui, eux peuvent le repartir sur six pays : l arithmetique du conteneur complet joue pour nous des la premiere commande, et je le leur ai dit en ces termes. Pages liees : float, miroir sans cuivre ni plomb pour le climat humide, verre laque. Ports proposes Santo Tomas de Castilla ou Puerto Quetzal au choix, aucun prix annonce, reserve de validation rappelee. Prochaine action : relance le 22/10 si pas de retour.;ENVOYE 2026-10-08
Costa Rica;CR;San Jose;Prefalum;Solutions verre, aluminium et plastique;prefalumcr.com;ventas@prefalumcr.com;;Le verre est une matiere premiere pour eux. Porte de sortie proposee.;ENVOYE 2026-10-06
Costa Rica;CR;San José (Plaza González Víquez);VIDSA;Verre trempe feuillete et isolant, importation directe des principales usines;vidsa.cr;info@vidsa.cr;;IMPORTATEUR DIRECT DECLARE : ils ecrivent eux-memes importacion directa de principales fabricas, donc conteneur port et dedouanement deja maitrises. MX Google OK. Envoi 07/10 en espagnol sans signature : angle une fabrique de plus sur leur liste et non une substitution, float plus Low-E plus miroir sans cuivre. Ports Moin ou Puerto Limon.;ENVOYE 2026-10-07
Costa Rica;CR;San José;MACOPA;Fabrication et distribution de verre trempe et feuillete, acier et aluminium;macopa.com;ventas@macopa.com;+506 2010 7310;Fonde en 1972, fabricant de verre feuillete et trempe et de profiles aluminium. Port Moin ou Puerto Limon. Fonde en 1972, Calle Blancos, San Jose. Port Puerto Limon ou Caldera. Envoi en espagnol. Relance courte le 06/10, lot 4.;RELANCE 2026-10-06
Costa Rica;CR;Santo Domingo de Heredia;EXTRALUM S.A.;Fabrication, transformation et commercialisation de verre et d aluminium;extralum.com;info@extralum.co.cr;+506 2277 1900;GROS INDUSTRIEL REGIONAL : sites propres au Costa Rica, au Panama et au Honduras, vend en Amerique centrale, aux Caraibes et aux Etats-Unis. Port Moin, envoi en espagnol. Relance le 06/10 sur la boite commerciale ventas@extralum.co.cr apres silence de info@ depuis le 24/09. Argument ajoute : approvisionnement reparti entre les trois usines Costa Rica, Panama et Honduras pour avoir le prix du volume groupe.;RELANCE 2026-10-06
Croatie;HR;Bakar;Staklo Bakar d.o.o.;Production, transformation, gros de verre;staklobakar.hr;staklobakar2002@gmail.com;+385 51 500 595;Négociant-transformateur, à 10 km de Rijeka. Relance conteneur REPORTEE au 13/10 : la societe a recu le 07/10 un message d une autre campagne. Deux messages en deux jours depuis le meme expediteur nuiraient a la credibilite.;ENVOYE 2026-09-22
Croatie;HR;Novigrad (Istrie);Kopterm d.o.o. — Staklo Novigrad;Production et façonnage de verre plat;staklo-novigrad.com;kopterm@gmail.com;+385 52 757 329;Vitrages, façades verre, miroirs. Petite structure istrienne. Port Rijeka, envoi en anglais. Relance 07/10 sans signature, une seule question sur les plus gros volumes annuels, porte de sortie. Relance reduite a la seule question utile. Port Rijeka.;RELANCE 2026-10-07
Croatie;HR;Osijek;Zrcalo d.o.o.;Façonnage de verre plat et vitrage isolant (code C23120);zrcalo.hr;zrcalo@zrcalo.hr;+385 31 540 102;Verre plat, reflechissant, feuillete, arme, miroirs et IZO staklo. Port Rijeka, envoi en anglais. Relance 07/10 sans signature, une seule question sur les plus gros volumes annuels, porte de sortie. Angle miroir, leur nom meme : sur la cote adriatique le miroir sans cuivre ni plomb est une question de garantie et non de specification. Port Rijeka. ERREUR DE MA PART, RELEVEE LE 08/10 : la relance du 07/10 est partie a info arobase zrcalo.hr, une adresse qui ne figure PAS dans cette fiche, au lieu de zrcalo arobase zrcalo.hr qui y figure. Elle a rebondi en boite pleine, donc la relance autorisee n est jamais arrivee. Lecon : l adresse a utiliser est celle du registre, pas une variante reconstruite de tete. RELANCE REENVOYEE LE 08/10 a zrcalo arobase zrcalo.hr, texte court qui dit franchement que le premier envoi a rebondi. Le rebond boite pleine prouve au passage que le domaine et le MX fonctionnent. Prochaine action : si aucun retour au 22/10, passer en appel sur le +385 31 540 102.;RELANCE 2026-10-08
Croatie;HR;Rijeka;Eko Vetri;Fabrication et pose de verre;eko-vetri.hr;info@eko-vetri.hr;+385 91 221 1998;Sur le port de Rijeka : transit le plus court. Relance 07/10 sans signature, une seule question sur les plus gros volumes annuels, porte de sortie. Relance volontairement tres courte, l argumentaire ayant deja ete servi le 22/09. Port Rijeka.;RELANCE 2026-10-07
Croatie;HR;Rijeka;Staklo Rijeka d.o.o.;Façonnage verre plat (code C23120);;;051 568 528;Petite structure — vérifier qu'elle peut absorber un conteneur. Qualifie le 07/10 : Kumiciceva 41A Rijeka, dirigeant Vujadin Djurdjevic selon le registre. La seule adresse trouvee est un gmail publie par un agregateur de registre, pas par la societe : regle anti-rebond, aucun envoi. A appeler.;A APPELER
Croatie;HR;Velika Gorica;Gorica Staklo;Transformation du verre;goricastaklo.hr;vlatka.bartolic@goricastaklo.hr;+385 1 5580 864;Contact : Vlatka Bartolic. Dossier du destockage 8230 m2. Avait annonce le 25/09 que le conseil renoncait a prendre le verre. REOUVERT le 29/09 : elle demande une verification interne avant de reprendre la discussion commerciale, et veut une confirmation envoyee depuis le domaine noxemgroup.com que l'adresse harfiaaron0@gmail.com et le numero +33 7 69 72 58 92 appartiennent bien a Aaron et sont autorises. Reponse a envoyer imperativement depuis aaron.harfi@noxemgroup.com, une reponse depuis le Gmail ne prouverait rien. Argumentaire retenu : le Gmail sert a la prospection sortante, le domaine sert aux reponses, proposition d'appel immediat pour lever le doute, mentions legales completes, puis relance sur son prix. Troisieme incident lie a l'absence d'authentification du domaine apres le blocage Rubex. ATTENTION 05/10 : le numero a change pour +33 6 86 13 12 71. La verification compliance portait sur l'ancien. Le signaler explicitement a Vlatka Bartolic avant toute suite.;VERIFICATION COMPLIANCE — REPONDRE DEPUIS LE DOMAINE
Croatie;HR;Zagreb;Idra;Production et transformation du verre;idra.hr;idra@idra.hr;+385 1 3860 222;Transformateur établi. Relance 07/10 sans signature, une seule question sur les plus gros volumes annuels, porte de sortie. Relance reduite a la seule question utile. Port Rijeka.;RELANCE 2026-10-07
Croatie;HR;—;IM COMP;Transformation du verre;imcomp.hr;;;À qualifier.  STATUT RENSEIGNE LE 08/10 : cette fiche avait un statut VIDE, ce qui la rendait invisible aux pools de relance comme au decompte des fiches jamais contactees. Aucune adresse publiee, donc dossier telephonique.;A QUALIFIER
Croatie;HR;—;Staklo Konstrukt d.o.o.;Production, transformation, pose;staklo-konstrukt.hr;staklokonstrukt@gmail.com;+385 95 9070 235;À qualifier. Relance 08/10 une seule question plus porte de sortie. Controle MX impossible : resolveur DNS de la session hors service. Regle anti-rebond satisfaite et adresse ayant deja recu un envoi en septembre sans rebond. Fiche a qualifier : question directe sur le volume annuel en m2, Rijeka.;RELANCE 2026-10-08
Curaçao;CW;Willemstad (Sportlaan, Suffisant);Curacao Aluminum Products (CAP);Systemes aluminium, verre et acier depuis plus de vingt ans;curalum.com;info@curalum.com;;Ile : conteneur mixte propose. Reponse possible en neerlandais. Port Willemstad.;ENVOYE 2026-10-06
Curaçao;CW;Willemstad;Glass Aluminium Services N.V.;Verre et aluminium;glassaluminiumservices.com;info@glass-aluminium.com;;11-12 Heintje Koolweg. Marche insulaire importateur. Aucune adresse email publiee : a rappeler. Port Willemstad. Adresse publiee sur leur page contact mais sur un domaine different du site : risque de rebond assume.;ENVOYE 2026-10-06
Côte d'Ivoire;CI;Abidjan (Cocody);VITRINES;Portes et fenetres alu vitrees vitrines;vitrerie.business;;+225 05 74 44 44 25;9 kilos Cocody Abidjan. Port Abidjan. Mini-mail sur mesure FR CONTROLE MX DU 07/10 : le domaine vitrerie.business ne resout pas (NXDOMAIN), l adresse info@vitrerie.business ne peut pas recevoir. Adresse retiree du registre. Passer par le telephone. VERIFIE LE 08/10, RESULTAT NEGATIF : une recherche restreinte au domaine de la fiche, vitrerie.business, ne rend aucun resultat, et deux recherches larges sur le nom avec Abidjan n en rendent pas davantage. Le domaine n est plus indexe. Le nom VITRINES est de plus trop generique pour une recherche utile. Reste le telephone, +225 05 74 44 44 25. A REQUALIFIER : verifier la raison sociale exacte avant tout nouvel effort. Prochaine action : appel. TESTEE LE 08/10 PAR LA METHODE DU PARAGRAPHE 13, SANS RESULTAT : ni la recherche restreinte a vitrerie.business ni une recherche large sur le nom ne remontent quoi que ce soit. Le domaine n est pas indexe et le nom est trop generique pour ressortir seul. A requalifier : chercher la denomination complete au registre du commerce ivoirien avant d y remettre du temps.;A APPELER
Côte d'Ivoire;CI;Abidjan (II Plateaux SOCOCE Blvd Latrille);NET GLASS-CI;Negoce verrier;netglass-ci.com;info@netglass-ci.com;;ANGLE RETENU : Abidjan est un des rares ports ouest-africains ou un conteneur se degroupe et se redistribue sans surcout de transit, et le Burkina le Mali et le Niger passent par la. Les sources ne disent pas s ils importent eux-memes ou achetent sur place : la question est posee franchement dans le message, c est elle qui qualifie la fiche. 14 BP 716 Abidjan. Regle anti-rebond OK : le domaine figure dans les URL de resultats. Controle MX impossible le 08/10 car le resolveur DNS de la session est hors service.;ENVOYE 2026-10-08
Côte d'Ivoire;CI;Abidjan (Koumassi zone industrielle);Societe Ivoire Glass Compagnie;Fabrication menuiserie verre et metal, import-export;;ivoireglasscompagnie@gmail.com;;Structure import-export basee en zone industrielle de Koumassi. Port Abidjan, envoi en francais. Relance courte le 06/10 : une seule question posee (la reference et l'epaisseur la plus achetee) contre un prix ferme sous 48h, et sortie offerte en repondant non.;RELANCE 2026-10-06
Côte d'Ivoire;CI;Abidjan (Koumassi);Vitrolux;Menuiserie aluminium et miroiterie;vitrolux-ci.com;;;Fabricant-installateur : consommateur régulier. Adresse info arobase vitrolux-ci.com relevee le 07/10, domaine identique au site. Envoi 07/10 en francais : angle fabricant-installateur qui coupe lui-meme donc marge sur le prix de la feuille, float plus miroir sans cuivre pour le piquage en climat humide plus verre laque pour l agencement, port Abidjan. CONTROLE MX DU 07/10 : le domaine vitrolux-ci.com ne resout pas (NXDOMAIN), l adresse info@vitrolux-ci.com ne peut pas recevoir. Adresse retiree du registre. Passer par le telephone. VERIFICATION DU 08/10 QUI CONFIRME LE RETRAIT, MEME SCHEMA QU ARTURAYA. La recherche restreinte a vitrolux-ci.com remonte bien leur site, qui publie toujours info arobase vitrolux-ci.com avec l adresse de Koumassi pres de la Pharmacie Soleil, le fixe 21 36 83 80 et le 00225 02 18 88 88. Mais le rebond du 07/10 vient du serveur de GOOGLE et dit que le domaine vitrolux-ci.com est introuvable : ce n est donc pas un faux NXDOMAIN de notre session, c est un domaine sans messagerie. Leur page est par ailleurs datee d environ 3 100 jours, ce qui concorde : site laisse en ligne, hebergement courrier abandonne. Ne pas reessayer cette adresse. Telephone uniquement.;ADRESSE INVALIDE
Côte d'Ivoire;CI;Abidjan (Marcory zone 4);SIVIMI — Sté Ivoirienne de Vitrerie et Miroiterie;Vitrerie, miroiterie et menuiserie metallique;;;+225 27 21 35 03 14;REBOND 24/09 : le domaine avisi.ci publie par l annuaire n existe pas. Appeler pour obtenir la vraie adresse. Port Abidjan.;A APPELER
Côte d'Ivoire;CI;Abidjan (Plateau);NOMIRA — Nouvelle Miroiterie Africaine;Miroiterie et vitrerie;;nomira@aviso.ci;+225 27 21 25 65 45;11 rue des Brasseurs. Aucune adresse email publiee : a rappeler. Port Abidjan. Adresse repérée en annuaire, à confirmer. Relance courte le 06/10, lot 4.;RELANCE 2026-10-06
Côte d'Ivoire;CI;Abidjan (Vridi);SIGLASS;Verre plat, implante en zone portuaire de Vridi;siglass-ci.com;infos@siglass-ci.com;+225 27 21 27 02 62;IMPLANTE AU PORT : post-acheminement quasi nul, meilleur profil import du pays.;ENVOYE 2026-10-06
Côte d'Ivoire;CI;Abidjan (immeuble Regus Plein Ciel Blvd VGE);GENERAL GLASS CI;Grossiste en verrerie;;;;Reperee via un annuaire d entreprises, classee grossiste en verrerie. Aucune adresse publiee. A qualifier puis appeler.;A QUALIFIER
Côte d'Ivoire;CI;Abidjan, Plateau;Sovitam Group;Transformation et distribution de verre architectural;sovitam.net;contact@sovitam.net;;Usines publiées en Côte d'Ivoire et au Sénégal, cibler verre architectural et miroir. Port Abidjan, envoi en francais. Domaine sovitam.net introuvable — adresse fournie par ChatGPT, non verifiee.;ADRESSE INVALIDE
Danemark;DK;Danemark;Svane Glas A/S;Solutions verrieres pour le batiment, vente en gros;svaneglas.dk;bestilling@svaneglas.dk;;Adresse dediee au canal gros (engros). Port Aarhus ou Copenhague, envoi en anglais. Relance 07/10 sans signature, une seule question sur les plus gros volumes annuels, porte de sortie. Angle marche danois : le Low-E n y est pas un detail de specification, l exigence energetique decide la vente et la couche decide si l unite y repond.;RELANCE 2026-10-07
Espagne;ES;Alcalá de Guadaíra (Séville);Dicrisur S.L.;Un des plus gros depots de verre de la province de Seville;dicrisur.com;;+34 955 631 906;Seule adresse trouvee rattachee a cristalauto.es (vitrage automobile) : appeler pour obtenir le contact verre plat. BALAYAGE DU 08/10 : FICHE NON TESTEE, ET C EST UN CHOIX. La methode de deverrouillage a ete appliquee a l ensemble des fiches verrouillees de la journee, sauf celles-ci, pour une raison de priorite et non d oubli. La carte des marches etablie le 08/10 a 14h35 declasse ce marche : soit il produit son propre float a bas cout, soit il releve de l Europe ou le paragraphe 6 interdit la nouvelle prospection et ou le conteneur n est de toute facon pas le bon mode de livraison. La fiche reste donc verrouillee volontairement. A reprendre si le marche remonte dans les priorites, et la methode est ecrite au paragraphe 13 : recherche large sur le nom avec annuaires et courtiers bloques pour trouver le domaine propre, puis recherche restreinte a ce domaine.;A APPELER
Espagne;ES;Barcelone;Vidres Blanchi S.L.;Fabrication et pose de verre et de miroirs depuis 1958;vidresblanchi.es;vidresblanchi@gmail.com;+34 934 464 118;Carrer Trinxant 87. Port Barcelone, envoi en espagnol. Relance 08/10 une seule question plus porte de sortie. Controle MX impossible : resolveur DNS de la session hors service. Regle anti-rebond satisfaite et adresse ayant deja recu un envoi en septembre sans rebond. Angle honnete : distance courte donc cible uniquement les references rares en Espagne.;RELANCE 2026-10-08
Espagne;ES;L'Hospitalet de Llobregat (Barcelone);Color Glass Import;Importation de verre de couleur;colorglassimport.com;info@colorglassimport.com;;Le nom porte deja Import. Aucune adresse publiee. DEUX ERREURS CORRIGEES LE 08/10, ET LA FICHE SORT DU PERIMETRE DE LA CAMPAGNE. PREMIERE : ce n est pas une societe des Etats-Unis. La recherche restreinte a leur propre domaine ne rend que des coordonnees espagnoles : Color Glass Import S.L.U., bureau au Cobalto 89, 08907 L Hospitalet de Llobregat pres de Barcelone, siege social rue Sant Fructuos a Barcelone, telephone +34 626 43 88 72, service client 9h-13h30 et 14h30-18h du lundi au vendredi. Grep fait avant ecriture : aucun doublon espagnol. DEUXIEME ET PLUS IMPORTANTE, le metier ne correspond pas : leur blog porte sur la VENTE DE VERRE SPECTRUM, c est-a-dire du verre d art et de vitrail, et non du verre plat de batiment. Spectrum Glass etait un verrier d art americain, ce qui explique le nom de la societe et la mention import. Un conteneur complet de float n a aucun sens pour un importateur de verre d art, qui travaille en petites quantites sur des references de couleur. L adresse info arobase colorglassimport.com est bien publiee sur leur mention legale, domaine identique, donc un envoi serait regulier : c est le CIBLAGE qui est faux, pas la coordonnee. Ecartee pour hors perimetre, et non pour taille. S ajoute a cela que l Espagne releve du paragraphe 6, pas de nouvelle prospection europeenne. Prochaine action : aucune.;ECARTE — HORS PERIMETRE
Espagne;ES;Leganés (Madrid);Ramos Industria del Vidrio S.L.;Transformation de verre, deux sites industriels et un centre de distribution;ramosiv.es;;+34 916 850 195;7000 m2 d usine et 2000 tonnes de stockage, centre de distribution a Fuenlabrada. Port Valence ou Bilbao, envoi en espagnol ADRESSE REBONDIE le 25/09 (550 5.1.1) : appeler le +34 916 850 195. BALAYAGE DU 08/10 : FICHE NON TESTEE, ET C EST UN CHOIX. La methode de deverrouillage a ete appliquee a l ensemble des fiches verrouillees de la journee, sauf celles-ci, pour une raison de priorite et non d oubli. La carte des marches etablie le 08/10 a 14h35 declasse ce marche : soit il produit son propre float a bas cout, soit il releve de l Europe ou le paragraphe 6 interdit la nouvelle prospection et ou le conteneur n est de toute facon pas le bon mode de livraison. La fiche reste donc verrouillee volontairement. A reprendre si le marche remonte dans les priorites, et la methode est ecrite au paragraphe 13 : recherche large sur le nom avec annuaires et courtiers bloques pour trouver le domaine propre, puis recherche restreinte a ce domaine.;A APPELER
Espagne;ES;Picassent, Alicante, Séville, Ciudad Real, Móstoles;Glass Partners Solutions Ibérica (GPS);Distribution de verre, entrepots dans toute la peninsule;gps-glass.com;marketing@gps-glass.com;+34 691 388 267;DISTRIBUTEUR MULTI-ENTREPOTS avec usines de feuillete et de depoli. Aucune adresse email publiee : a rappeler. DEVERROUILLEE LE 08/10, AVEC UNE RESERVE SUR LA QUALITE DU CANAL. marketing arobase gps-glass.com est l adresse publiee sur leur page Contacto, domaine identique a celui du site, regle anti-rebond satisfaite. Mais marketing n est pas les achats : le message devra demander explicitement a etre transmis. Siege reel precise : Oialume Bidea 19, pol. ind. Zamoka, Astigarraga en Guipuzcoa, et non Picassent qui n est qu un de leurs entrepots, parcelle 23 du P.I. de la Coma, 46220. Raison sociale Glass Partners Solutions Iberica S.L. DEUX NOMS RELEVES : Tony Afonso, directeur logistique et entrepots, adresse t.afonso arobase gps-glass.com, et Ruben Martinez, directeur de GPS Iberica, dont l adresse n est pas publiee. Le paragraphe 5 n autorise un nom que si la fonction est verifiee ET pertinente pour les achats : la logistique ne l est pas, donc ne pas ecrire a Tony Afonso comme s il achetait. Le bon destinataire serait Ruben Martinez, dont l adresse manque. ENVOI NON ENCORE FAIT, programme le 09/10 en espagnol via marketing avec demande de transmission a la direction des achats. Prochaine action : envoyer le 09/10.;A ENVOYER 2026-10-09
Espagne;ES;Sant Cugat del Vallès (Barcelone);Soluglass S.L.;Fabrication et transformation de feuillete et de trempe;soluglassl.com;info@soluglassl.com;+34 93 707 8172;Usine a La Roca del Valles avec service de distribution. Port Barcelone, envoi en espagnol. Relance 07/10 sans signature, une seule question sur les plus gros volumes annuels, porte de sortie. Relance en espagnol. Angle feuillete et trempe partent de la meme feuille de base et revelent tous deux l irregularite.;RELANCE 2026-10-07
Estonie;EE;Tallinn;KL24 (OÜ Karnaluks);Vente de verre en feuilles et de miroirs;kl24.ee;info@kl24.ee;+372 601 3373;K. A. Hermanni 1. Port Tallinn, envoi en anglais. Relance 07/10 sans signature, une seule question sur les plus gros volumes annuels, porte de sortie. Angle deux familles verre et miroir tenues ensemble : le conteneur mono-reference a la mauvaise forme, la caisse mixte la bonne. Ports Tallinn ou Muuga.;RELANCE 2026-10-07
Estonie;EE;Tallinn;Klaasissepa;Façonnage et pose de verre;klaasissepa.ee;info@klaasissepa.ee;+372 511 4488;Port Tallinn, envoi en anglais. Relance 07/10 sans signature, une seule question sur les plus gros volumes annuels, porte de sortie. Relance reduite a la seule question utile. Ports Tallinn ou Muuga.;RELANCE 2026-10-07
Estonie;EE;Tallinn;Tallinna Klaas ja Peegel (Glass Market OÜ);Gros et detail de verre et de miroirs;tallinnaklaas.ee;info@tallinnaklaas.ee;+372 5192 4968;Suur Sõjamäe 35. Port Tallinn, envoi en anglais. Relance 07/10 sans signature, une seule question sur les plus gros volumes annuels, porte de sortie. Angle deux familles et deux canaux gros et detail donc stock sur plusieurs references. Argument miroir sans cuivre pour les interieurs humides. Ports Tallinn ou Muuga.;RELANCE 2026-10-07
Fidji;FJ;Fidji;Fiji Materials;Verre structurel et chassis de portes;fijimaterials.com;info@fijimaterials.com;;Ile 100 pour cent importatrice. Conteneur mixte propose. Port Suva ou Lautoka. Relance 08/10, deuxieme tranche, format court a une seule question plus porte de sortie. Delivrabilite deja prouvee par l envoi du debut octobre. Angle : verre structurel et chassis sur une ile sans ligne float donc cent pour cent importe, la question n est pas d importer mais la forme du chargement.;RELANCE 2026-10-08
Fidji;FJ;Suva (Carpenter Street) et Lautoka;Glass & Mirror (Fiji) Pte Ltd;Verrerie generale, fabrication aluminium et negoce de verre;glassandmirror.com.fj;info@glassandmirror.com.fj;;NEGOCIANT EN VERRE avec deux sites Suva et Lautoka : profil acheteur de conteneur. Port Suva ou Lautoka, envoi en anglais. Relance courte le 06/10, lot 1.;RELANCE 2026-10-06
Fidji;FJ;Suva (Ratu Mara Road);All Aluminium & Glass Solution;Aluminium et verre;;allglassalu65@gmail.com;;Fabricant aluminium-verre de Suva. Port Suva, envoi en anglais. Relance courte le 06/10, lot 5.;RELANCE 2026-10-06
Fidji;FJ;Suva (Wainivula Rd);Manohan Aluminium and Glass Pte (Fiji) Ltd;Fabrication aluminium et verre;;manohanaluminiumglass@gmail.com;;Fabricant aluminium-verre de Suva. Port Suva, envoi en anglais. Relance courte le 06/10, lot 5.;RELANCE 2026-10-06
Fidji;FJ;Suva (Walu Bay);Island Glass & Mirror Ltd (IGM);Verre et miroiterie;igm.com.fj;asish@igm.com.fj;;Siege 39 Freeston Road Walu Bay Suva. Deux contacts nommes : Asish et Joe (joe@igm.com.fj), ecrits ensemble pour faire designer l'acheteur. Port Suva. Mini-mail sur mesure EN Relance 08/10, deuxieme tranche, format court a une seule question plus porte de sortie. Delivrabilite deja prouvee par l envoi du debut octobre. Copie au second contact nomme joe arobase igm.com.fj pour que l acheteur se designe. Aucun prenom employe dans le corps, la fonction des deux contacts n etant pas verifiee comme l exige le paragraphe 5. Angle conteneur mixte pour une ile.;RELANCE 2026-10-08
Fidji;FJ;Suva;Perfect Aluminium Fiji;Solutions aluminium et verre;perfectaluminiumfiji.com;perfect.aluminium@yahoo.com;;Fabricant aluminium-verre de Suva. Port Suva, envoi en anglais. Relance 08/10 une seule question plus porte de sortie. Controle MX impossible : resolveur DNS de la session hors service. Regle anti-rebond satisfaite et adresse ayant deja recu un envoi en septembre sans rebond. Angle ile sans ligne float, question volume annuel en conteneurs, Suva.;RELANCE 2026-10-08
Finlande;FI;Finlande;Lasiposti;Gros de verre de construction et de decoration;lasiposti.fi;myynti@lasiposti.fi;+358 40 145 0660;Se presente en grossiste verrier (lasitukku). Port Helsinki, envoi en anglais. Relance 07/10 sans signature, une seule question sur les plus gros volumes annuels, porte de sortie. Angle marche finlandais : le Low-E decide la vente, et le verre decoratif est un achat totalement different, d ou l interet du chargement mixte. Ports Helsinki ou Kotka.;RELANCE 2026-10-07
Gabon;GA;Libreville (Z.I. d'Oloumi);Miroiterie-Vitrerie d'Oloumi;Miroiterie, vitrerie et verre trempe SECURIT;;;+241 11 72 08 30;Face Diesel Gabon, B.P. 1110. Aucune adresse email publiee : a rappeler. Port Owendo.;A APPELER
Gambie;GM;Banjul (Old Jeshwang);Atlantic Glass Company;Fabrication sur mesure portes coulissantes fenetres rampes et cloisons alu;;;;Old Jeshwang Highway Banjul. Aucune adresse email publiee : a appeler;A APPELER
Gambie;GM;Banjul;KJ Glass & Aluminium Co. Ltd;Fabrication aluminium pose de vitrage fenetres portes cloisons et devantures;kjglassaluminium.com;kjglass@hotmail.com;+220 989 2570;Couvre toute la Gambie. Angle retenu : un 20 pieds suffit pour demarrer. Port Banjul. Mini-mail sur mesure EN;ENVOYE 2026-10-02
Ghana;GH;Accra (East Legon);Prime Glass Ghana;Solutions verre et metal residentiel commercial et industriel;primeglassghana.com;info@primeglassghana.com;;Port Tema. Angle du 20 pieds pour demarrer. Mini-mail sur mesure EN CONTROLE MX DU 07/10 : le domaine primeglassghana.com n a aucun enregistrement MX, seulement un A. Livraison incertaine. Ne pas inclure dans un lot groupe : tester seul et surveiller le rebond.;ENVOYE 2026-10-02
Ghana;GH;Accra (Oyarifa);Brittin Industries;Trempé, feuilleté, isolant, simple vitrage;brittinindustries.com;info@brittinindustries.com;+233 57 638 7743;Usine de transformation, port de Tema. Relance courte le 06/10, lot 4.;RELANCE 2026-10-06
Ghana;GH;Accra, Banana Inn;Perfect Glass Ghana;Transformation de verre et fabrication de façades;perfectglassgh.com;info@perfectglassgh.com;+233 204 336 854;Façades en interne et transformation de verre trempé, feuilleté et double vitrage. Port Tema, envoi en anglais. Relance courte le 06/10, lot 4. Rebond 06/10 : serveur distant mal configure. Appeler.;A APPELER
Ghana;GH;Accra, South Industrial Area;Alutrade;Transformation de verre et distribution aluminium;alutradegh.com;info@alutradegh.com;+233 24 863 4546;Trois fours de trempe et réseau Ghana-Côte d'Ivoire, cibler float et Low-E. Port Tema, envoi en anglais. Relance courte le 06/10, lot 4.;RELANCE 2026-10-06
Ghana;GH;Accra;Glass Experts Ghana;Trempé sans cadre, vitrines, dépoli, garde-corps;myglassexperts.com;;;Poseur-transformateur.  STATUT RENSEIGNE LE 08/10 : cette fiche avait un statut VIDE, ce qui la rendait invisible aux pools de relance comme au decompte des fiches jamais contactees. Aucune adresse publiee, donc dossier telephonique. TESTEE LE 08/10 PAR LA METHODE DU PARAGRAPHE 13 : aucune adresse publiee, un formulaire, un numero unique servant d appel et de WhatsApp, 055-273-0036, et un compte Instagram glass_experts_gh. Leur gamme est portes de verre, fenetres aluminium, coulissants et garde-corps : c est un POSEUR-FABRICANT de menuiserie, pas un negociant de feuilles. Le conteneur complet n est probablement pas a leur echelle. WhatsApp disponible, ce qui est le bon canal pour cette taille de structure, mais priorite basse.;A QUALIFIER
Ghana;GH;Accra;Sofaamy Glass Processing Ghana Ltd;Usine moderne : verre, profilés alu, panneaux composites, garde-corps;glass.sofaamy.com;info@sofaamy.com;+233 24 795 8357;Dessert Ghana, Côte d'Ivoire, Burkina, Togo, Bénin et Nigéria : six marchés par un seul contact. Relance courte le 06/10, lot 5.;RELANCE 2026-10-06
Ghana;GH;Ghana;Daoris Glass;Negoce verrier declarant fournir les pays voisins;;;;Declare fournir le Togo et le Benin donc profil de redistributeur regional, interessant. Localisation et contacts non etablis dans les sources. A qualifier.;A QUALIFIER
Ghana;GH;Tema (106 Graphic Road);Punamactex Ent. Ltd;Maison de negoce, verre a vitre float clair et float teinte;;;+233 21 689800;BON PROFIL : negociant etabli depuis 1995 annoncant du float clair et du float teinte, donc importateur par construction. Port de Tema, nomme au paragraphe 4. Aucune adresse publiee dans les sources : a appeler.;A APPELER
Ghana;GH;Tema;Ghana Glass Works Ltd;Fabrication et fourniture de verre plat;ghanaglass.com;;+233 302 701 700;A TRANCHER AVANT CONTACT : annoncee comme fabricant et fournisseur de verre plat y compris float. Si elle produit reellement du float c est un concurrent au sens du paragraphe 6 et non un prospect. Mais les sources indiquent que le Ghana n a aucune production float commercialement significative, donc il s agit probablement d un transformateur. Aucune adresse publiee de toute facon. TESTEE LE 08/10 PAR LA METHODE DU PARAGRAPHE 13, SANS RESULTAT : la recherche restreinte a ghanaglass.com ne remonte aucune page. Domaine non indexe, donc fiche a requalifier avant d y investir un appel. A verifier au telephone que la societe existe toujours sous ce nom.;A QUALIFIER
Grenade;GD;Saint-Georges (Building 19 Frequente Industrial Park);Saint Lu Metal Grenada Ltd;Fenetres et portes aluminium et PVC, decoupe polissage et biseautage du verre;;;+1 473 439 6538;Filiale grenadienne du groupe Saint Lu Metal deja au registre pour Sainte-Lucie : traiter les deux ensemble. Exporte vers la Barbade et Trinidad donc volumes reels. ADRESSE slmw arobase spiceisle.com ECARTEE : relevee dans un annuaire, et le domaine spiceisle.com n apparait pas dans les URL de resultats. Regle anti-rebond non satisfaite.;A APPELER
Grèce;GR;Patras;Garoufalis Glass;Verre plat (float) et miroiterie depuis 1971;garoufalisglass.gr;info@garoufalisglass.gr;+30 2610 453 093;Sur le float depuis 1971, Koridaleos, Kato Sychaina. Port Le Piree, envoi en anglais. Relance 07/10 sans signature, une seule question sur les plus gros volumes annuels, porte de sortie. Angle cinquante-quatre ans de metier, le message assume qu ils ne changeront pas sur un e-mail. Argument miroir : en marche cotier mediterraneen le miroir sans cuivre ni plomb est une question de garantie. Port Le Piree.;RELANCE 2026-10-07
Grèce;GR;Sindos (Thessalonique);iGlass S.A.;Négoce et transformation de verre plat;iglass.gr;info@iglass.gr;;Plus de 25 000 t/an, sites Thessalonique et Athènes, distribue en Grèce et dans les Balkans du Sud. Port Thessalonique, envoi en anglais. Relance 07/10 sans signature, une seule question sur les plus gros volumes annuels, porte de sortie. Angle negoce plus transformation, le profil qui consomme le plus de feuille brute. Ports Le Piree ou Thessalonique.;RELANCE 2026-10-07
Guadeloupe;GP;Baie-Mahault (ZI Jarry);Miroiterie des Antilles;Miroiterie, SAS, 288 Impasse des Palétuviers;mdantilles.fr;;;Sur la zone portuaire de Jarry, à côté du port. Guadeloupe, territoire francais : hors perimetre de la campagne export. CORRECTION 07/10 : ecartee a tort comme territoire francais. Les DOM sont dans le perimetre de la campagne conteneur, le seul client export actuel est en Martinique. A reprendre. PREMIER TEMPS DE LA METHODE REUSSI LE 08/10 : domaine propre trouve, mdantilles.fr, et confirme par le second temps puisque la recherche restreinte rend bien leur page. Mais cette page ne publie AUCUNE coordonnee lisible dans l index : seulement qu ils sont dans la zone industrielle de Jarry a Baie-Mahault et qu ils se declarent specialistes du verre et du miroir. Coordonnees trouvees par ailleurs, a confirmer : 288 impasse des Paletuviers, ZI Jarry, 97122 Baie-Mahault, tel 05 90 53 21 54, horaires 6h30-14h00. UN ANNUAIRE LA DONNE FERMEE A L INSTANT DU RELEVE, ce qui ne prouve rien mais invite a verifier qu elle est toujours en activite. DOUTE D IDENTITE A TRANCHER AVANT TOUT ENVOI, ET C EST LE POINT IMPORTANT : un annuaire attribue a MIROITERIE DES ANTILLES le domaine antilles-miroiterie.com, qui est celui d une AUTRE fiche de ce registre, Antilles Miroiterie, a qui nous avons ECRIT LE 06/10 avec son adresse guadeloupe en copie. Si les deux noms designent la meme maison, ecrire ici serait un troisieme message en quelques jours, exactement la faute commise sur Shibaam le 08/10. Les deux noms sont par ailleurs quasi inverses l un de l autre, ce qui est le signe classique soit d un meme groupe, soit de deux concurrents aux noms voisins. NE PAS ENVOYER. L appel au 05 90 53 21 54 a un objectif unique : savoir s ils ont un lien avec Antilles Miroiterie.;A QUALIFIER
Guadeloupe;GP;Baie-Mahault (rue Alfred Lumière);Savima Vitrerie;Vitrerie;savima.fr;accueil@savima.fr;;Aucune adresse publiee. DEVERROUILLEE LE 08/10 PAR LA METHODE EN DEUX TEMPS DU PARAGRAPHE 13, ET C EST LA MEILLEURE FICHE DES OUTRE-MER. Domaine propre trouve au premier temps, savima.fr, puis accueil arobase savima.fr relevee sur leur propre page de contact, domaine identique, regle anti-rebond satisfaite sans exception. Atelier a l angle de la voie principale et de la rue Alfred Lumiere, ZI de Jarry, 97122 Baie-Mahault, tel 05 90 26 72 47, fax 05 90 26 60 62. TAILLE DE LA MAISON, ET ELLE CHANGE TOUT : SAS Savima Vitrerie Acces Antillai, SIREN 303 109 953, creee en 1974, president Georges GABRIEL, fonction verifiee donc nom utilisable au titre du paragraphe 5. Chiffre d affaires 2025 d environ 10,1 millions d euros, chiffre lu dans un annuaire de comptes sociaux francais et non chez un courtier de contacts, la distinction compte au regard du paragraphe 5. Un vitrier guadeloupeen a dix millions d euros est de tres loin le plus gros acheteur potentiel des outre-mer. Ils sont ALUMINIER AGREE TECHNAL, tiennent un showroom a Baie-Mahault, et leur gamme couvre vitrage isolant, vitrage de securite, miroir sur mesure, baies coulissantes, garde-corps et jalousies. ET ILS SONT SUR DEUX TERRITOIRES : Savima s est installee a SAINT-MARTIN sous le nom GLASS ALU SXM, lot numero 1 zone d activite de La Savane, 0690 56 50 56, contact arobase glassalusxm.fr. NE PAS CREER DE SECONDE FICHE pour Glass Alu SXM : c est leur etablissement, pas une autre societe, et le paragraphe 13 interdit de fabriquer le doublon. L ARGUMENT A LEUR SERVIR DECOULE DE CELA : un conteneur reparti entre Jarry et La Savane donne le prix du volume groupe sans tout stocker sur un site. RESERVE : les pages de savima.fr sont indexees depuis cinq a huit ans, donc accueil arobase savima.fr peut avoir vieilli. A ESSAYER SEULE, et si elle rebondit, essayer contact arobase glassalusxm.fr, qui est publiee par la meme maison. INTERDIT : ne rien ecrire sur l octroi de mer ni sur la fiscalite a l entree, la question est en attente chez Aaron. Port Pointe-a-Pitre, Jarry. Envoi en francais. Prochaine action : envoyer le 12/10.;A ENVOYER 2026-10-12
Guadeloupe;GP;—;Univers du Verre;Vitrerie et miroiterie, Guadeloupe, Martinique, Saint-Martin;universduverre.fr;contact@universduverre.fr;;Couvre plusieurs îles : volume mutualisé. Guadeloupe, territoire francais : hors perimetre de la campagne export. CORRECTION 07/10 : ecartee a tort comme territoire francais. Les DOM sont dans le perimetre. A reprendre. DEVERROUILLEE LE 08/10 PAR LA METHODE DU PARAGRAPHE 13 : contact arobase universduverre.fr est publiee dans la section contact de leur propre site, domaine identique a celui du site, regle anti-rebond satisfaite sans exception. Etablissement a Baie-Mahault, tel 0590 266 458. QUALIFICATION QUI JUSTIFIE LA FICHE, ET ELLE EST BONNE : ils servent professionnels ET particuliers en Guadeloupe et couvrent en plus la MARTINIQUE, MARIE-GALANTE, LES SAINTES et SAINT-MARTIN. Cinq territoires servis depuis une seule base, c est exactement le volume mutualise que la fiche supposait, et c est le meilleur argument a leur servir : un conteneur reparti sur cinq iles donne le prix du volume groupe sans tout stocker sur un site. L angle a deja fonctionne en redaction sur Antilles Miroiterie. RESERVE : leur page est indexee depuis environ 1 300 jours, soit plus de trois ans, donc l adresse peut avoir vieilli. A ESSAYER SEULE. Port Pointe-a-Pitre, Jarry. Envoi en francais. Prochaine action : envoyer le 12/10. CORRECTION IMMEDIATE DE CE QUE JE VENAIS D ECRIRE, VERIFIE LE 08/10 : j avais note que les DOM etaient le seul marche sans question de douane. C EST FAUX et il ne faut pas s en servir. La loi du 2 juillet 2004 sur l octroi de mer traite comme une IMPORTATION l entree en Guadeloupe ou en Martinique de marchandises originaires ou en provenance de la France metropolitaine ou d un autre Etat membre. L octroi de mer externe s applique donc a du verre europeen, et les taux sont fixes par deliberation des conseils regionaux, que je n ai pas pu etablir pour le chapitre 70 en 2026. Pour la TVA, les DOM sont de surcroit traites comme un territoire d exportation par rapport a la metropole. DONC MEME CONSIGNE QUE POUR LE MEXIQUE ET LE BRESIL : ne rien ecrire ni laisser entendre sur la fiscalite a l entree. Question ajoutee a la liste d Aaron.;A ENVOYER 2026-10-12
Guatemala;GT;Ciudad de Guatemala (29 Calle 2-81 Zona 12);Acabados Profesionales;Finitions du batiment, ligne verre trempe;acabadosprofesionales.com.gt;clientes@acabadosprofesionales.com.gt;+502 2314 1600;Le verre est une ligne parmi une offre de finitions plus large, donc volume recurrent sur plusieurs references. MX verifie OK. Envoi 07/10 en espagnol sans signature : float, trempe, miroir sans cuivre, verre laque. Ports Santo Tomas de Castilla ou Puerto Quetzal.;ENVOYE 2026-10-07
Guatemala;GT;Ciudad de Guatemala;Vidriería Díaz;Verre et aluminium;;;+502 6661 8250;Adresse gmail relevee sur un annuaire et non sur un site de la societe : regle anti-rebond, aucun envoi. A appeler.;A APPELER
Guatemala;GT;Guatemala Ciudad (zona 11) et Quetzaltenango;INALVI — Industria de Aluminio y Vidrio S.A.;Distribution d aluminium et de verre depuis plus de 40 ans;inalvi.com.gt;info@inalvi.com.gt;+502 2210 3100;Distributeur national aluminium et verre, deux sites capitale et Quetzaltenango. Port Santo Tomas de Castilla, envoi en espagnol. Relance courte le 06/10, lot 1.;RELANCE 2026-10-06
Guatemala;GT;Guatemala Ciudad;Grupo Vitrum;Fabrication et pose de verre trempe, Guatemala et Amerique centrale;grupovitrum.com;info@grupovitrum.com;+502 2315 0752;Pas d'adresse email publiee — appeler. Port Puerto Quetzal. Adresse info arobase grupovitrum.com retrouvee le 07/10 sur leur site, domaine conforme, MX Google OK. Envoi 07/10 en espagnol, SANS SIGNATURE selon la consigne d Aaron du jour. Angle templeur donc acheteur de float brut. Ports Santo Tomas de Castilla ou Puerto Quetzal.;ENVOYE 2026-10-07
Guatemala;GT;San Jose Pinula (Cienaga Grande, finca San Antonio);Vidral;Herronnerie, aluminium europeen, verre trempe, acier inoxydable et fenetres UPVC;vidralgt.com;info@vidralgt.com;+502 6637 3812;FICHE CREEE LE 08/10. Grep fait AVANT creation, conformement au paragraphe 5 : aucune fiche Vidral au registre hors Vidral Panama et Vidralgar au Portugal, et aucune des six fiches guatemalteques ne correspond. Societe trouvee par ricochet, en cherchant Vidral Panama : la recherche a fait remonter vidralgt.com, qui est une societe GUATEMALTEQUE distincte, et la confusion de noms est elle-meme un renseignement a garder. DEVERROUILLEE DANS LE MEME MOUVEMENT : info arobase vidralgt.com est publiee sur leur propre site, domaine identique, regle anti-rebond satisfaite. PBX +502 6637-3812, mobiles +502 4221-9858 et 4222-0373. Adresse Cienaga Grande lot 102, finca San Antonio, San Jose Pinula. PROFIL : fabrication et conception de projets en herronnerie, aluminium de style europeen, VERRE TREMPE et acier inoxydable, plus des fenetres aluminium europeennes et UPVC. Qui trempe achete du substrat. RESERVE DE TAILLE A ASSUMER : un atelier a San Jose Pinula, en peripherie de la capitale, avec un PBX et deux mobiles, c est probablement une structure moyenne et non un importateur de conteneurs. La question du message doit porter sur le volume annuel avant toute offre. Le Guatemala n a pas de production float. Port Puerto Quetzal ou Santo Tomas de Castilla. ENVOI programme apres le lot principal. Prochaine action : envoyer apres le 10/10.;A ENVOYER 2026-10-13
Guatemala;GT;San José Pinula (Ofibodegas El Doral);VOLGUA — Volumétricas de Guatemala S.A.;Fabrication de verre trempe;volgua.com;volguaweb@gmail.com;+502 3060 8814;Trempeur donc acheteur de float brut, insumo constant exige par le four. Adresse gmail publiee par la societe sur son propre site, notee au titre de la regle anti-rebond. MX OK. Envoi 07/10 en espagnol sans signature.;ENVOYE 2026-10-07
Guatemala;GT;Ville de Guatemala;Vidrieria Mayco S.A.;Verre trempe tous types depuis 1988, fabrication de fenetres et portes PVC et aluminium;vidrieriamayco.com;ventas@vidrieriamayco.com;;FOUR DE TREMPE : consommation continue de feuille. Port Quetzal ou Santo Tomas.;ENVOYE 2026-10-07
Guinée;GN;Conakry (Ratoma);ALU Guinée;Fabrication et vente de portes, fenetres et mobilier verre;;;;Ratoma Dispensaire. Aucune adresse email publiee : a rechercher. Port Conakry.;A APPELER
Guinée;GN;Conakry;VFK SARL — Vitrerie et Ferronnerie chez KASSA;Vitrerie ferronnerie et aluminium;;;+224 623 10 09 09;Marche de la vitrerie actif a Conakry mais aucune adresse email publiee dans le pays. Port Conakry. A appeler.;A APPELER
Guyana;GY;Georgetown (Albertown);Royal Glass & Aluminum Works;Verre et aluminium;;;+592 227 5227;62 Cummings Street Albertown Georgetown. Aucune adresse email publiee : a appeler;A APPELER
Guyana;GY;Georgetown (Cummings Street);Glass R Us & Building Supplies;Miroirs et fournitures verrieres, materiaux de construction;;;;62 Cummings Street Georgetown. Meme adresse que Royal Glass & Aluminum Works : verifier s il s agit du meme etablissement avant tout envoi. Aucune adresse email publiee.;A APPELER
Guyana;GY;Georgetown (Mc Doom);Kamri Glass Guyana;Verre trempe, garde-corps verre, fenetres et portes UPVC;kamri.glass;kamriglassgy@gmail.com;+592 654 3905;Lot 20A Public Road Mc Doom. Port Georgetown. Envoi en anglais. Relance courte le 06/10, lot 4.;RELANCE 2026-10-06
Guyana;GY;Georgetown (West Coast Demerara);Glaze Manufacturing;Fabrication verre et aluminium;;glazemanufacturing@gmail.com;+592 695 9550;Blankenburg West Coast Demerara. Angle retenu : le Guyana construit vite en ce moment et le verre achete en petits lots mange la marge. Port Georgetown. Mini-mail sur mesure EN;ENVOYE 2026-10-02
Géorgie;GE;Tbilissi (Vakhtang Gorgasali 115);Glass Georgia;Importation et distribution de verre plat : float clair teinte reflechissant imprime miroir feuillete trempe;glassgeorgia.ge;info@glassgeorgia.ge;;IMPORTATEUR PUR, fonde en 2018 : sept familles de produits, ce qui n est tenable qu en achetant au conteneur. MX verifie OK le 07/10. Ports Poti ou Batoumi. Envoi 07/10 : angle seconde place de chargement sans rien changer a leur operation, float plus miroir sans cuivre plus trempe plus Low-E. Adresses nominatives amir.p et maryam.p publiees mais fonctions non verifiees : message au service.;ENVOYE 2026-10-07
Géorgie;GE;Tbilissi et Batoumi;Bars Facade LLC;Import et vente de produits verriers, systemes de facade;barsfacade.ge;;+995 577 41 51 36;Fonde en 1998, importateur historique de verre entre la Georgie et la Turquie, deux sites Tbilissi et Batoumi. CIBLE PRIORITAIRE. Aucune adresse email publiee : appeler. Port Poti. CORRECTION DU 08/10 apres lecture de leur page a propos, barsfacade.ge. Fondee en 1998, elle a bien DEBUTE en important du verre de Turquie, mais son metier actuel est le bardage de facade : systemes de facade, panneaux composites, profiles aluminium, systemes ceramique et terre cuite, peintures electrostatiques. La mention importateur historique de verre reste vraie au passe, mais classer la fiche cible prioritaire sur le verre surestime la situation. Reste un prospect plausible puisque la facade consomme du vitrage, mais l angle doit porter sur le vitrage de facade et non sur le negoce de verre. Aucune adresse trouvee sur le site : reste un dossier telephonique. BALAYAGE DU 08/10 : FICHE NON TESTEE, ET C EST UN CHOIX. La methode de deverrouillage a ete appliquee a l ensemble des fiches verrouillees de la journee, sauf celles-ci, pour une raison de priorite et non d oubli. La carte des marches etablie le 08/10 a 14h35 declasse ce marche : soit il produit son propre float a bas cout, soit il releve de l Europe ou le paragraphe 6 interdit la nouvelle prospection et ou le conteneur n est de toute facon pas le bon mode de livraison. La fiche reste donc verrouillee volontairement. A reprendre si le marche remonte dans les priorites, et la methode est ecrite au paragraphe 13 : recherche large sur le nom avec annuaires et courtiers bloques pour trouver le domaine propre, puis recherche restreinte a ce domaine.;A APPELER
Géorgie;GE;Tbilissi;GEOALPEN;Systemes aluminium, PVC et facades vitrees;geoalpen.ge;info@geoalpen.ge;;Facadier et menuisier aluminium-PVC, 13 Samgori St Tbilissi. Port Poti, envoi en anglais. Relance courte le 06/10, lot 4. Rebond 06/10 : serveur distant mal configure. Appeler.;A APPELER
Haïti;HT;Petion-Ville (71 rue Leon Nau Nerette) et Croix-des-Bouquets;Action Enterprises Windows & Blinds;Fabrication de fenetres et portes aluminium et verre, stores;actionwindowsandblinds.com;;+509 36 19 5572;MEILLEURE FICHE HAITIENNE : fabricant-installateur avec un entrepot de fabrication a Santo Croix-des-Bouquets, donc consommateur de vitrage. Ile sans ligne float, port de Port-au-Prince. ADRESSE sales ECARTEE : relevee dans un annuaire haitien, le domaine actionwindowsandblinds.com n apparait pas dans les URL de resultats et la societe ne la publie pas elle-meme. Regle anti-rebond non satisfaite. A appeler. VERIFIE LE 08/10, RESULTAT NEGATIF ET IL FAUT LE DIRE : une recherche restreinte a leur propre domaine actionwindowsandblinds.com ne rend AUCUN resultat, pas plus que deux recherches larges sur le nom avec Haiti et avec Petion-Ville. Soit le site est hors service, soit il n est plus indexe. La fiche n est pas invalidee pour autant, un negociant haitien peut tres bien travailler sans presence en ligne, mais elle ne peut pas etre deverrouillee par la recherche. Reste le telephone, +509 36 19 5572. Rappel de la mesure du 08/10 : Haiti reste a zero envoi sur quatre societes reelles. Prochaine action : appel. TESTEE LE 08/10 PAR LA METHODE DU PARAGRAPHE 13, SANS RESULTAT : la recherche restreinte a actionwindowsandblinds.com ne remonte aucune page indexee. Le domaine figure en fiche mais il n est pas ou plus indexe. A requalifier avant d y investir un appel.;A APPELER
Haïti;HT;Port-au-Prince (66 Bd Toussaint Louverture);L Union Quincaillerie Materiaux de Construction;Quincaillerie et materiaux de construction;;;+509 35 27 03 30;La fiche ne mentionne pas de vitrerie : rien ne dit qu ils vendent du verre. Priorite basse, a qualifier avant tout effort.;A QUALIFIER
Haïti;HT;Port-au-Prince (Cite Militaire);Les Entreprises Plastech Haiti;Gamme non etablie;plastechhaiti.com;;+509 2813 1422;ADRESSE sales ECARTEE : relevee dans un annuaire, le domaine plastechhaiti.com n apparait pas dans les URL de resultats qui pointent vers lephsa.com. Et surtout la gamme n est pas etablie : rien ne confirme qu ils vendent du verre ou de l aluminium. A qualifier. TESTEE LE 08/10 PAR LA METHODE DU PARAGRAPHE 13, SANS RESULTAT : trois recherches, restreinte au domaine puis larges sur le nom, ne remontent rien. Le nom Plastech est de surcroit tres repandu, donc le risque d homonymie est reel. A requalifier avant tout effort. Haiti reste le marche ou aucun envoi n a pu partir faute de coordonnees publiees.;A QUALIFIER
Haïti;HT;Port-au-Prince;GB Group — Acierie d Haiti;Conglomerat, premiere entreprise de materiaux de construction du pays;gbgroup.com;;;GROS : presente comme la plus grande entreprise de materiaux de construction d Haiti. Aucun courriel dans les resultats et le domaine n apparait pas dans les URL. A qualifier puis appeler : si le groupe distribue du verre, c est la porte d entree du marche haitien.;A QUALIFIER
Honduras;HN;Tegucigalpa et San Pedro Sula;Aluminios del Sur;Fabrication et pose de verre et miroirs sur mesure depuis 1995;aluminiosdelsurhn.com;;+504 8847 8257;Trois decennies de metier, couvre Tegucigalpa, San Pedro Sula et Olancho. Adresse email masquee en ligne : appeler. Port Puerto Cortes. Adresse retrouvee le 07/10. Envoi depuis la nouvelle boite noxem-group. REBOND 07/10 : 550 5.1.1 adresse introuvable sur ventas1@aluminiosdelsurhn.com. Adresse retiree. Passer par le telephone. VERIFIE LE 08/10 : LA SEULE ADRESSE PUBLIEE EST CELLE QUI A REBONDI. ventas1 arobase aluminiosdelsurhn.com, qui a rebondi le 07/10 en 550 5.1.1, est bien la leur, relevee dans les donnees structurees d une de leurs pages, et la plupart des autres pages l affichent masquee. Il n y en a pas d autre. La fiche reste donc un dossier telephonique, et les numeros sont nombreux : +504 8847-8257 et +504 3300-3979, les deux avec WhatsApp, plus un +504 2236-2071 vu sur une seule page. Adresse Plaza Inretur, final avenue Los Proceres, 11101 Tegucigalpa. Horaires 8h-17h du lundi au vendredi, ferme le week-end. PROFIL PRECISE : trempe, feuillete, clair, bronze et sable, decoupe a la cote, bords polis, epaisseurs de 5 a 10 mm, pose disponible, plus miroirs, portes de douche, vitraux et menuiserie PVC. Ils desservent Tegucigalpa, San Pedro Sula, Choluteca, Olancho, San Lorenzo, Danli et La Paz. PHRASE A EXPLOITER AU TELEPHONE, relevee sur leur site : si vous souhaitez DISTRIBUER notre produit, avec l adresse en regard. Une maison qui cherche des distributeurs pense en volume. Prochaine action : appel ou WhatsApp, et demander une adresse valide.;A APPELER
Hongrie;HU;Szombathely;Horváth Síküveg Kft.;Négoce et façonnage de verre plat;horvathsikuveg.hu;info@hmsikuveg.com;+36 94 509 443;Acsadi I. u. 16. Pays enclave : transit par Koper, Rijeka ou Hambourg. Envoi en anglais. Relance 07/10 sans signature, une seule question sur les plus gros volumes annuels, porte de sortie. Angle negoce plus faconnage. Pays enclave : transit via Koper Rijeka ou Constanta selon leur habitude.;RELANCE 2026-10-07
Inde;IN;Bahadurgarh, HSIDC Sector 16;Aurum India Safety Glass Pvt. Ltd.;Transformation de verre architectural de sécurité;relaxotuff.com;info@relaxotuff.com;+91 88160 00801;Transformateur Relaxo Tuff avec réseau de distributeurs, cibler float et extra-clair. Port Mundra, envoi en anglais. Relance courte le 06/10, lot 1. MARCHE INDIEN DECLASSE LE 08/10, ET SUR UN CHIFFRE, PAS SUR UNE IMPRESSION. La revision de l antidumping indien sur le float malaisien retient un PRIX DE REFERENCE DE 374 DOLLARS LA TONNE : en dessous, l Inde considere qu il y a dumping. A 2,5 kg par m2 et par mm, cela fait environ 1,5 dollar le m2 en 4 mm, soit de l ordre de 1,30 euro. Aucun float europeen ne descend la, et l Inde dispose en plus d une forte production nationale. Le marche se regle donc a un niveau hors de notre portee. Autre mesure relevee, qui ne nous gene pas : depuis la notification DGFT du 18/08/2026 le float clair de 4 a 12 mm est en regime Restricted avec un prix minimum a l importation de 34 000 roupies la tonne CIF, seuil tres en dessous d une offre europeenne. Elle vise le verre a bas prix, pas nous, mais elle confirme le niveau du marche. CONDUITE : ne plus consacrer de temps de recherche a l Inde, ne pas relancer au-dela des relances deja faites, et ne pas ouvrir de nouvelle fiche indienne. Si une societe indienne repond d elle-meme, la traiter normalement — une demande entrante ne coute rien. Le declassement porte sur l effort sortant.;RELANCE 2026-10-06
Inde;IN;Chennai (Sowcarpet);Float Glass Centre (Sri Renuka Enterprises);Import et negoce de verre plat toutes categories;renukaglass.com;;;DOUBLON de la fiche Float Glass Centre (Sri Renuka Enterprises) du meme pays, neutralisee le 08/10 lors du balayage systematique du registre. Ne pas demarcher depuis cette ligne. VERIFIE LE 08/10, TOUJOURS SANS ADRESSE. Leur site renukaglass.com ne propose qu un bouton SEND EMAIL derriere un formulaire, l adresse n est pas dans le texte indexe. Deux numeros selon les pages, 08047818693 et 08048601363, les deux presentes comme le meme etablissement. Adresse commerciale 130/447 Mint Street, Sowcarpet, Chennai 600079, et une adresse de siege differente sur une fiche, 23 Devarajan Street, Chennai 600003. DEUX HISTORIQUES CONTRADICTOIRES sur leur propre site : une page donne 2007 comme creation sous le nom Sri Renuka Enterprises, une autre annonce du verre depuis 1983. A trancher au telephone. Gamme large de negociant-importateur, float clair et extra-clair, feuillete, vitrage isolant, miroir, imprime, autonettoyant, verre commutable PDLC, et ils se presentent comme distributeur Saint-Gobain : donc deja fournis par un major. Prochaine action : appel.;NE PAS DEMARCHER
Inde;IN;Chennai (Sowcarpet);Float Glass Centre (Sri Renuka Enterprises);Negoce et import de verre, export vers l Afrique, le Moyen-Orient et l Amerique du Sud;renukaglass.com;;+91 80478 18693;SE DECLARE PREMIER IMPORTATEUR DE VERRE D INDE. Le numero publie est un relais IndiaMART : chercher la ligne directe avant d appeler. Port Chennai. FUSION DU 08/10, detectee par un balayage systematique du registre : 1 fiche(s) en double pour la meme societe (Float Glass Centre (Sri Renuka Enterprises)) ont ete neutralisees. Recupere depuis la fiche neutralisee : site renukaglass.com. VERIFIE LE 08/10, TOUJOURS SANS ADRESSE. Leur site renukaglass.com ne propose qu un bouton SEND EMAIL derriere un formulaire, l adresse n est pas dans le texte indexe. Deux numeros selon les pages, 08047818693 et 08048601363, les deux presentes comme le meme etablissement. Adresse commerciale 130/447 Mint Street, Sowcarpet, Chennai 600079, et une adresse de siege differente sur une fiche, 23 Devarajan Street, Chennai 600003. DEUX HISTORIQUES CONTRADICTOIRES sur leur propre site : une page donne 2007 comme creation sous le nom Sri Renuka Enterprises, une autre annonce du verre depuis 1983. A trancher au telephone. Gamme large de negociant-importateur, float clair et extra-clair, feuillete, vitrage isolant, miroir, imprime, autonettoyant, verre commutable PDLC, et ils se presentent comme distributeur Saint-Gobain : donc deja fournis par un major. Prochaine action : appel. MARCHE INDIEN DECLASSE LE 08/10, ET SUR UN CHIFFRE, PAS SUR UNE IMPRESSION. La revision de l antidumping indien sur le float malaisien retient un PRIX DE REFERENCE DE 374 DOLLARS LA TONNE : en dessous, l Inde considere qu il y a dumping. A 2,5 kg par m2 et par mm, cela fait environ 1,5 dollar le m2 en 4 mm, soit de l ordre de 1,30 euro. Aucun float europeen ne descend la, et l Inde dispose en plus d une forte production nationale. Le marche se regle donc a un niveau hors de notre portee. Autre mesure relevee, qui ne nous gene pas : depuis la notification DGFT du 18/08/2026 le float clair de 4 a 12 mm est en regime Restricted avec un prix minimum a l importation de 34 000 roupies la tonne CIF, seuil tres en dessous d une offre europeenne. Elle vise le verre a bas prix, pas nous, mais elle confirme le niveau du marche. CONDUITE : ne plus consacrer de temps de recherche a l Inde, ne pas relancer au-dela des relances deja faites, et ne pas ouvrir de nouvelle fiche indienne. Si une societe indienne repond d elle-meme, la traiter normalement — une demande entrante ne coute rien. Le declassement porte sur l effort sortant.;A APPELER
Inde;IN;Greater Noida, Udyog Vihar;GSC Glass Pvt. Ltd.;Transformation de verre architectural et industriel;gscglass.com;gsc@gscglass.com;+91 120 4889000;Trempe, feuilletage et vitrage isolant, références de façades de 40000 m². Port Nhava Sheva, envoi en anglais. Relance courte le 06/10, lot 5. MARCHE INDIEN DECLASSE LE 08/10, ET SUR UN CHIFFRE, PAS SUR UNE IMPRESSION. La revision de l antidumping indien sur le float malaisien retient un PRIX DE REFERENCE DE 374 DOLLARS LA TONNE : en dessous, l Inde considere qu il y a dumping. A 2,5 kg par m2 et par mm, cela fait environ 1,5 dollar le m2 en 4 mm, soit de l ordre de 1,30 euro. Aucun float europeen ne descend la, et l Inde dispose en plus d une forte production nationale. Le marche se regle donc a un niveau hors de notre portee. Autre mesure relevee, qui ne nous gene pas : depuis la notification DGFT du 18/08/2026 le float clair de 4 a 12 mm est en regime Restricted avec un prix minimum a l importation de 34 000 roupies la tonne CIF, seuil tres en dessous d une offre europeenne. Elle vise le verre a bas prix, pas nous, mais elle confirme le niveau du marche. CONDUITE : ne plus consacrer de temps de recherche a l Inde, ne pas relancer au-dela des relances deja faites, et ne pas ouvrir de nouvelle fiche indienne. Si une societe indienne repond d elle-meme, la traiter normalement — une demande entrante ne coute rien. Le declassement porte sur l effort sortant.;RELANCE 2026-10-06
Inde;IN;Inde;Float Glass Centre;Importation de verre et produits verriers;;;;SE PRESENTE COMME LE PREMIER IMPORTATEUR DE VERRE D INDE. Aucune adresse email publiee : a rechercher. MARCHE INDIEN DECLASSE LE 08/10, ET SUR UN CHIFFRE, PAS SUR UNE IMPRESSION. La revision de l antidumping indien sur le float malaisien retient un PRIX DE REFERENCE DE 374 DOLLARS LA TONNE : en dessous, l Inde considere qu il y a dumping. A 2,5 kg par m2 et par mm, cela fait environ 1,5 dollar le m2 en 4 mm, soit de l ordre de 1,30 euro. Aucun float europeen ne descend la, et l Inde dispose en plus d une forte production nationale. Le marche se regle donc a un niveau hors de notre portee. Autre mesure relevee, qui ne nous gene pas : depuis la notification DGFT du 18/08/2026 le float clair de 4 a 12 mm est en regime Restricted avec un prix minimum a l importation de 34 000 roupies la tonne CIF, seuil tres en dessous d une offre europeenne. Elle vise le verre a bas prix, pas nous, mais elle confirme le niveau du marche. CONDUITE : ne plus consacrer de temps de recherche a l Inde, ne pas relancer au-dela des relances deja faites, et ne pas ouvrir de nouvelle fiche indienne. Si une societe indienne repond d elle-meme, la traiter normalement — une demande entrante ne coute rien. Le declassement porte sur l effort sortant.;A APPELER
Inde;IN;Inde;Gulam & Gulam Exim Pvt. Ltd.;Import-export de float clair, feuillete, miroir, reflechissant, laque;;;;DOUBLON de la fiche Gulam & Gulam Exim Pvt. Ltd. du meme pays, neutralisee le 08/10 lors du balayage systematique du registre. Ne pas demarcher depuis cette ligne.;NE PAS DEMARCHER
Inde;IN;Jaipur, RIICO Sitapura Extension;Agarwal Toughened Glass India Limited;Transformation de verre trempé et feuilleté;agarwaltuff.com;;+91 72300 43212;Deux unités au Rajasthan, trempe et feuilletage, cibler float. Port Mundra, envoi en anglais. Domaine agarwaltoughenedglass.com introuvable — adresse fournie par ChatGPT, non verifiee. CONTROLE MX DU 07/10 : le domaine agarwaltoughenedglass.com ne resout pas (NXDOMAIN), l adresse info@agarwaltoughenedglass.com ne peut pas recevoir. Adresse retiree du registre. Passer par le telephone. MARCHE INDIEN DECLASSE LE 08/10, ET SUR UN CHIFFRE, PAS SUR UNE IMPRESSION. La revision de l antidumping indien sur le float malaisien retient un PRIX DE REFERENCE DE 374 DOLLARS LA TONNE : en dessous, l Inde considere qu il y a dumping. A 2,5 kg par m2 et par mm, cela fait environ 1,5 dollar le m2 en 4 mm, soit de l ordre de 1,30 euro. Aucun float europeen ne descend la, et l Inde dispose en plus d une forte production nationale. Le marche se regle donc a un niveau hors de notre portee. Autre mesure relevee, qui ne nous gene pas : depuis la notification DGFT du 18/08/2026 le float clair de 4 a 12 mm est en regime Restricted avec un prix minimum a l importation de 34 000 roupies la tonne CIF, seuil tres en dessous d une offre europeenne. Elle vise le verre a bas prix, pas nous, mais elle confirme le niveau du marche. CONDUITE : ne plus consacrer de temps de recherche a l Inde, ne pas relancer au-dela des relances deja faites, et ne pas ouvrir de nouvelle fiche indienne. Si une societe indienne repond d elle-meme, la traiter normalement — une demande entrante ne coute rien. Le declassement porte sur l effort sortant. BALAYAGE DU 08/10 : FICHE NON TESTEE, ET C EST UN CHOIX. La methode de deverrouillage a ete appliquee a l ensemble des fiches verrouillees de la journee, sauf celles-ci, pour une raison de priorite et non d oubli. La carte des marches etablie le 08/10 a 14h35 declasse ce marche : soit il produit son propre float a bas cout, soit il releve de l Europe ou le paragraphe 6 interdit la nouvelle prospection et ou le conteneur n est de toute facon pas le bon mode de livraison. La fiche reste donc verrouillee volontairement. A reprendre si le marche remonte dans les priorites, et la methode est ecrite au paragraphe 13 : recherche large sur le nom avec annuaires et courtiers bloques pour trouver le domaine propre, puis recherche restreinte a ce domaine.;A APPELER
Inde;IN;Kolkata (Kalikapur);Glaze Architecture (P) Ltd;Verre architectural;;glazeonline@gmail.com;+91 98310 25291;A qualifier avant envoi : adresse gmail issue d'annuaire. ECARTE le 07/10 : adresse gmail issue d un annuaire et non du site, donc regle anti-rebond non satisfaite. De plus l Inde dispose de plusieurs lignes float locales, ce qui rend l import europeen peu competitif.;ECARTE — HORS MARCHE
Inde;IN;Mandideep, Polaha;Glafix Industries Private Limited;Fabrication de verre trempé et menuiseries PVC;glafixindia.com;info@glafixindia.com;+91 91091 94702;Usine dédiée au verre architectural trempé et siège à Bhopal, cibler float. Port Nhava Sheva, envoi en anglais. Relance courte le 06/10, lot 5. MARCHE INDIEN DECLASSE LE 08/10, ET SUR UN CHIFFRE, PAS SUR UNE IMPRESSION. La revision de l antidumping indien sur le float malaisien retient un PRIX DE REFERENCE DE 374 DOLLARS LA TONNE : en dessous, l Inde considere qu il y a dumping. A 2,5 kg par m2 et par mm, cela fait environ 1,5 dollar le m2 en 4 mm, soit de l ordre de 1,30 euro. Aucun float europeen ne descend la, et l Inde dispose en plus d une forte production nationale. Le marche se regle donc a un niveau hors de notre portee. Autre mesure relevee, qui ne nous gene pas : depuis la notification DGFT du 18/08/2026 le float clair de 4 a 12 mm est en regime Restricted avec un prix minimum a l importation de 34 000 roupies la tonne CIF, seuil tres en dessous d une offre europeenne. Elle vise le verre a bas prix, pas nous, mais elle confirme le niveau du marche. CONDUITE : ne plus consacrer de temps de recherche a l Inde, ne pas relancer au-dela des relances deja faites, et ne pas ouvrir de nouvelle fiche indienne. Si une societe indienne repond d elle-meme, la traiter normalement — une demande entrante ne coute rien. Le declassement porte sur l effort sortant.;RELANCE 2026-10-06
Inde;IN;Mansa, Dhameda;Unity Safety Glass;Transformation de verre trempé et isolant;unitysafetyglass.com;info@unitysafetyglass.com;+91 93139 21951;Trempe annoncée à 6000 m² par jour, cibler jumbo et extra-clair. Port Mundra, envoi en anglais. Relance courte le 06/10, lot 5. MARCHE INDIEN DECLASSE LE 08/10, ET SUR UN CHIFFRE, PAS SUR UNE IMPRESSION. La revision de l antidumping indien sur le float malaisien retient un PRIX DE REFERENCE DE 374 DOLLARS LA TONNE : en dessous, l Inde considere qu il y a dumping. A 2,5 kg par m2 et par mm, cela fait environ 1,5 dollar le m2 en 4 mm, soit de l ordre de 1,30 euro. Aucun float europeen ne descend la, et l Inde dispose en plus d une forte production nationale. Le marche se regle donc a un niveau hors de notre portee. Autre mesure relevee, qui ne nous gene pas : depuis la notification DGFT du 18/08/2026 le float clair de 4 a 12 mm est en regime Restricted avec un prix minimum a l importation de 34 000 roupies la tonne CIF, seuil tres en dessous d une offre europeenne. Elle vise le verre a bas prix, pas nous, mais elle confirme le niveau du marche. CONDUITE : ne plus consacrer de temps de recherche a l Inde, ne pas relancer au-dela des relances deja faites, et ne pas ouvrir de nouvelle fiche indienne. Si une societe indienne repond d elle-meme, la traiter normalement — une demande entrante ne coute rien. Le declassement porte sur l effort sortant.;RELANCE 2026-10-06
Inde;IN;Mumbai (Umerkhadi);Gulam & Gulam Exim Pvt. Ltd.;Import export et negoce de verre plat;;;;Fondee en 2010. Importateur et exportateur de float clair feuillete miroirs verre reflechissant et laque. Ground Floor 03 BMC Shop P D Mello Road Umerkhadi Mumbai 400009. Port Nhava Sheva. Aucune adresse email publiee : a appeler FUSION DU 08/10, detectee par un balayage systematique du registre : 1 fiche(s) en double pour la meme societe (Gulam & Gulam Exim Pvt. Ltd.) ont ete neutralisees. MARCHE INDIEN DECLASSE LE 08/10, ET SUR UN CHIFFRE, PAS SUR UNE IMPRESSION. La revision de l antidumping indien sur le float malaisien retient un PRIX DE REFERENCE DE 374 DOLLARS LA TONNE : en dessous, l Inde considere qu il y a dumping. A 2,5 kg par m2 et par mm, cela fait environ 1,5 dollar le m2 en 4 mm, soit de l ordre de 1,30 euro. Aucun float europeen ne descend la, et l Inde dispose en plus d une forte production nationale. Le marche se regle donc a un niveau hors de notre portee. Autre mesure relevee, qui ne nous gene pas : depuis la notification DGFT du 18/08/2026 le float clair de 4 a 12 mm est en regime Restricted avec un prix minimum a l importation de 34 000 roupies la tonne CIF, seuil tres en dessous d une offre europeenne. Elle vise le verre a bas prix, pas nous, mais elle confirme le niveau du marche. CONDUITE : ne plus consacrer de temps de recherche a l Inde, ne pas relancer au-dela des relances deja faites, et ne pas ouvrir de nouvelle fiche indienne. Si une societe indienne repond d elle-meme, la traiter normalement — une demande entrante ne coute rien. Le declassement porte sur l effort sortant.;A APPELER
Inde;IN;Mumbai et Pune;MG Glass (OPC) Pvt. Ltd.;Trempe, feuillete et vitrage architectural depuis 2008;mg-glass.in;;;Aucune adresse publiee. MARCHE INDIEN DECLASSE LE 08/10, ET SUR UN CHIFFRE, PAS SUR UNE IMPRESSION. La revision de l antidumping indien sur le float malaisien retient un PRIX DE REFERENCE DE 374 DOLLARS LA TONNE : en dessous, l Inde considere qu il y a dumping. A 2,5 kg par m2 et par mm, cela fait environ 1,5 dollar le m2 en 4 mm, soit de l ordre de 1,30 euro. Aucun float europeen ne descend la, et l Inde dispose en plus d une forte production nationale. Le marche se regle donc a un niveau hors de notre portee. Autre mesure relevee, qui ne nous gene pas : depuis la notification DGFT du 18/08/2026 le float clair de 4 a 12 mm est en regime Restricted avec un prix minimum a l importation de 34 000 roupies la tonne CIF, seuil tres en dessous d une offre europeenne. Elle vise le verre a bas prix, pas nous, mais elle confirme le niveau du marche. CONDUITE : ne plus consacrer de temps de recherche a l Inde, ne pas relancer au-dela des relances deja faites, et ne pas ouvrir de nouvelle fiche indienne. Si une societe indienne repond d elle-meme, la traiter normalement — une demande entrante ne coute rien. Le declassement porte sur l effort sortant. BALAYAGE DU 08/10 : FICHE NON TESTEE, ET C EST UN CHOIX. La methode de deverrouillage a ete appliquee a l ensemble des fiches verrouillees de la journee, sauf celles-ci, pour une raison de priorite et non d oubli. La carte des marches etablie le 08/10 a 14h35 declasse ce marche : soit il produit son propre float a bas cout, soit il releve de l Europe ou le paragraphe 6 interdit la nouvelle prospection et ou le conteneur n est de toute facon pas le bon mode de livraison. La fiche reste donc verrouillee volontairement. A reprendre si le marche remonte dans les priorites, et la methode est ecrite au paragraphe 13 : recherche large sur le nom avec annuaires et courtiers bloques pour trouver le domaine propre, puis recherche restreinte a ce domaine.;A APPELER
Inde;IN;Mumbai, Prabhadevi;FG Glass;Transformation de verre architectural et de sécurité;fgglass.com;sales@fgglass.com;+91 22 4065 7777;Usine automatisée, capacité jumbo de 3300 x 7000 mm. Port Nhava Sheva, envoi en anglais. Relance courte le 06/10, lot 5. MARCHE INDIEN DECLASSE LE 08/10, ET SUR UN CHIFFRE, PAS SUR UNE IMPRESSION. La revision de l antidumping indien sur le float malaisien retient un PRIX DE REFERENCE DE 374 DOLLARS LA TONNE : en dessous, l Inde considere qu il y a dumping. A 2,5 kg par m2 et par mm, cela fait environ 1,5 dollar le m2 en 4 mm, soit de l ordre de 1,30 euro. Aucun float europeen ne descend la, et l Inde dispose en plus d une forte production nationale. Le marche se regle donc a un niveau hors de notre portee. Autre mesure relevee, qui ne nous gene pas : depuis la notification DGFT du 18/08/2026 le float clair de 4 a 12 mm est en regime Restricted avec un prix minimum a l importation de 34 000 roupies la tonne CIF, seuil tres en dessous d une offre europeenne. Elle vise le verre a bas prix, pas nous, mais elle confirme le niveau du marche. CONDUITE : ne plus consacrer de temps de recherche a l Inde, ne pas relancer au-dela des relances deja faites, et ne pas ouvrir de nouvelle fiche indienne. Si une societe indienne repond d elle-meme, la traiter normalement — une demande entrante ne coute rien. Le declassement porte sur l effort sortant.;RELANCE 2026-10-06
Inde;IN;Mumbai;Sejal Glass Ltd;Transformateur cote en bourse : trempe, feuillete, vitrage isolant, miroir;sejalglass.co.in;info@sejalglass.co.in;;SOCIETE COTEE (BSE/NSE) — usine Jhagadia. Copie sales@sejalglass.co.in. Port Nhava Sheva. Relance courte le 06/10, lot 5. MARCHE INDIEN DECLASSE LE 08/10, ET SUR UN CHIFFRE, PAS SUR UNE IMPRESSION. La revision de l antidumping indien sur le float malaisien retient un PRIX DE REFERENCE DE 374 DOLLARS LA TONNE : en dessous, l Inde considere qu il y a dumping. A 2,5 kg par m2 et par mm, cela fait environ 1,5 dollar le m2 en 4 mm, soit de l ordre de 1,30 euro. Aucun float europeen ne descend la, et l Inde dispose en plus d une forte production nationale. Le marche se regle donc a un niveau hors de notre portee. Autre mesure relevee, qui ne nous gene pas : depuis la notification DGFT du 18/08/2026 le float clair de 4 a 12 mm est en regime Restricted avec un prix minimum a l importation de 34 000 roupies la tonne CIF, seuil tres en dessous d une offre europeenne. Elle vise le verre a bas prix, pas nous, mais elle confirme le niveau du marche. CONDUITE : ne plus consacrer de temps de recherche a l Inde, ne pas relancer au-dela des relances deja faites, et ne pas ouvrir de nouvelle fiche indienne. Si une societe indienne repond d elle-meme, la traiter normalement — une demande entrante ne coute rien. Le declassement porte sur l effort sortant.;RELANCE 2026-10-06
Inde;IN;Rajkot (Gujarat);Rio Glass Pvt Ltd;Transformateur : trempe, feuillete, insulating, miroir;rioglassindia.com;mail@rioglassindia.com;;GROS TRANSFORMATEUR GUJARAT — port Mundra, proche de l'usine. Envoi en anglais. Relance courte le 06/10, lot 1. MARCHE INDIEN DECLASSE LE 08/10, ET SUR UN CHIFFRE, PAS SUR UNE IMPRESSION. La revision de l antidumping indien sur le float malaisien retient un PRIX DE REFERENCE DE 374 DOLLARS LA TONNE : en dessous, l Inde considere qu il y a dumping. A 2,5 kg par m2 et par mm, cela fait environ 1,5 dollar le m2 en 4 mm, soit de l ordre de 1,30 euro. Aucun float europeen ne descend la, et l Inde dispose en plus d une forte production nationale. Le marche se regle donc a un niveau hors de notre portee. Autre mesure relevee, qui ne nous gene pas : depuis la notification DGFT du 18/08/2026 le float clair de 4 a 12 mm est en regime Restricted avec un prix minimum a l importation de 34 000 roupies la tonne CIF, seuil tres en dessous d une offre europeenne. Elle vise le verre a bas prix, pas nous, mais elle confirme le niveau du marche. CONDUITE : ne plus consacrer de temps de recherche a l Inde, ne pas relancer au-dela des relances deja faites, et ne pas ouvrir de nouvelle fiche indienne. Si une societe indienne repond d elle-meme, la traiter normalement — une demande entrante ne coute rien. Le declassement porte sur l effort sortant.;RELANCE 2026-10-06
Inde;IN;Rajkot, Targhadia;Echo Tuff Pvt. Ltd.;Transformation de verre trempé, feuilleté et isolant;echotuff.com;info@echotuff.com;+91 74860 34334;Usine de transformation à Targhadia et bureau à Rajkot, cibler float et Low-E. Port Mundra, envoi en anglais. Relance courte le 06/10, lot 5. MARCHE INDIEN DECLASSE LE 08/10, ET SUR UN CHIFFRE, PAS SUR UNE IMPRESSION. La revision de l antidumping indien sur le float malaisien retient un PRIX DE REFERENCE DE 374 DOLLARS LA TONNE : en dessous, l Inde considere qu il y a dumping. A 2,5 kg par m2 et par mm, cela fait environ 1,5 dollar le m2 en 4 mm, soit de l ordre de 1,30 euro. Aucun float europeen ne descend la, et l Inde dispose en plus d une forte production nationale. Le marche se regle donc a un niveau hors de notre portee. Autre mesure relevee, qui ne nous gene pas : depuis la notification DGFT du 18/08/2026 le float clair de 4 a 12 mm est en regime Restricted avec un prix minimum a l importation de 34 000 roupies la tonne CIF, seuil tres en dessous d une offre europeenne. Elle vise le verre a bas prix, pas nous, mais elle confirme le niveau du marche. CONDUITE : ne plus consacrer de temps de recherche a l Inde, ne pas relancer au-dela des relances deja faites, et ne pas ouvrir de nouvelle fiche indienne. Si une societe indienne repond d elle-meme, la traiter normalement — une demande entrante ne coute rien. Le declassement porte sur l effort sortant.;RELANCE 2026-10-06
Indonésie;ID;Cikarang (Bekasi, Jakarta);PT Optima Berkat Sinergi — Optima Glass;Distribution de verre trempe, feuillete et float;optimaglass.co.id;admin@optimaglass.co.id;+62 895 7007 21203;Se presente en centre de distribution du verre trempe a Jakarta. Port Tanjung Priok, envoi en anglais. Relance courte le 06/10, lot 5.;RELANCE 2026-10-06
Indonésie;ID;Jakarta / Tangerang (Jatake);Roxy Glass — PT Roxy Kaca;Trempe, feuillete, double vitrage, verre decoratif depuis 1990;roxyglass.com;sales@roxyglass.com;+62 815 8990 030;FABRICANT DEPUIS 1990, usine a Tangerang et trois points de vente a Jakarta. Port Tanjung Priok. Envoi en indonesien. Relance courte le 06/10, lot 5.;RELANCE 2026-10-06
Indonésie;ID;Jakarta Barat (Tegal Alur);Popular Kaca Utama PT;Distribution de verre plat, distributeur Mulia Glass;;;+62 21 55960016;Kawasan Pergudangan Miami Blok M2 No 5-18 Tegal Alur Kalideres. Distributeur declare de Mulia Glass. Port Tanjung Priok;A APPELER
Indonésie;ID;Jakarta Timur (Rawamangun);PT Karya Bangun Bersama;Distribution de materiaux de construction, verre pour cloisons, portes et fenetres;;kbb@cbn.net.id;+62 21 4074 3830;Distributeur materiaux avec activite verre, Jl. Pemuda 278. Contact Wawan Nasution. Port Tanjung Priok. A qualifier : verifier le volume verre avant envoi. ECARTE le 07/10 : l Indonesie dispose d une production float locale importante, l import europeen n y est pas competitif sur le float de base.;ECARTE — HORS MARCHE
Indonésie;ID;Jakarta;PT Biru & Sons;Distributeur verre plat;biruindonesia.com;contactus@biruindonesia.com;;Fonde en 1968. Agences Bandung Surabaya Medan. Port Tanjung Priok Relance courte le 06/10, lot 1.;RELANCE 2026-10-06
Indonésie;ID;Semarang (Kawasan Industri Candi Jl. Jend. Gatot Subroto);PT Matahari Silverindo;Fabrication de miroirs argent et aluminium, verre trempe feuillete et reflechissant;mataharisilverindo.com;;+62 24 761 7600;ANGLE TECHNIQUE PRECIS : ils argentent, et l argenture ne pardonne pas — chaque defaut du substrat est rendu permanent et double par le reflet, donc la qualite float exigee est plus stricite qu en vitrerie. Et le miroir haut de gamme se fait en extra-clair, le clair standard mettant une dominante verte dans le reflet. Le message reconnait d entree que l Indonesie produit son propre float et renonce explicitement a concourir sur le float clair ordinaire : seul l extra-clair est defendable. Premiere fiche de Semarang, les sept autres fiches indonesiennes etant a Jakarta Surabaya et Tangerang. Regle anti-rebond OK. Controle MX impossible le 08/10 car le resolveur DNS de la session est hors service. REBOND DU 08/10 : export arobase mataharisilverindo.com a rebondi a 10h40 en 550 No Such User. Le domaine fonctionne, c est la boite export qui n existe pas. Adresse retiree de la fiche. Le profil reste bon et la fiche vaut d etre deverrouillee a nouveau : fabricant de miroirs argent et aluminium, trempe, feuillete et reflechissant a Semarang, donc acheteur de float pour argenture. PROCHAINE ACTION : appliquer la methode de deverrouillage, recherche restreinte a leur domaine, pour trouver l adresse qu ils publient reellement. Rappel du paragraphe 6 : l Indonesie produit son float, Asahimas, donc aucun argument d absence de production locale. CAS PARTICULIER ETABLI LE 08/10, ET IL FAUT LE NOMMER : LA SOCIETE PUBLIE UNE ADRESSE MORTE. export arobase mataharisilverindo.com a rebondi en 550 No Such User, et la recherche restreinte a leur domaine confirme que c est pourtant bien l adresse qu ils affichent, sur leur page de contact ET sur leur accueil. Ce n est donc ni une adresse devinee ni une vieille page : leur propre serveur refuse la boite qu ils annoncent. Aucune autre adresse n est publiee. C est le contre-exemple utile des cinq resurrections du jour : la methode ne peut pas reparer une adresse que la societe elle-meme publie a tort. MAIS TROIS CANAUX RESTENT, et l un est excellent : HOTLINE WHATSAPP +62 815 7810 0100, puis deux lignes par division, MIROIR +62 24 761 7600 et TREMPE +62 24 761 7800, avec leurs fax. Deux divisions separees avec chacune sa ligne confirment la taille de la maison. Adresse precisee : Kawasan Industri Candi, Jl. Jend. Gatot Subroto blok 12 numero 1, Semarang 50146, Java central. PROCHAINE ACTION : WhatsApp sur la hotline, en demandant une adresse valide au service export, ou appel sur la ligne MIROIR, puisque c est le miroir qui nous interesse — ils argentent, donc ils achetent du float a argenter. A inscrire dans les appels prioritaires.;A APPELER
Indonésie;ID;Semarang;Top Glass;Fourniture de verre trempe en 8 10 12 et 19 mm;topglass.id;;+62 813 1260 7307;NON CONTACTEE : profil de fournisseur-revendeur oriente batiment et projets plutot que de transformateur achetant du substrat, et l Indonesie dispose de sa propre production float. Adresse gmail relevee sur leur site mais sans interet tant que le profil n est pas clarifie. A qualifier.;A QUALIFIER
Indonésie;ID;Surabaya;Surabaya Kaca;Negociant verre plat;;surabayakaca@gmail.com;;Negoce verre Surabaya. Port Tanjung Perak Relance courte le 06/10, lot 1.;RELANCE 2026-10-06
Indonésie;ID;Tangerang (Banten);PT Alam Kaca Prabawa Indonesia;Distribution de verre plat;;;+62 21 5521721;Jl. Raya Mauk KM.2 No.23 Nambo Jaya Tangerang 15112. Port Tanjung Priok;A APPELER
Irak;IQ;Bagdad (Kharada) et Bassorah;Alumex — Aluminium Contracting Co.;Fabrication de fenetres portes et facades verre aluminium depuis 2011;alumexiq.com;info@alumexiq.com;+964 771 991 1223;FABRICANT DE FACADES multi-sites : le verre est le poste le plus lourd d un mur rideau. Branche a Bassorah donc proche d Umm Qasr. MX verifie OK le 07/10. Envoi 07/10 : float plus trempe plus Low-E plus vitrage technique, chargements mixtes pour trois epaisseurs sur un meme chantier. Seconde adresse sales arobase alumexiq.com gardee pour relance.;ENVOYE 2026-10-07
Irak;IQ;Erbil (Hay Al Adala);Rozhano Tempered Glass & Aluminum;Transformation de verre trempe et aluminium depuis 2006;rozhano.com;rozhano@rozhano.com;+964 750 303 9569;ADOSSE AU GROUPE DIJLA (1978), reference de la transformation en Irak. Port Umm Qasr ou Mersin puis route. Envoi en anglais (region du Kurdistan). Relance courte le 06/10, lot 5. FUSION DU 08/10 : une seconde fiche existait pour la meme societe, meme domaine rozhano.com, orthographiee Aluminium au lieu d Aluminum. Le balayage par nom ne l avait pas vue a cause de cette seule lettre : c est le balayage par domaine qui l a attrapee.;RELANCE 2026-10-06
Irak;IQ;Erbil;Arturaya Glass Company;Importateur et installateur, 2014;arturaya.com;;+964 751 667 6876;IMPORTATEUR : se fournit déjà à l'étranger. Adresse info arobase arturaya.com relevee le 07/10, domaine identique au site. IMPORTE DEJA DES CONTENEURS : ils annoncent eux-memes travailler avec des usines etrangeres. Envoi 07/10 : angle seconde route d approvisionnement europeenne, distance geographique citee sans aucune promesse de delai, float plus trempe plus Low-E pour les 45 C d ete et les hivers reels d Erbil. Bureaux Erbil, Duhok et Souleimaniye. CONTROLE MX DU 07/10 : le domaine arturaya.com ne resout pas (NXDOMAIN), l adresse info@arturaya.com ne peut pas recevoir. Adresse retiree du registre. Passer par le telephone. VERIFICATION DU 08/10 QUI CONFIRME LE RETRAIT DE L ADRESSE, ET LA DISTINCTION VAUT D ETRE NOTEE. La recherche restreinte a arturaya.com remonte bien leur site et la section Get in Touch publie toujours info arobase arturaya.com, avec l entrepot de Gird Jutyar Road 17 a Erbil et le +964 751 667 6876. Mais le rebond du 07/10 vient du serveur de Google lui-meme, pas de notre resolveur de session : le domaine arturaya.com est introuvable pour la messagerie. DONC UN SITE INDEXE ET VIVANT N IMPLIQUE PAS UN DOMAINE DE COURRIER JOIGNABLE, et c est le seul cas de la journee ou la methode du paragraphe 13 trouve une adresse qui ne peut pas recevoir. Ne pas reessayer cette adresse. Le telephone reste le seul chemin.;A APPELER
Irak;IQ;Erbil;IIALCO — Iraqi Italian Aluminum Company;Aluminium et construction depuis 2013, chantiers a Bagdad Erbil et Souleimaniye;iialco.com;info@iialco.com;+964 770 803 6060;ENTREPRISE DE FACADE : l aluminium est leur systeme, le verre est le poste le plus lourd. Adresse info arobase iialco.com, domaine conforme. Envoi 07/10 : float plus trempe plus Low-E plus vitrage technique, chargements mixtes pour trois epaisseurs sur un meme chantier.;ENVOYE 2026-10-07
Irak;IQ;Erbil;Nawzad NIT Group;Fabrication et distribution aluminium et verre;nitgroup.krd;;+964 750 722 2777;Siège et usine à Erbil, agence à Bagdad, cibler vitrages de façade et miroirs. Pas d adresse publiee : appeler. Port . VERIFIE LE 08/10, ADRESSE OBFUSQUEE : leur page de contact affiche un emplacement vide a la place de l adresse e-mail, protection anti-aspiration classique. Reste un dossier telephonique, et il est mieux documente qu avant. Societe fondee en 2008 au Kurdistan irakien, trois metiers annonces, systemes aluminium, verre architectural et portes automatiques. Siege Erbil, rue 60 metres, face a l hotel Dedaman, code postal 44001. USINE SEPAREE, zone Industry South d Erbil, rue 100M : une usine distincte du siege est un indice de transformation en propre et non de simple pose. Trois lignes a essayer : +964 750 722 2777, +964 750 239 8585, +964 781 715 0333. Prochaine action : appel, demander le departement verre et aluminium.;A APPELER
Irak;IQ;—;Rozhano Tempered Glass & Aluminium;Trempe et aluminium, 2006, groupe Dijla (1978);rozhano.com;;;DOUBLON de la fiche Rozhano Tempered Glass & Aluminum, meme domaine rozhano.com. Neutralisee le 08/10. Ne pas demarcher depuis cette ligne.;NE PAS DEMARCHER
Irlande;IE;Bantry (Comte de Cork);Bantry Glass & Glazing Ltd;Verre et vitrerie, marche de gros depuis 1990;bantryglass.com;;+353 27 51132;Adresse e-mail tronquee dans l'annuaire : ne pas deviner, appeler. BALAYAGE DU 08/10 : FICHE NON TESTEE, ET C EST UN CHOIX. La methode de deverrouillage a ete appliquee a l ensemble des fiches verrouillees de la journee, sauf celles-ci, pour une raison de priorite et non d oubli. La carte des marches etablie le 08/10 a 14h35 declasse ce marche : soit il produit son propre float a bas cout, soit il releve de l Europe ou le paragraphe 6 interdit la nouvelle prospection et ou le conteneur n est de toute facon pas le bon mode de livraison. La fiche reste donc verrouillee volontairement. A reprendre si le marche remonte dans les priorites, et la methode est ecrite au paragraphe 13 : recherche large sur le nom avec annuaires et courtiers bloques pour trouver le domaine propre, puis recherche restreinte a ce domaine.;A APPELER
Irlande;IE;Dublin;AC Taylor Trading Ltd;Fourniture de verre, large gamme;actaylor.ie;info@actaylor.ie;+353 1 818 2979;Grossiste verrier de Dublin. Port Dublin, envoi en anglais. Relance 07/10 sans signature, une seule question sur les plus gros volumes annuels, porte de sortie. Angle largeur de gamme : beaucoup de references tenues en meme temps donc stock et reconstitution, et le chargement mixte leur convient mieux qu un conteneur mono-reference. Ports Dublin ou Cork.;RELANCE 2026-10-07
Irlande;IE;Kinsale (Cork);Cork Glass Centre;Négoce et façonnage de verre;corkglass.ie;info@corkglass.ie;+353 21 431 5036;Unit 3, Kinsale Business Park. PREMIERE REPONSE DE LA CAMPAGNE le 25/09 : accuse de reception d Emma, qui renvoie les commandes vers eric@corkglass.ie. Relancer Eric directement. Port Cork.;A RELANCER — REPONSE RECUE
Irlande;IE;Swords, Co. Dublin;Carlen Glass Merchants Ltd;Negoce de verre coupe-feu, trempe, laque et verre de poele;carlenglass.ie;carlenglass@gmail.com;+353 1 845 2526;NE PAS DEMARCHER SUR CETTE CAMPAGNE : Michael McCormack negocie deja le destockage 8230 m2. Port Dublin.;EN NEGOCIATION
Irlande;IE;Templemore (Comte de Tipperary);Tipperary Glass Ltd;Verre en gros depuis plus de 60 ans, float clair 2 a 25 mm;tipperaryglass.ie;;;NE PAS DEMARCHER SUR LA CAMPAGNE CONTENEUR : deja sollicite sur le destockage des 8 230 m2. Garder un seul interlocuteur.;NE PAS DEMARCHER
Italie;IT;Borgaro Torinese (Turin);Cilvea S.p.A.;Distribution de verre plat, logistique et conseil;cilvea.it;info@cilvea.it;+39 011 407 8311;DISTRIBUTEUR DE REFERENCE du verre plat en Italie du Nord. Port Genes, envoi en italien. Relance 07/10 sans signature, une seule question sur les plus gros volumes annuels, porte de sortie. Angle distributeur qui vend aussi la logistique et le conseil, donc il mesure le cout rendu et non le depart usine, seule base sur laquelle une discussion sur l origine a du sens. Proposition de passer au francais ou a l italien. REFUS 08/10 de Francesca Avaro : la direzione non e interessata. Refus net, exprime par la direction. NE PLUS DEMARCHER, ni sur les conteneurs ni sur le destockage. A noter : ils ont recu deux messages de nous en 24 h, un sur chaque campagne, ce qui a pu peser dans le refus.;NE PAS DEMARCHER
Italie;IT;Caserte et Nord;Savas S.p.A.;Gros de verre plat, partenaire AGC, Saint-Gobain et Pilkington;savas.it;;;Nouvel entrepot de plus de 4000 m2 a Caserte pour le sud de l Italie. Aucune adresse email publiee : a rappeler. BALAYAGE DU 08/10 : FICHE NON TESTEE, ET C EST UN CHOIX. La methode de deverrouillage a ete appliquee a l ensemble des fiches verrouillees de la journee, sauf celles-ci, pour une raison de priorite et non d oubli. La carte des marches etablie le 08/10 a 14h35 declasse ce marche : soit il produit son propre float a bas cout, soit il releve de l Europe ou le paragraphe 6 interdit la nouvelle prospection et ou le conteneur n est de toute facon pas le bon mode de livraison. La fiche reste donc verrouillee volontairement. A reprendre si le marche remonte dans les priorites, et la methode est ecrite au paragraphe 13 : recherche large sur le nom avec annuaires et courtiers bloques pour trouver le domaine propre, puis recherche restreinte a ce domaine.;A APPELER
Italie;IT;Gênes;G.B. Vetro;Verrerie et négoce de verre plat;gbvetro.it;info@gbvetro.it;+39 010 651 1741;Sur le port de Genes. Envoi en italien. Relance 07/10 sans signature, une seule question sur les plus gros volumes annuels, porte de sortie. Relance volontairement tres courte, avec proposition de passer au francais ou a l italien.;RELANCE 2026-10-07
Italie;IT;Melito di Napoli;Vetro Italia Srl;Négoce et transformation de verre;vetroitaliasrl.it;commerciale@vetroitaliasrl.it;;Via A. Vespucci 28. Port Naples, envoi en italien. Relance 07/10 sans signature, une seule question sur les plus gros volumes annuels, porte de sortie. Relance volontairement tres courte, avec proposition de passer au francais ou a l italien.;RELANCE 2026-10-07
Jamaïque;JM;Kingston (Retirement Crescent);Caribbean Glass Co Ltd;Verre plat, imprime, arme, vitrines, vitrage industriel;caribbeanglasscompany.com;caribbeanglasscoltd@gmail.com;+1 876 929 0011;PLUS GROS STOCK DE VERRE PLAT DE JAMAIQUE. Port Kingston. Envoi en anglais. Se presente comme le plus gros stock de verre de Jamaique. Aucune adresse email publiee : a rappeler. Port Kingston. Relance courte le 06/10 : une seule question posee (la reference et l'epaisseur la plus achetee) contre un prix ferme sous 48h, et sortie offerte en repondant non.;RELANCE 2026-10-06
Jamaïque;JM;Kingston 11 (Spanish Town Road);Aluminium Extrusions Depot Ltd;Fournitures aluminium, fixations et quincaillerie;;;+1 876 923 3228;435 Spanish Town Road. Fournisseur des fabricants de fenetres de Kingston. Aucune adresse publiee : a appeler.;A APPELER
Jamaïque;JM;Kingston 13 (Chisholm Avenue);Virgin's International Trading Ltd;Importation d extrusions aluminium et quincaillerie;virginsintltrading.com;virgins.intltrading18@gmail.com;+1 876 754 1318;IMPORTATEUR DECLARE D EXTRUSIONS ALUMINIUM : profil conteneur, fabricants de fenetres comme clients. Adresse masquee par les annuaires, aucune adresse lisible : ne pas deviner, appeler. CORRECTION D EMPHASE LE 08/10 : cette fiche etait classee haut dans la liste d appels. Leur metier principal est la distribution et l IMPORTATION D EXTRUSIONS ALUMINIUM, le verre et le miroir n etant qu une ligne de produits parmi d autres, a cote des balcons douches moustiquaires fenetres et portes. Ils restent un prospect plausible, un importateur d aluminium pour menuiserie consommant du vitrage, mais l angle doit porter sur le vitrage qui accompagne leurs profiles et non sur le negoce de verre. ADRESSE INEXPLOITABLE : masquee dans les annuaires. TROIS NUMEROS CONTRADICTOIRES selon les sources, 876 754 1318 le plus repandu, puis 876 906 0736 et 876 335 9795 : appeler le premier et confirmer. Site virginsintltrading.com. DEVERROUILLEE LE 08/10. EXCEPTION DU PARAGRAPHE 5 A NOTER : le domaine de l adresse, gmail.com, differe de celui du site, virginsintltrading.com. L envoi n est donc autorise que parce que la societe publie elle-meme cette adresse sur son propre site, ce que les URL de resultats confirment. Adresse physique 18 Chisholm Avenue, Kingston 13. Lignes supplementaires +1 876 906 1934 et +1 876 906 0736, WhatsApp +1 876 335 9795. Leur catalogue couvre l aluminium ET une categorie verre, garde-corps de balcon, parois de douche, moustiquaires retractables, fenetres et portes : extrudeur-negociant aluminium qui vend aussi le vitrage, donc acheteur de verre plat. ENVOI NON ENCORE FAIT, programme le 09/10 en anglais. Angle a retenir : parois de douche et garde-corps consomment du trempe, et la Jamaique est un marche cyclonique donc consommateur de feuillete. Port Kingston. Prochaine action : envoyer le 09/10.;A ENVOYER 2026-10-09
Jamaïque;JM;Kingston 5 (Old Hope Road);D & S Glass & Mirror Supplies Ltd;Fourniture de verre et de miroir;;;+1 876 978 2659;63 Old Hope Road. Negociant verre et miroir. Aucune adresse publiee : a appeler.;A APPELER
Jordanie;JO;Amman (Abu Alanda);Horizon Glass Processing Co.;Transformation, plus de 30 ans;horizonglasspro.com;info@horizon-jor.com;+962 6 4636193;Ancienneté et volume. Port d'Aqaba. Relance courte le 06/10, lot 5.;RELANCE 2026-10-06
Jordanie;JO;Amman (Al Bayader);First Glass;Fabricant de verre;fgi.jo;info@fgi.jo;;Fabricant local, port d'Aqaba. Relance courte le 06/10, lot 5.;RELANCE 2026-10-06
Jordanie;JO;Amman (Alsena'a);The First for Glass Industries Co.;Transformation, trempe et feuillete double;;;+962 795 059 500;Adresse e-mail masquee par l'annuaire. Direction Ragheb Kalboneh.;A APPELER
Jordanie;JO;Amman (Bayader Wadi Al Seer);Aalam Albehar;Importation et negoce de verre depuis 1998;aalamalbehar.com;info@aalamalbehar.com;+962 798 888 421;IMPORTATEUR-NEGOCIANT : port, dedouanement, stock et revente deja maitrises. Envoi 07/10 : angle seconde origine et non substitution, float plus miroir plus trempe plus Low-E, port Aqaba.;ENVOYE 2026-10-07
Jordanie;JO;Amman (Mecca St. 245);Mansour Glass;Faconnage verrier en source unique pour la region depuis 1944;mansourglass.jo;info@mansourglass.jo;+962 6 5823 788;QUATRE-VINGTS ANS DE METIER : faconneur en source unique, donc engagement de volume et stock sur plusieurs references. La Jordanie n a pas de ligne float. Envoi 07/10 : float plus trempe plus Low-E plus miroir sans cuivre, port Aqaba, porte de sortie proposee.;ENVOYE 2026-10-07
Jordanie;JO;Amman;Lana International Est.;Matériaux de construction depuis 1990, sert Jordanie, Palestine, Syrie, Irak, Liban, EAU, Arabie, Qatar, Bahreïn, Koweït, Égypte, Algérie;lanaest.com;info@lanaest.com;+962 6 5810 487;NÉGOCIANT RÉGIONAL sur 12 pays : un seul contact, douze marchés. REPARATION DU 08/10 : cette ligne portait 11 champs au lieu de 10, a cause d un point-virgule place dans un champ entre guillemets, ce que le paragraphe 12 interdit explicitement. Le mandat declarait pourtant ces trois lignes legitimes : c etait faux, elles etaient cassees et leur statut reel etait invisible a toute requete par statut. Champs recomposes, point-virgule remplace par une virgule. RELANCE 08/10, rendue possible uniquement par la reparation de la ligne : son statut ENVOYE 2026-09-22 se trouvait dans le champ 11 et etait donc invisible, ce qui explique que le balayage des relances de septembre l ait manquee. ANGLE : negociant regional sur douze marches depuis un seul bureau, Jordanie Palestine Syrie Irak Liban Emirats Arabie Qatar Bahrein Koweit Egypte et Algerie. Une maison de cette portee achete par conteneur et redistribue, ce qui est exactement notre mode de vente. Question posee : lequel des douze marches prend le plus gros volume et par quel port il arrive.;RELANCE 2026-10-08
Jordanie;JO;Mafraq (KADDB Industrial Park);Elite Glass;Transformation du verre;eliteglass-ind.com;info@eliteglass-ind.com;;Zone industrielle KADDB, port d'Aqaba. Relance courte le 06/10, lot 5.;RELANCE 2026-10-06
Jordanie;JO;Sahab (King Abdallah II Industrial City);Aldar Glass Industries;Transformation complete : trempe, feuillete;aldarglass.com;info@aldarglass.com;;Cite industrielle royale : outil serieux. Relance courte le 06/10, lot 5.;RELANCE 2026-10-06
Kazakhstan;KZ;Almaty;StekloTsentr (steklo.kz);Façonnage et vente de verre;steklo.kz;info@steklo.kz;;Pays enclave : mer via Aktau ou conteneur ferroviaire. Envoi en russe. Relance courte le 06/10, lot 5.;RELANCE 2026-10-06
Kazakhstan;KZ;Almaty;TOO KAZSTEKLO;Fabrication de produits verriers et miroirs, 14 agences;kazsteklo.kz;info@kazsteklo.kz;+7 701 324 8431;Baytursinova 19. RESEAU DE 14 AGENCES dans le pays. Pays enclave : mer via Aktau ou conteneur ferroviaire. Envoi en russe. Relance courte le 06/10, lot 5.;RELANCE 2026-10-06
Kazakhstan;KZ;Almaty;— marché prospecté sans résultat;Recherche d importateurs et distributeurs de verre plat;;;;RECHERCHE DU 07/10 SANS RESULTAT EXPLOITABLE : une douzaine de societes verrieres sont bien enregistrees a Almaty mais ne sont listees que par des courtiers de donnees interdits. Element defavorable releve au passage : China Glass a pris le controle d une usine float kazakhe, donc production locale et argument d import affaibli. Piste a ne reprendre que si Aaron debloque l acces aux annuaires.;ECARTE — HORS MARCHE
Kazakhstan;KZ;Pavlodar et Almaty;TOO StekloMir;Vente de verre en feuilles, vitrages isolants, façonnage;steklomir.kz;info@steklomir.kz;+7 718 260 9092;UNE DES PLUS GROSSES SOCIETES DU KAZAKHSTAN sur le verre en feuilles, site a Almaty (Iliyskiy trakt 9). Pays enclave : mer via Aktau ou conteneur ferroviaire. Envoi en russe. Relance courte le 06/10, lot 1.;RELANCE 2026-10-06
Kenya;KE;Nairobi (Athi River);Titan Glass Ltd;Double vitrage, trempé, feuilleté pour l'Afrique de l'Est;titanglass.co.ke;info@titanglass.co.ke;+254 700 178 144;Transformateur régional. Adresse retrouvee le 06/10. Kenya impose un certificat PVoC a l'import : ne pas aborder le sujet avant validation d'Aaron. Quota Gmail epuise de nouveau le 07/10 apres dix envois : message pret, non parti. Envoye le 07/10 depuis aaron.harfi@noxem-group.com. Angle processeur IGU-trempe-feuillete, float clair et extra-clair plus Low-E plus miroir sans cuivre, port Mombasa. Certificat PVoC non evoque. ZONE EST-AFRICAINE DECLASSEE LE 08/10, SUR UN FAIT VERIFIE. Sapphire Float Glass, a Mkuranga en Tanzanie, capital chinois, est EN PRODUCTION : capacite 700 tonnes par jour soit 189 000 tonnes par an, production effective de 450 tonnes par jour en mai 2024 selon la ministre tanzanienne Ashatu Kijaji citee par Xinhua. Et elle EXPORTE DEJA vers Madagascar, le Burundi, la Zambie, le Rwanda, la RDC et l Afrique du Sud, avec une part export donnee entre 60 et 80 pour cent selon les sources. Une seconde ligne de 500 t/jour etait annoncee, etat non confirme. Confirmation indirecte et forte : PFG a obtenu en janvier 2026 des droits antidumping provisoires sud-africains contre le float tanzanien — on ne se defend pas contre un concurrent negligeable. CONSEQUENCE : l argument de l absence de production locale est FAUX dans toute cette zone, et il avait deja ete rattrape pour le Kenya le matin meme. La campagne y a investi 39 fiches pour zero commande, et je l attribuais au ciblage ou au message : c est au moins en partie le marche. CONDUITE : ne plus ouvrir de fiches dans la zone, ne pas y investir d effort de relance, et ne garder que ce que Sapphire ne fait pas — low-E, miroir sans cuivre ni plomb, vitrage technique, grands formats. Si une relance part malgre tout, elle porte sur ces references et sur rien d autre.;ENVOYE 2026-10-07
Kenya;KE;Nairobi (Industrial Area);Empire Glass Industries Ltd;Transformation de float, créée en 2015;empireglass.biz;info@empireglass.biz;+254 20 651 0000;Jeune et en croissance : bon moment pour entrer. Relance courte le 06/10, lot 5. ZONE EST-AFRICAINE DECLASSEE LE 08/10, SUR UN FAIT VERIFIE. Sapphire Float Glass, a Mkuranga en Tanzanie, capital chinois, est EN PRODUCTION : capacite 700 tonnes par jour soit 189 000 tonnes par an, production effective de 450 tonnes par jour en mai 2024 selon la ministre tanzanienne Ashatu Kijaji citee par Xinhua. Et elle EXPORTE DEJA vers Madagascar, le Burundi, la Zambie, le Rwanda, la RDC et l Afrique du Sud, avec une part export donnee entre 60 et 80 pour cent selon les sources. Une seconde ligne de 500 t/jour etait annoncee, etat non confirme. Confirmation indirecte et forte : PFG a obtenu en janvier 2026 des droits antidumping provisoires sud-africains contre le float tanzanien — on ne se defend pas contre un concurrent negligeable. CONSEQUENCE : l argument de l absence de production locale est FAUX dans toute cette zone, et il avait deja ete rattrape pour le Kenya le matin meme. La campagne y a investi 39 fiches pour zero commande, et je l attribuais au ciblage ou au message : c est au moins en partie le marche. CONDUITE : ne plus ouvrir de fiches dans la zone, ne pas y investir d effort de relance, et ne garder que ce que Sapphire ne fait pas — low-E, miroir sans cuivre ni plomb, vitrage technique, grands formats. Si une relance part malgre tout, elle porte sur ces references et sur rien d autre.;RELANCE 2026-10-06
Kenya;KE;Nairobi (Langata);Smart Glass Industries Ltd;Feuillete, anti-effraction, pare-balles, verre d'art, sable;smartglassltd.com;mustafa@smartglassltd.com;+254 722 524 170;Specialiste securite : viser le feuillete PVB et SGP. Port Mombasa. Relance courte le 06/10, lot 6. ZONE EST-AFRICAINE DECLASSEE LE 08/10, SUR UN FAIT VERIFIE. Sapphire Float Glass, a Mkuranga en Tanzanie, capital chinois, est EN PRODUCTION : capacite 700 tonnes par jour soit 189 000 tonnes par an, production effective de 450 tonnes par jour en mai 2024 selon la ministre tanzanienne Ashatu Kijaji citee par Xinhua. Et elle EXPORTE DEJA vers Madagascar, le Burundi, la Zambie, le Rwanda, la RDC et l Afrique du Sud, avec une part export donnee entre 60 et 80 pour cent selon les sources. Une seconde ligne de 500 t/jour etait annoncee, etat non confirme. Confirmation indirecte et forte : PFG a obtenu en janvier 2026 des droits antidumping provisoires sud-africains contre le float tanzanien — on ne se defend pas contre un concurrent negligeable. CONSEQUENCE : l argument de l absence de production locale est FAUX dans toute cette zone, et il avait deja ete rattrape pour le Kenya le matin meme. La campagne y a investi 39 fiches pour zero commande, et je l attribuais au ciblage ou au message : c est au moins en partie le marche. CONDUITE : ne plus ouvrir de fiches dans la zone, ne pas y investir d effort de relance, et ne garder que ce que Sapphire ne fait pas — low-E, miroir sans cuivre ni plomb, vitrage technique, grands formats. Si une relance part malgre tout, elle porte sur ces references et sur rien d autre.;RELANCE 2026-10-06
Kenya;KE;Nairobi, zone industrielle;Impala Glass Industries Ltd;Transformation et distribution de verre architectural;impalaglass.com;communications@impala.co.ke;+254 780 727269;Divisions transformation architecturale et négoce, trempé, feuilleté et vitrage isolant. Port Mombasa, envoi en anglais. Relance courte le 06/10, lots 7 et 8. ZONE EST-AFRICAINE DECLASSEE LE 08/10, SUR UN FAIT VERIFIE. Sapphire Float Glass, a Mkuranga en Tanzanie, capital chinois, est EN PRODUCTION : capacite 700 tonnes par jour soit 189 000 tonnes par an, production effective de 450 tonnes par jour en mai 2024 selon la ministre tanzanienne Ashatu Kijaji citee par Xinhua. Et elle EXPORTE DEJA vers Madagascar, le Burundi, la Zambie, le Rwanda, la RDC et l Afrique du Sud, avec une part export donnee entre 60 et 80 pour cent selon les sources. Une seconde ligne de 500 t/jour etait annoncee, etat non confirme. Confirmation indirecte et forte : PFG a obtenu en janvier 2026 des droits antidumping provisoires sud-africains contre le float tanzanien — on ne se defend pas contre un concurrent negligeable. CONSEQUENCE : l argument de l absence de production locale est FAUX dans toute cette zone, et il avait deja ete rattrape pour le Kenya le matin meme. La campagne y a investi 39 fiches pour zero commande, et je l attribuais au ciblage ou au message : c est au moins en partie le marche. CONDUITE : ne plus ouvrir de fiches dans la zone, ne pas y investir d effort de relance, et ne garder que ce que Sapphire ne fait pas — low-E, miroir sans cuivre ni plomb, vitrage technique, grands formats. Si une relance part malgre tout, elle porte sur ces references et sur rien d autre.;RELANCE 2026-10-06
Kenya;KE;Nairobi;Aluglass Africa Ltd;Verre et menuiserie aluminium;aluglass-africa.com;info@aluglass-africa.com;;Afrique de l'Est sans usine float. Conteneur mixte propose. Port Mombasa. CORRECTION FACTUELLE DU 08/10 : cette fiche affirmait que l Afrique de l Est est sans usine float. C est FAUX. Le paragraphe 6 nomme Sapphire a Mkuranga en Tanzanie comme producteur float, a portee de Mombasa, et trois autres fiches le mentionnent correctement. L argument a donc ete refait dans la relance : reconnaissance explicite de la production float regionale, renoncement au float clair, et ciblage du Low-E du feuillete du miroir sans cuivre et des grands formats. Un acheteur kenyan aurait releve l erreur immediatement et la credibilite etait perdue. ZONE EST-AFRICAINE DECLASSEE LE 08/10, SUR UN FAIT VERIFIE. Sapphire Float Glass, a Mkuranga en Tanzanie, capital chinois, est EN PRODUCTION : capacite 700 tonnes par jour soit 189 000 tonnes par an, production effective de 450 tonnes par jour en mai 2024 selon la ministre tanzanienne Ashatu Kijaji citee par Xinhua. Et elle EXPORTE DEJA vers Madagascar, le Burundi, la Zambie, le Rwanda, la RDC et l Afrique du Sud, avec une part export donnee entre 60 et 80 pour cent selon les sources. Une seconde ligne de 500 t/jour etait annoncee, etat non confirme. Confirmation indirecte et forte : PFG a obtenu en janvier 2026 des droits antidumping provisoires sud-africains contre le float tanzanien — on ne se defend pas contre un concurrent negligeable. CONSEQUENCE : l argument de l absence de production locale est FAUX dans toute cette zone, et il avait deja ete rattrape pour le Kenya le matin meme. La campagne y a investi 39 fiches pour zero commande, et je l attribuais au ciblage ou au message : c est au moins en partie le marche. CONDUITE : ne plus ouvrir de fiches dans la zone, ne pas y investir d effort de relance, et ne garder que ce que Sapphire ne fait pas — low-E, miroir sans cuivre ni plomb, vitrage technique, grands formats. Si une relance part malgre tout, elle porte sur ces references et sur rien d autre.;RELANCE 2026-10-08
Kenya;KE;Nairobi;Essajee Amijee & Sons Ltd;Fabricant et distributeur, 80+ références bâtiment;essajee.co.ke;sales@essajee.co.ke;+254 733 604 401;Distributeur : cible conteneur complet. Relance courte le 06/10, lot 1. ZONE EST-AFRICAINE DECLASSEE LE 08/10, SUR UN FAIT VERIFIE. Sapphire Float Glass, a Mkuranga en Tanzanie, capital chinois, est EN PRODUCTION : capacite 700 tonnes par jour soit 189 000 tonnes par an, production effective de 450 tonnes par jour en mai 2024 selon la ministre tanzanienne Ashatu Kijaji citee par Xinhua. Et elle EXPORTE DEJA vers Madagascar, le Burundi, la Zambie, le Rwanda, la RDC et l Afrique du Sud, avec une part export donnee entre 60 et 80 pour cent selon les sources. Une seconde ligne de 500 t/jour etait annoncee, etat non confirme. Confirmation indirecte et forte : PFG a obtenu en janvier 2026 des droits antidumping provisoires sud-africains contre le float tanzanien — on ne se defend pas contre un concurrent negligeable. CONSEQUENCE : l argument de l absence de production locale est FAUX dans toute cette zone, et il avait deja ete rattrape pour le Kenya le matin meme. La campagne y a investi 39 fiches pour zero commande, et je l attribuais au ciblage ou au message : c est au moins en partie le marche. CONDUITE : ne plus ouvrir de fiches dans la zone, ne pas y investir d effort de relance, et ne garder que ce que Sapphire ne fait pas — low-E, miroir sans cuivre ni plomb, vitrage technique, grands formats. Si une relance part malgre tout, elle porte sur ces references et sur rien d autre.;RELANCE 2026-10-06
Kenya;KE;Nairobi;Hebatullah Bros Ltd;Transformation verre, uPVC et aluminium, depuis 1930;hebatullah.com;info@hebatullah.com;+254 722 786 606;Maison ancienne, gamme large. sales@ rebondi (groupe inexistant), renvoye sur info@. Relance courte le 06/10, lot 6. ZONE EST-AFRICAINE DECLASSEE LE 08/10, SUR UN FAIT VERIFIE. Sapphire Float Glass, a Mkuranga en Tanzanie, capital chinois, est EN PRODUCTION : capacite 700 tonnes par jour soit 189 000 tonnes par an, production effective de 450 tonnes par jour en mai 2024 selon la ministre tanzanienne Ashatu Kijaji citee par Xinhua. Et elle EXPORTE DEJA vers Madagascar, le Burundi, la Zambie, le Rwanda, la RDC et l Afrique du Sud, avec une part export donnee entre 60 et 80 pour cent selon les sources. Une seconde ligne de 500 t/jour etait annoncee, etat non confirme. Confirmation indirecte et forte : PFG a obtenu en janvier 2026 des droits antidumping provisoires sud-africains contre le float tanzanien — on ne se defend pas contre un concurrent negligeable. CONSEQUENCE : l argument de l absence de production locale est FAUX dans toute cette zone, et il avait deja ete rattrape pour le Kenya le matin meme. La campagne y a investi 39 fiches pour zero commande, et je l attribuais au ciblage ou au message : c est au moins en partie le marche. CONDUITE : ne plus ouvrir de fiches dans la zone, ne pas y investir d effort de relance, et ne garder que ce que Sapphire ne fait pas — low-E, miroir sans cuivre ni plomb, vitrage technique, grands formats. Si une relance part malgre tout, elle porte sur ces references et sur rien d autre.;RELANCE 2026-10-06
Kenya;KE;Nairobi;Mufaddal Glass Distributors Ltd;Distributeur, four de trempe jusqu'à 2440 × 3660 mm;mufaddalglass.com;sales@mufaddalglass.com;+254 20 553 999;Four au format 2440 × 3660 — exactement un de vos formats. Relance courte le 06/10, lot 1. ZONE EST-AFRICAINE DECLASSEE LE 08/10, SUR UN FAIT VERIFIE. Sapphire Float Glass, a Mkuranga en Tanzanie, capital chinois, est EN PRODUCTION : capacite 700 tonnes par jour soit 189 000 tonnes par an, production effective de 450 tonnes par jour en mai 2024 selon la ministre tanzanienne Ashatu Kijaji citee par Xinhua. Et elle EXPORTE DEJA vers Madagascar, le Burundi, la Zambie, le Rwanda, la RDC et l Afrique du Sud, avec une part export donnee entre 60 et 80 pour cent selon les sources. Une seconde ligne de 500 t/jour etait annoncee, etat non confirme. Confirmation indirecte et forte : PFG a obtenu en janvier 2026 des droits antidumping provisoires sud-africains contre le float tanzanien — on ne se defend pas contre un concurrent negligeable. CONSEQUENCE : l argument de l absence de production locale est FAUX dans toute cette zone, et il avait deja ete rattrape pour le Kenya le matin meme. La campagne y a investi 39 fiches pour zero commande, et je l attribuais au ciblage ou au message : c est au moins en partie le marche. CONDUITE : ne plus ouvrir de fiches dans la zone, ne pas y investir d effort de relance, et ne garder que ce que Sapphire ne fait pas — low-E, miroir sans cuivre ni plomb, vitrage technique, grands formats. Si une relance part malgre tout, elle porte sur ces references et sur rien d autre.;RELANCE 2026-10-06
Kenya;KE;Nairobi;Nairobi Glass and Motor House Ltd;Verre, acier et aluminium depuis 1983;nairobiglass.com;sales@nairobiglass.com;+254 700 193081;Acteur historique du marche kenyan depuis 1983. Port Mombasa, envoi en anglais. Relance courte le 06/10, lot 6. ZONE EST-AFRICAINE DECLASSEE LE 08/10, SUR UN FAIT VERIFIE. Sapphire Float Glass, a Mkuranga en Tanzanie, capital chinois, est EN PRODUCTION : capacite 700 tonnes par jour soit 189 000 tonnes par an, production effective de 450 tonnes par jour en mai 2024 selon la ministre tanzanienne Ashatu Kijaji citee par Xinhua. Et elle EXPORTE DEJA vers Madagascar, le Burundi, la Zambie, le Rwanda, la RDC et l Afrique du Sud, avec une part export donnee entre 60 et 80 pour cent selon les sources. Une seconde ligne de 500 t/jour etait annoncee, etat non confirme. Confirmation indirecte et forte : PFG a obtenu en janvier 2026 des droits antidumping provisoires sud-africains contre le float tanzanien — on ne se defend pas contre un concurrent negligeable. CONSEQUENCE : l argument de l absence de production locale est FAUX dans toute cette zone, et il avait deja ete rattrape pour le Kenya le matin meme. La campagne y a investi 39 fiches pour zero commande, et je l attribuais au ciblage ou au message : c est au moins en partie le marche. CONDUITE : ne plus ouvrir de fiches dans la zone, ne pas y investir d effort de relance, et ne garder que ce que Sapphire ne fait pas — low-E, miroir sans cuivre ni plomb, vitrage technique, grands formats. Si une relance part malgre tout, elle porte sur ces references et sur rien d autre.;RELANCE 2026-10-06
Kenya;KE;Nairobi;— serres kenyanes ecartees apres verification;Construction de serres;;;;MARCHE VERIFIE PUIS ECARTE le 08/10 : Grekkon, Illuminum, Aqua Hub, Hortitechno et Amiran construisent tous en polyethylene et filet d ombrage sur ossature acier, pas en verre. Le bassin de Naivasha est enorme mais ne consomme pas de verre plat. Ne pas y revenir sur cette campagne. ZONE EST-AFRICAINE DECLASSEE LE 08/10, SUR UN FAIT VERIFIE. Sapphire Float Glass, a Mkuranga en Tanzanie, capital chinois, est EN PRODUCTION : capacite 700 tonnes par jour soit 189 000 tonnes par an, production effective de 450 tonnes par jour en mai 2024 selon la ministre tanzanienne Ashatu Kijaji citee par Xinhua. Et elle EXPORTE DEJA vers Madagascar, le Burundi, la Zambie, le Rwanda, la RDC et l Afrique du Sud, avec une part export donnee entre 60 et 80 pour cent selon les sources. Une seconde ligne de 500 t/jour etait annoncee, etat non confirme. Confirmation indirecte et forte : PFG a obtenu en janvier 2026 des droits antidumping provisoires sud-africains contre le float tanzanien — on ne se defend pas contre un concurrent negligeable. CONSEQUENCE : l argument de l absence de production locale est FAUX dans toute cette zone, et il avait deja ete rattrape pour le Kenya le matin meme. La campagne y a investi 39 fiches pour zero commande, et je l attribuais au ciblage ou au message : c est au moins en partie le marche. CONDUITE : ne plus ouvrir de fiches dans la zone, ne pas y investir d effort de relance, et ne garder que ce que Sapphire ne fait pas — low-E, miroir sans cuivre ni plomb, vitrage technique, grands formats. Si une relance part malgre tout, elle porte sur ces references et sur rien d autre.;ECARTE — HORS GAMME
Koweït;KW;Al Rai;Rebla Glass;Verre trempe et miroiterie;reblaglass.com;info@reblaglass.com;+965 2241 0480;Premier e-mail en format texte simple. Relance 08/10, troisieme tranche. Format court a une seule question plus porte de sortie. Angle technique : ils trempent ET argentent, et l argenture rend tout defaut du substrat permanent en le doublant dans le reflet, donc exigence superieure a la vitrerie courante.;RELANCE 2026-10-08
Koweït;KW;Al-Rai, bloc 1 rue 40;Glass World;Transformation, cloisons et pose de verre;glassworld.co;info@glassworld.co;+965 6690 5269;Ne pas confondre avec Glass World Industries aux Emirats.;ENVOYE 2026-10-05
Koweït;KW;Amghara, zone industrielle;Kuwait German Glass Factory;Transformation de verre trempé et isolant;kg-glass.com;info@kg-glass.com;;Usine de 12000 m² avec four Glaston jusqu'à 6 metres et ligne IGU Bystronic. Port Shuwaikh, envoi en arabe. Relance courte le 06/10, lot 6.;RELANCE 2026-10-06
Koweït;KW;Koweït;United Glass Company;Double vitrage, trempé, miroir, verre sablé, façonnage;unitedglassco.com;ugc@kuwaitindustries.com;;Transformateur généraliste, un des leaders locaux. Relance courte le 06/10, lot 6.;RELANCE 2026-10-06
Koweït;KW;Sabhan (Mubarak Al-Kabeer);Al Alamiah for Manufacturing Tempered Glass Co. WLL;Fabrication de verre trempe;;;;Aucune adresse publiee. HOMONYME SIGNALE LE 08/10 : une societe au nom tres proche existe a RIYAD, World Tempering Glass Manufacturing Co. dite Al-Alamiah Securit, desormais au registre comme fiche distincte. Ce sont DEUX SOCIETES DIFFERENTES dans deux pays. Ne pas fusionner et ne pas reporter sur l une ce qui concerne l autre.;A APPELER
Koweït;KW;Sabhan, bloc 2 rue 21;Al Naseem Glass (NSM Glass);Vitrage isolant, trempe et feuillete;nsmglass.com;info@nsmglass.com;+965 2471 8132;Aucune adresse publiee. Adresse retrouvee le 06/10.;ENVOYE 2026-10-06
Koweït;KW;Safat;Rifai Glass Company;Transformation de verre architectural et de sécurité;rifaiglass.com;info@rifaiglass.net;+965 2206 6622;Fournisseur de grands projets dont The Gate Mall, cibler contrôle solaire. Port Shuwaikh, envoi en arabe. Relance courte le 06/10, lot 6.;RELANCE 2026-10-06
Koweït;KW;Subhan (zone industrielle);G.M Al-Hadi Glass Industries;Transformation de verre, ligne de trempe Glaston;;;;Ne de l'aluminium en 1973. Aucune adresse publiee.;A APPELER
Koweït;KW;Subhan, bloc 11;Kuwait Glass Center Co.;Transformation et distribution de verre plat;kuwaitglass.com;info@kuwaitglass.com;+965 2473 1043;Usines à Subhan et Amghara et activité de gros à Al Rai, cibler float et miroir. Port Shuwaikh, envoi en arabe. Relance courte le 06/10 : une seule question posee (la reference et l'epaisseur la plus achetee) contre un prix ferme sous 48h, et sortie offerte en repondant non.;RELANCE 2026-10-06
La Réunion;RE;Saint-André (Chemin Pente Sassy);Miro Est;Vitrerie et miroiterie;vitrerie-miroest.fr;miro.est@orange.fr;+262 262 58 01 39;TERRITOIRE FRANCAIS. Groupage propose. Port-Reunion.;ENVOYE 2026-10-06
La Réunion;RE;Saint-Pierre (Chemin Badamier);Dijoux Vitrerie et Miroiterie;Vitrerie et miroiterie;dijouxvitrerie.com;contact@dijouxvitrerie.com;+262 262 26 68 40;TERRITOIRE FRANCAIS : meme langue, meme monnaie, aucune douane. Groupage propose si le conteneur est trop gros. Port-Reunion.;ENVOYE 2026-10-06
La Réunion;RE;Sainte-Suzanne et Saint-André;Réunivitre;Vitrerie et miroiterie;reunivitre-vitrerie-974.fr;contact@reunivitre.re;+262 693 47 00 58;Aucune adresse publiee. DEVERROUILLEE LE 08/10 AVEC DEUX RESERVES, ET ELLE PART EN DERNIER. EXCEPTION DU PARAGRAPHE 5 : le domaine de l adresse est reunivitre.RE alors que le site est en .FR. L envoi n est autorise que parce que la societe publie elle-meme cette adresse. SECONDE RESERVE : elle est publiee dans une annonce de RECRUTEMENT d agents commerciaux independants, pas sur une page de contact. La forme contact arobase laisse penser a une boite generale, mais ce n est pas certain. Telephone 06 93 47 00 58, annonce pour les devis et renseignements. DEUX ADRESSES : 8 rue Parmentier 97441 Sainte-Suzanne, que l annonce designe comme le siege, et 1370 chemin Patelin impasse Go 97440 Saint-Andre. COUVERTURE DE L ILE confirmee par leurs pages de secteur : Saint-Denis, Sainte-Suzanne, Saint-Andre, Le Port, Saint-Paul et Saint-Benoit. RESERVE DE FOND, la plus importante : leurs metiers sont la vitrerie, la miroiterie, la fabrication de vitres d insert sur mesure et le remplacement de vitrage de veranda. C est un vitrier-poseur, pas un importateur. La Reunion compte pres de 900 000 habitants et importe tout son verre, donc un vitrier couvrant l ile peut acheter en volume, mais rien ne le prouve. La question du message doit porter sur le volume annuel et sur qui importe aujourd hui. ENVOI programme apres le lot principal, en francais. Port de la Pointe des Galets. Prochaine action : envoyer apres le 10/10.;A ENVOYER 2026-10-13
La Réunion;RE;—;SOREMIR — Sté Réunionnaise de Miroiterie;Miroiterie;soremir.re;soremir@riouglass.re;+262 262 29 18 17;À qualifier. Relance courte le 06/10, lot 6.;RELANCE 2026-10-06
Lettonie;LV;Riga;SIA Stikla Serviss;Vente et façonnage de verre en feuilles depuis 1994;stikla-serviss.lv;info@stikla-serviss.lv;+371 67472933;PLUS GROSSE SOCIETE DE LETTONIE sur le verre en feuilles, exporte vers la Suede, la Finlande, la Norvege, l'Islande. Port Riga, envoi en anglais. Relance 07/10 sans signature, une seule question sur les plus gros volumes annuels, porte de sortie. Angle trente ans de metier, le message assume qu ils ne changeront pas sur un e-mail et demande seulement si une seconde origine vaut une conversation. Ports Riga ou Ventspils.;RELANCE 2026-10-07
Liban;LB;Beyrouth, Mekalles Jisr El Basha;Horizontal Tempering Glass;Transformation de verre trempé, feuilleté et isolant;htempglass.com;info@htempglass.com;+961 1 683 074;Vitrages de façade pour grands projets et présence commerciale au Nigéria. Port Beyrouth, envoi en arabe. Relance courte le 06/10, lot 6. ERREUR DE MA PART le 06/10 : deuxieme message envoye le meme jour alors que la relance etait deja partie. Ne pas recontacter avant reponse.;RELANCE 2026-10-06
Liban;LB;Beyrouth;EGC — Glass Contracting;Conception, fourniture et pose : trempe, bombe, feuillete;egclb.com;info@egclb.com;;Gamme complete, port de Beyrouth. Relance courte le 06/10, lot 6.;RELANCE 2026-10-06
Liban;LB;Beyrouth;Mirodec SARL;Verre decoratif et miroirs, leader regional depuis 1982;mirodec.com;mirodec@mirodec.com;+961 1 688 162;Aucune adresse publiee, appeler. DEVERROUILLEE LE 08/10, ET LE DOUTE SUR LE DOUBLON EST LEVE PAR LA MEME OCCASION. mirodec arobase mirodec.com est publiee sur leur page de contact pour Mirodec S.A.R.L, le bureau de Beyrouth, domaine identique a celui du site. Boite postale 90-1428, Dekawaneh, Beyrouth, telephone +961 1 688 162. LE SIGNALEMENT DE DOUBLON SUR mirodec.com N EN ETAIT PAS UN : les deux entites ont DEUX BOITES DISTINCTES, mirodec arobase mirodec.com pour le Liban et mirodec-gulf arobase mirodec.com pour Dubai, +971 4 8850202. Deux envois sont donc legitimes, un par entite, et la fiche Mirodec Gulf a deja ete relancee le 08/10 sur sa propre adresse. Maison familiale FONDEE EN 1982, installations et bureaux a Beyrouth et a Dubai. References relevees : VOX Cinemas et Specialized Rehabilitation Hospital aux Emirats, Dana of CCC, Planet Discovery Souk Beirut et l Issam Fares Institute de l AUB au Liban. ANGLE NATUREL ET IL EST DANS LEUR NOM : Mirodec est un miroitier, leur catalogue comprend du Miro sable. Le miroir sans cuivre ni plomb est la page a lier, et le Liban est un marche cotier donc humide. ENVOI programme le 09/10 en anglais ou en francais, le francais etant une langue professionnelle courante a Beyrouth. Port Beyrouth. Prochaine action : envoyer le 09/10.;A ENVOYER 2026-10-09
Liban;LB;Choueifat;Tempo Glass;Usine de transformation recente, verre trempe;tempoglass.com;;;Aucune adresse publiee. VERIFIE LE 08/10, RESULTAT NEGATIF : ni la recherche restreinte au domaine tempoglass.com ni la recherche large sur le nom avec le Liban ne rendent de resultat. Le domaine n est plus indexe. A REQUALIFIER. Prochaine action : requalifier ou declasser. TESTEE LE 08/10 PAR LA METHODE DU PARAGRAPHE 13, SANS RESULTAT : tempoglass.com ne remonte aucune page et le nom ne ressort pas en recherche large. Domaine non indexe. A requalifier. Note de contexte : au Liban le WhatsApp est souvent le seul canal qui fonctionne, donc chercher un mobile plutot qu une adresse si la fiche est reprise.;A QUALIFIER
Liban;LB;Dekwaneh, Mar Roukoz;Glass & Mirrors National Co.;Transformation de verre architectural et miroirs;gmnc-lb.com;info@gmnc-lb.com;+961 1 688100;Machines automatisées, gamme trempé, feuilleté et isolant, couverture nationale. Port Beyrouth, envoi en arabe. Relance courte le 06/10, lot 6.;RELANCE 2026-10-06
Liberia;LR;Monrovia (Sinkor);International Aluminum Factory (IAF);Fenetres, portes, couverture et murs rideaux aluminium et verre;;sales@iafliberia.com;+231 77 089 9990;Fabricant aluminium-verre de Monrovia depuis 1982, 5th Street Tubman Blvd. Aucune adresse email publiee : appeler. Port Monrovia. Adresse retrouvee. Usine depuis 1982, IAF Building 5th Street Sinkor Tubman Boulevard Monrovia. Angle retenu : ils savent ce que coute d'attendre du verre livre en petits lots par des tiers. Port Monrovia. Mini-mail sur mesure EN.;ENVOYE 2026-10-02
Libye;LY;Libye;Attina Glass;Verrerie;;;;Reperee le 08/10 dans un catalogue d exposants Libya Build, a cote d Azizia Glass. Aucune coordonnee et source ancienne. A qualifier.;A QUALIFIER
Libye;LY;Tripoli (Arada, Souk Al Joumaa);North Africa for Importing Glass;Import de verre float toutes categories;;;+218 91 209 1023;CIBLE PRIORITAIRE : importe deja du float de Chine, de Belgique ET DE FRANCE. Aucune adresse email publiee : appeler ou WhatsApp. Second numero +218 91 322 1953. Port Tripoli ou Misrata. DOUTE SERIEUX SUR L IDENTITE, releve le 08/10 — A VERIFIER AVANT D APPELER. Une recherche ciblee ne trouve aucune societe de ce nom a Tripoli. La seule homonyme est North Africa Company, northafrica-ly.com, Ring Road Street Tripoli, +218 21 4897920, qui se decrit comme importateur de MATERIEL PETROLIER et non de verre. Un ancien catalogue d exposants Libya Build 2009 mentionne une NORTH AFRICA CO. a cote de societes verrieres, mais il a dix-sept ans. Donc l affirmation de cette fiche selon laquelle ils importent du float de Chine de Belgique et de France n est pas confirmee par les sources accessibles aujourd hui. Cette fiche etait classee cible prioritaire : ne pas appeler en partant du principe qu ils importent du verre, commencer par etablir qui ils sont. Pistes verrieres libyennes reelles reperees au passage : Azizia Glass Manufacturing Company, usine de transformation, et Attina Glass.;A APPELER
Libye;LY;Tripoli (Sidi Al-Sayah);Desert Glass;Trempe, feuillete et verre architectural;desert-glass.ly;;;PREMIERE USINE DE VERRE DE LIBYE selon son site. Pas d'adresse publiee en recherche : a qualifier. Port Tripoli ou Misrata. ECARTEE LE 08/10 APRES LECTURE DE LEUR SITE, ET C EST LE MEME PIEGE QUE SEVAM AU MAROC. Leur page Get in Touch les decrit comme societe libyenne pionniere fabriquant des RECIPIENTS EN VERRE DE HAUTE QUALITE POUR LES INDUSTRIES DE LA BOISSON ET DE L ALIMENTAIRE. C est du verre CREUX, de la bouteille et du bocal, pas du verre plat de batiment. Le mot glass dans le nom ne dit pas le metier, exactement comme verrerie chez SEVAM. Deuxieme motif qui confirme : leur propre page dit l usine EN CONSTRUCTION a Sidi Al-Sayah, Tripoli, donc meme dans le creux elle n est pas en production. Aucune adresse publiee par ailleurs. Fiche fermee, et le temps qui aurait ete mis a chercher son adresse est economise. La Libye garde ses autres fiches, dont North Africa for Importing Glass qui est la mieux notee de la liste d appels.;ECARTE — HORS PERIMETRE
Libye;LY;Tripoli;Azizia Glass Manufacturing Company (AGMC);Usine de transformation du verre;;;;Reperee le 08/10 en verifiant North Africa for Importing Glass. Usine de transformation verriere libyenne, inauguree vers 2009, avec a l epoque un projet de production float annonce. A TRANCHER AVANT CONTACT : si elle produit du float c est un concurrent au sens du paragraphe 6, si elle ne fait que transformer c est un acheteur de substrat. Aucun contact dans les sources.;A QUALIFIER
Lituanie;LT;Kaunas;UAB Kauno Stiklas;Transformation de verre plat;kaunostiklas.lt;stiklas@kaunostiklas.lt;+370 37 395 022;Europos pr. 91. Port Klaipeda, envoi en anglais. Relance 07/10 sans signature, une seule question sur les plus gros volumes annuels, porte de sortie. Relance volontairement tres courte. Port Klaipeda.;RELANCE 2026-10-07
Lituanie;LT;Kaunas;UAB SKP stiklas;Fabrication de vitrage isolant;skpstiklas.lt;;+370 37 455 530;Un des plus gros fabricants de vitrage isolant des pays baltes. Aucune adresse email publiee : a rappeler. BALAYAGE DU 08/10 : FICHE NON TESTEE, ET C EST UN CHOIX. La methode de deverrouillage a ete appliquee a l ensemble des fiches verrouillees de la journee, sauf celles-ci, pour une raison de priorite et non d oubli. La carte des marches etablie le 08/10 a 14h35 declasse ce marche : soit il produit son propre float a bas cout, soit il releve de l Europe ou le paragraphe 6 interdit la nouvelle prospection et ou le conteneur n est de toute facon pas le bon mode de livraison. La fiche reste donc verrouillee volontairement. A reprendre si le marche remonte dans les priorites, et la methode est ecrite au paragraphe 13 : recherche large sur le nom avec annuaires et courtiers bloques pour trouver le domaine propre, puis recherche restreinte a ce domaine.;A APPELER
Lituanie;LT;Panevėžys;AB Panevėžio stiklas;Transformation de verre plat, export vers 12 pays;paneveziostiklas.lt;info@paneveziostiklas.lt;+370 45 507 960;75 % de la production exportee (Pays-Bas, Belgique, Allemagne, Scandinavie) : gros consommateur de float. Port Klaipeda, envoi en anglais. Relance 07/10 sans signature, une seule question sur les plus gros volumes annuels, porte de sortie. Angle exportateur vers douze pays : volume non plafonne par un seul marche national donc besoin en feuille brute plus gros et plus continu, et ils savent deja ce que coute un transport de verre sans casse. Port Klaipeda.;RELANCE 2026-10-07
Madagascar;MG;Antananarivo (Zone Forello Tanjombato);Royal Glass Madagascar (RGM);Transformation de verre, toutes techniques de faconnage;;commercial@rgm-ilemaurice.com;;Premiere miroiterie du pays a maitriser toute la transformation du verre. Aucune adresse email publiee : a rappeler. Port Toamasina. Adresse retrouvee le 07/10. Presents a Madagascar ET a Maurice, deux iles sans float. ZONE EST-AFRICAINE DECLASSEE LE 08/10, SUR UN FAIT VERIFIE. Sapphire Float Glass, a Mkuranga en Tanzanie, capital chinois, est EN PRODUCTION : capacite 700 tonnes par jour soit 189 000 tonnes par an, production effective de 450 tonnes par jour en mai 2024 selon la ministre tanzanienne Ashatu Kijaji citee par Xinhua. Et elle EXPORTE DEJA vers Madagascar, le Burundi, la Zambie, le Rwanda, la RDC et l Afrique du Sud, avec une part export donnee entre 60 et 80 pour cent selon les sources. Une seconde ligne de 500 t/jour etait annoncee, etat non confirme. Confirmation indirecte et forte : PFG a obtenu en janvier 2026 des droits antidumping provisoires sud-africains contre le float tanzanien — on ne se defend pas contre un concurrent negligeable. CONSEQUENCE : l argument de l absence de production locale est FAUX dans toute cette zone, et il avait deja ete rattrape pour le Kenya le matin meme. La campagne y a investi 39 fiches pour zero commande, et je l attribuais au ciblage ou au message : c est au moins en partie le marche. CONDUITE : ne plus ouvrir de fiches dans la zone, ne pas y investir d effort de relance, et ne garder que ce que Sapphire ne fait pas — low-E, miroir sans cuivre ni plomb, vitrage technique, grands formats. Si une relance part malgre tout, elle porte sur ces references et sur rien d autre.;ENVOYE 2026-10-07
Madagascar;MG;Antananarivo et Majunga;ALU Madagascar;Distribution de menuiserie aluminium;alu.mg;alu@alu.mg;+261 20 23 618 70;Distributeur national menuiserie aluminium, deux agences Tana et Majunga. Port Toamasina, envoi en francais. Relance courte le 06/10, lot 1. ZONE EST-AFRICAINE DECLASSEE LE 08/10, SUR UN FAIT VERIFIE. Sapphire Float Glass, a Mkuranga en Tanzanie, capital chinois, est EN PRODUCTION : capacite 700 tonnes par jour soit 189 000 tonnes par an, production effective de 450 tonnes par jour en mai 2024 selon la ministre tanzanienne Ashatu Kijaji citee par Xinhua. Et elle EXPORTE DEJA vers Madagascar, le Burundi, la Zambie, le Rwanda, la RDC et l Afrique du Sud, avec une part export donnee entre 60 et 80 pour cent selon les sources. Une seconde ligne de 500 t/jour etait annoncee, etat non confirme. Confirmation indirecte et forte : PFG a obtenu en janvier 2026 des droits antidumping provisoires sud-africains contre le float tanzanien — on ne se defend pas contre un concurrent negligeable. CONSEQUENCE : l argument de l absence de production locale est FAUX dans toute cette zone, et il avait deja ete rattrape pour le Kenya le matin meme. La campagne y a investi 39 fiches pour zero commande, et je l attribuais au ciblage ou au message : c est au moins en partie le marche. CONDUITE : ne plus ouvrir de fiches dans la zone, ne pas y investir d effort de relance, et ne garder que ce que Sapphire ne fait pas — low-E, miroir sans cuivre ni plomb, vitrage technique, grands formats. Si une relance part malgre tout, elle porte sur ces references et sur rien d autre.;RELANCE 2026-10-06
Madagascar;MG;Antananarivo;ALU DESSIN LTD;Aluminium materiaux quincaillerie miroiterie et import;;;+261 20 22 681 21;Immeuble EDBM Avenue Gal Gabriel Antaninarenina. Se declare importateur. Aucune adresse email propre publiee : a appeler. ZONE EST-AFRICAINE DECLASSEE LE 08/10, SUR UN FAIT VERIFIE. Sapphire Float Glass, a Mkuranga en Tanzanie, capital chinois, est EN PRODUCTION : capacite 700 tonnes par jour soit 189 000 tonnes par an, production effective de 450 tonnes par jour en mai 2024 selon la ministre tanzanienne Ashatu Kijaji citee par Xinhua. Et elle EXPORTE DEJA vers Madagascar, le Burundi, la Zambie, le Rwanda, la RDC et l Afrique du Sud, avec une part export donnee entre 60 et 80 pour cent selon les sources. Une seconde ligne de 500 t/jour etait annoncee, etat non confirme. Confirmation indirecte et forte : PFG a obtenu en janvier 2026 des droits antidumping provisoires sud-africains contre le float tanzanien — on ne se defend pas contre un concurrent negligeable. CONSEQUENCE : l argument de l absence de production locale est FAUX dans toute cette zone, et il avait deja ete rattrape pour le Kenya le matin meme. La campagne y a investi 39 fiches pour zero commande, et je l attribuais au ciblage ou au message : c est au moins en partie le marche. CONDUITE : ne plus ouvrir de fiches dans la zone, ne pas y investir d effort de relance, et ne garder que ce que Sapphire ne fait pas — low-E, miroir sans cuivre ni plomb, vitrage technique, grands formats. Si une relance part malgre tout, elle porte sur ces references et sur rien d autre.;A APPELER
Madagascar;MG;Antananarivo;C.I.C — Comptoir de l'Industrie et du Commerce;Vitrerie, miroiterie, materiaux;;cic.tana@moov.mg;+261 20 22 208 58;Negociant historique de la place, port de Toamasina. Relance courte le 06/10, lot 1. ZONE EST-AFRICAINE DECLASSEE LE 08/10, SUR UN FAIT VERIFIE. Sapphire Float Glass, a Mkuranga en Tanzanie, capital chinois, est EN PRODUCTION : capacite 700 tonnes par jour soit 189 000 tonnes par an, production effective de 450 tonnes par jour en mai 2024 selon la ministre tanzanienne Ashatu Kijaji citee par Xinhua. Et elle EXPORTE DEJA vers Madagascar, le Burundi, la Zambie, le Rwanda, la RDC et l Afrique du Sud, avec une part export donnee entre 60 et 80 pour cent selon les sources. Une seconde ligne de 500 t/jour etait annoncee, etat non confirme. Confirmation indirecte et forte : PFG a obtenu en janvier 2026 des droits antidumping provisoires sud-africains contre le float tanzanien — on ne se defend pas contre un concurrent negligeable. CONSEQUENCE : l argument de l absence de production locale est FAUX dans toute cette zone, et il avait deja ete rattrape pour le Kenya le matin meme. La campagne y a investi 39 fiches pour zero commande, et je l attribuais au ciblage ou au message : c est au moins en partie le marche. CONDUITE : ne plus ouvrir de fiches dans la zone, ne pas y investir d effort de relance, et ne garder que ce que Sapphire ne fait pas — low-E, miroir sans cuivre ni plomb, vitrage technique, grands formats. Si une relance part malgre tout, elle porte sur ces references et sur rien d autre.;RELANCE 2026-10-06
Madagascar;MG;Antananarivo;FDC Madagascar — Future Development Corporation Ltd;Menuiserie aluminium miroiterie et vitrerie;;;+261 20 22 265 20;Lot I V M 38 Andohatapenaka. Meme enseigne que FDC Mozambique deja contacte le 25/09 : verifier s'il s'agit du meme groupe et le cas echeant passer par le contact mozambicain. Aucune adresse email publiee : a appeler. ZONE EST-AFRICAINE DECLASSEE LE 08/10, SUR UN FAIT VERIFIE. Sapphire Float Glass, a Mkuranga en Tanzanie, capital chinois, est EN PRODUCTION : capacite 700 tonnes par jour soit 189 000 tonnes par an, production effective de 450 tonnes par jour en mai 2024 selon la ministre tanzanienne Ashatu Kijaji citee par Xinhua. Et elle EXPORTE DEJA vers Madagascar, le Burundi, la Zambie, le Rwanda, la RDC et l Afrique du Sud, avec une part export donnee entre 60 et 80 pour cent selon les sources. Une seconde ligne de 500 t/jour etait annoncee, etat non confirme. Confirmation indirecte et forte : PFG a obtenu en janvier 2026 des droits antidumping provisoires sud-africains contre le float tanzanien — on ne se defend pas contre un concurrent negligeable. CONSEQUENCE : l argument de l absence de production locale est FAUX dans toute cette zone, et il avait deja ete rattrape pour le Kenya le matin meme. La campagne y a investi 39 fiches pour zero commande, et je l attribuais au ciblage ou au message : c est au moins en partie le marche. CONDUITE : ne plus ouvrir de fiches dans la zone, ne pas y investir d effort de relance, et ne garder que ce que Sapphire ne fait pas — low-E, miroir sans cuivre ni plomb, vitrage technique, grands formats. Si une relance part malgre tout, elle porte sur ces references et sur rien d autre.;A APPELER
Madagascar;MG;Antananarivo;Socavitre;Vitres et menuiserie aluminium;;socavitre@moov.mg;+261 20 22 682 28;Lot IVL 58 E Antananarivo 101. Port Toamasina. Sapphire Float Glass de Dar es Salaam livre deja la zone en float clair : argumenter Low-E feuillete miroir et grands formats. Mini-mail sur mesure FR Relance 08/10, deuxieme tranche, format court a une seule question plus porte de sortie. Delivrabilite deja prouvee par l envoi du debut octobre. Angle refait a partir du fait exact deja dans la fiche : une usine float de la region livre Madagascar en float clair. Renoncement explicite au float clair et ciblage Low-E feuillete miroir et grands formats. Envoi en francais. ZONE EST-AFRICAINE DECLASSEE LE 08/10, SUR UN FAIT VERIFIE. Sapphire Float Glass, a Mkuranga en Tanzanie, capital chinois, est EN PRODUCTION : capacite 700 tonnes par jour soit 189 000 tonnes par an, production effective de 450 tonnes par jour en mai 2024 selon la ministre tanzanienne Ashatu Kijaji citee par Xinhua. Et elle EXPORTE DEJA vers Madagascar, le Burundi, la Zambie, le Rwanda, la RDC et l Afrique du Sud, avec une part export donnee entre 60 et 80 pour cent selon les sources. Une seconde ligne de 500 t/jour etait annoncee, etat non confirme. Confirmation indirecte et forte : PFG a obtenu en janvier 2026 des droits antidumping provisoires sud-africains contre le float tanzanien — on ne se defend pas contre un concurrent negligeable. CONSEQUENCE : l argument de l absence de production locale est FAUX dans toute cette zone, et il avait deja ete rattrape pour le Kenya le matin meme. La campagne y a investi 39 fiches pour zero commande, et je l attribuais au ciblage ou au message : c est au moins en partie le marche. CONDUITE : ne plus ouvrir de fiches dans la zone, ne pas y investir d effort de relance, et ne garder que ce que Sapphire ne fait pas — low-E, miroir sans cuivre ni plomb, vitrage technique, grands formats. Si une relance part malgre tout, elle porte sur ces references et sur rien d autre.;RELANCE 2026-10-08
Madagascar;MG;Antananarivo;Tometal;Vitres et menuiserie aluminium;tometal.net;;+261 20 22 541 88;Pres III A 49 Antananarivo 101. Transit Toamasina puis route sur Tana. Angle retenu : 20 pieds pour demarrer et calage pense pour la route. Mini-mail sur mesure FR CONTROLE MX DU 07/10 : le domaine tometal.net ne resout pas (NXDOMAIN), l adresse tometal@tometal.net ne peut pas recevoir. Adresse retiree du registre. Passer par le telephone. VERIFIE LE 08/10, RESULTAT NEGATIF : ni la recherche restreinte au domaine tometal.net ni la recherche large sur le nom ne rendent le moindre resultat. Le domaine inscrit dans la fiche n est plus indexe. A REQUALIFIER avant tout effort, en cherchant sous une autre raison sociale ou via la chambre de commerce malgache. Prochaine action : requalifier ou declasser. ZONE EST-AFRICAINE DECLASSEE LE 08/10, SUR UN FAIT VERIFIE. Sapphire Float Glass, a Mkuranga en Tanzanie, capital chinois, est EN PRODUCTION : capacite 700 tonnes par jour soit 189 000 tonnes par an, production effective de 450 tonnes par jour en mai 2024 selon la ministre tanzanienne Ashatu Kijaji citee par Xinhua. Et elle EXPORTE DEJA vers Madagascar, le Burundi, la Zambie, le Rwanda, la RDC et l Afrique du Sud, avec une part export donnee entre 60 et 80 pour cent selon les sources. Une seconde ligne de 500 t/jour etait annoncee, etat non confirme. Confirmation indirecte et forte : PFG a obtenu en janvier 2026 des droits antidumping provisoires sud-africains contre le float tanzanien — on ne se defend pas contre un concurrent negligeable. CONSEQUENCE : l argument de l absence de production locale est FAUX dans toute cette zone, et il avait deja ete rattrape pour le Kenya le matin meme. La campagne y a investi 39 fiches pour zero commande, et je l attribuais au ciblage ou au message : c est au moins en partie le marche. CONDUITE : ne plus ouvrir de fiches dans la zone, ne pas y investir d effort de relance, et ne garder que ce que Sapphire ne fait pas — low-E, miroir sans cuivre ni plomb, vitrage technique, grands formats. Si une relance part malgre tout, elle porte sur ces references et sur rien d autre.;A QUALIFIER
Madagascar;MG;Antananarivo;VERTEC Madagascar;Verre a la demande, gamme large;vertec.mg;europ-alu@europ-alu.com;+261 34 02 117 86;Adresse publiee sur un domaine different du site : risque de rebond assume. Port Toamasina. ZONE EST-AFRICAINE DECLASSEE LE 08/10, SUR UN FAIT VERIFIE. Sapphire Float Glass, a Mkuranga en Tanzanie, capital chinois, est EN PRODUCTION : capacite 700 tonnes par jour soit 189 000 tonnes par an, production effective de 450 tonnes par jour en mai 2024 selon la ministre tanzanienne Ashatu Kijaji citee par Xinhua. Et elle EXPORTE DEJA vers Madagascar, le Burundi, la Zambie, le Rwanda, la RDC et l Afrique du Sud, avec une part export donnee entre 60 et 80 pour cent selon les sources. Une seconde ligne de 500 t/jour etait annoncee, etat non confirme. Confirmation indirecte et forte : PFG a obtenu en janvier 2026 des droits antidumping provisoires sud-africains contre le float tanzanien — on ne se defend pas contre un concurrent negligeable. CONSEQUENCE : l argument de l absence de production locale est FAUX dans toute cette zone, et il avait deja ete rattrape pour le Kenya le matin meme. La campagne y a investi 39 fiches pour zero commande, et je l attribuais au ciblage ou au message : c est au moins en partie le marche. CONDUITE : ne plus ouvrir de fiches dans la zone, ne pas y investir d effort de relance, et ne garder que ce que Sapphire ne fait pas — low-E, miroir sans cuivre ni plomb, vitrage technique, grands formats. Si une relance part malgre tout, elle porte sur ces references et sur rien d autre.;ENVOYE 2026-10-07
Malaisie;MY;Kepong (Kuala Lumpur);Glass Network (M) Sdn Bhd;Solutions verrieres architecturales et interieures;glassnetwork.com.my;;+60 3 6253 2939;Aucune adresse publiee. VERIFIE LE 08/10, AUCUNE ADRESSE PUBLIEE : une de leurs pages de services invite pourtant a ecrire a la societe sans donner l adresse, et la page de contact renvoie vers Facebook, Instagram et WhatsApp. Reste un dossier telephonique. Raison sociale exacte et numero d enregistrement releves, utiles pour lever toute ambiguite : GlassNetwork (M) Sdn. Bhd., 347772-K. Adresse 7 Jalan Metro Perdana Barat 9, Sri Edaran Light Industrial Park, 7th Mile, Jalan Kepong, 52100 Kuala Lumpur. Telephone +603 6253 2939, fax +603 6253 1215. Metiers annonces : fourniture de verre, verre commercial, verre decoratif, film pour vitrage, entretien et reparation. Prochaine action : appel.;A APPELER
Malaisie;MY;Kepong (Kuala Lumpur);Keng Ying Glass Sdn Bhd;Fabrication et negoce de verre;kengying.com.my;sales@kengying.com.my;+60 3 6276 0946;Revendeur de Malaysia Sheet Glass (groupe NSG-Pilkington) : profil negoce. Port Port Klang, envoi en anglais. Relance courte le 06/10, lot 1. FUSION DU 08/10, detectee par un balayage systematique du registre : 1 fiche(s) en double pour la meme societe (Keng Ying Glass Sdn Bhd) ont ete neutralisees. Recupere depuis la fiche neutralisee : telephone +60 3 6276 0946.;RELANCE 2026-10-06
Malaisie;MY;Kepong (Kuala Lumpur);Keng Ying Glass Sdn Bhd;Fourniture, negoce et transformation de verre;kengying.com.my;;;DOUBLON de la fiche Keng Ying Glass Sdn Bhd du meme pays, neutralisee le 08/10 lors du balayage systematique du registre. Ne pas demarcher depuis cette ligne.;NE PAS DEMARCHER
Malaisie;MY;Klang (Selangor);Kong Weng Glass Sdn Bhd;Fabrication de verre plat pour portes, mobilier et electromenager;kwglass.com.my;kongwengglass@gmail.com;+60 3 3392 7141;Trempe, biseaute, serigraphie. A 10 km de Port Klang. Envoi en anglais. Relance courte le 06/10, lot 6.;RELANCE 2026-10-06
Malaisie;MY;Kuala Lumpur (Bandar Sri Damansara);Trex Glass Renovation Sdn Bhd;Renovation et pose de verre;;trexglass88@gmail.com;;Profil poseur-renovateur plutot qu importateur conteneur : qualifier le volume avant envoi. Port Port Klang. ECARTE le 07/10 : profil poseur-renovateur, pas de capacite conteneur apparente.;ECARTE — PETITE STRUCTURE
Malaisie;MY;Sungai Buloh (Selangor);Kien Safety Glass Sdn Bhd;Trempe, feuillete, vitrage isolant depuis 2002;ksg.com.my;info@ksg.com.my;+603 6157 7425;Fabricant de reference du verre de securite en Malaisie. Envoi en malais, port Port Klang. Relance courte le 06/10, lot 6.;RELANCE 2026-10-06
Malawi;MW;Blantyre (Ginnery Corner);AGA — Affordable Glass & Aluminium;Fabrication verre et aluminium depuis 2002;;;+265 212 245 346;Fabricant verre-aluminium de Blantyre. Pays enclave : transit via Beira ou Nacala. Aucune adresse email publiee : a rappeler. ZONE EST-AFRICAINE DECLASSEE LE 08/10, SUR UN FAIT VERIFIE. Sapphire Float Glass, a Mkuranga en Tanzanie, capital chinois, est EN PRODUCTION : capacite 700 tonnes par jour soit 189 000 tonnes par an, production effective de 450 tonnes par jour en mai 2024 selon la ministre tanzanienne Ashatu Kijaji citee par Xinhua. Et elle EXPORTE DEJA vers Madagascar, le Burundi, la Zambie, le Rwanda, la RDC et l Afrique du Sud, avec une part export donnee entre 60 et 80 pour cent selon les sources. Une seconde ligne de 500 t/jour etait annoncee, etat non confirme. Confirmation indirecte et forte : PFG a obtenu en janvier 2026 des droits antidumping provisoires sud-africains contre le float tanzanien — on ne se defend pas contre un concurrent negligeable. CONSEQUENCE : l argument de l absence de production locale est FAUX dans toute cette zone, et il avait deja ete rattrape pour le Kenya le matin meme. La campagne y a investi 39 fiches pour zero commande, et je l attribuais au ciblage ou au message : c est au moins en partie le marche. CONDUITE : ne plus ouvrir de fiches dans la zone, ne pas y investir d effort de relance, et ne garder que ce que Sapphire ne fait pas — low-E, miroir sans cuivre ni plomb, vitrage technique, grands formats. Si une relance part malgre tout, elle porte sur ces references et sur rien d autre.;A APPELER
Malawi;MW;Blantyre et Lilongwe;PG Glass Malawi;Fourniture et pose de vitrage batiment, deux agences;pgglassafrica.com;raimundo@pgglassmw.com;;CONTACTS NOMINATIFS : Raimundo Geddes a Blantyre et Dida Bashir a Lilongwe (dida@pgglassmw.com), les deux touches. Pays enclave : port Beira ou Nacala. Envoi en anglais, message personnalise. RISQUE GRAVE NEUTRALISE LE 08/10. Cette fiche etait au statut ENVOYE, donc DANS LE POOL DES RELANCES, alors que le paragraphe 7 protege explicitement le groupe PG Glass sur cette campagne pour cause de negociation en cours avec Willem Heunis. Une relance automatique partant de ce pool aurait demarche une filiale du groupe avec lequel nous negocions quatre conteneurs sur Walvis Bay. Et le risque est plus grand qu il n y parait, parce que la structure du groupe a ete etablie le meme jour : PG Group POSSEDE PFG Building Glass, premier producteur float d Afrique australe, 260 000 t/an, que l ITAC qualifie de 100 pour cent de l industrie domestique de la SACU, et qui est le demandeur le plus actif de la region en antidumping. Demarcher une branche du groupe en lui proposant du float importe, pendant que sa maison mere nous demande un prix, serait au mieux maladroit. Statut passe en NE PAS DEMARCHER pour sortir la fiche de tous les pools. Le dossier reste vivant, mais il se traite UNIQUEMENT par le fil de Willem, et nulle part ailleurs. Prochaine action : aucune depuis cette fiche.;NE PAS DEMARCHER
Maldives;MV;Malé (Hulhumalé);Oak Development Pvt Ltd;Developpement et construction, acheteur de verre trempe;;;;Acheteur declare de verre trempe sur les annuaires d import. Aucune adresse publiee : a appeler. Port Malé.;A APPELER
Maldives;MV;Malé;M-Glass & Aluminium Pvt Ltd;Decoupe et faconnage de verre, menuiserie aluminium, portes en trempe sans cadre;;;;IMPORTATEUR DECLARE DE FLOAT CLAIR selon les annuaires d import. Contact cite Mahid, fonction non verifiee. Aucune adresse publiee hors reseaux sociaux : a appeler. Port Malé, tout le verre de l archipel arrive en conteneur.;A APPELER
Maldives;MV;Malé;Nalahiya Trading Pvt Ltd;Fourniture de materiaux de construction, aluminium et verre depuis 1985;;;;Un des premiers fournisseurs de materiaux des Maldives. Aucune adresse email publiee : a rappeler. Port Male.;A APPELER
Maldives;MV;Malé;Yes Maldives Pvt Ltd (Yankee Aluminium & Glass);Fabrication de menuiserie aluminium, murs rideaux, bardage et vitrage;yesmaldives.com.mv;info@yesmaldives.com.mv;+960 300 5777;Facadier-menuisier de Male, second contact yankee@yesmaldives.com.mv. Marche hotelier tres consommateur de verre. Port Male, envoi en anglais. Relance courte le 06/10, lot 6.;RELANCE 2026-10-06
Mali;ML;Bamako (Quartier du Fleuve);METALSOUDAN;Menuiserie metallique et aluminium, couverture, vitrerie et materiaux;metalsoudan.com;metalsoudan@metalsoudan.com;+223 20 22 53 72;Negociant multi-materiaux avec activite vitrerie, Avenue de l Yser. Pays enclave, transit via Dakar ou Abidjan. Quartier du Fleuve, Avenue de l Yser, Bamako. Pays enclave : transit par Dakar ou Abidjan. Envoi en francais. Relance courte le 06/10, lot 2.;RELANCE 2026-10-06
Malte;MT;Birkirkara (Mriehel);Bason Aluminium;Menuiserie aluminium et vitrage;basonaluminium.com;info@basonaluminium.com;;Menuisier aluminium de Birkirkara. Port Malta Freeport, envoi en anglais. Relance 07/10 sans signature, une seule question sur les plus gros volumes annuels, porte de sortie. Angle insulaire : Malte n a pas de ligne float, chaque feuille posee a traverse la mer. Chargements mixtes, une caisse au lieu de trois expeditions. Ports Marsaxlokk ou La Valette.;RELANCE 2026-10-07
Malte;MT;Marsa (Marsa Industrial Estate);FloatGlass Ltd;Production verriere, plus de 40 ans;floatglassltd.com;info@floatglassltd.com;+356 2122 7729;Premier fabricant verrier de Malte. Port Malta Freeport, envoi en anglais. Relance 07/10 sans signature, une seule question sur les plus gros volumes annuels, porte de sortie. Angle insulaire : quarante ans de verre a Malte, chaque feuille a traverse la mer, donc le conteneur n est pas une proposition mais leur mode d approvisionnement, la seule question est qui le charge. Ports Marsaxlokk ou La Valette.;RELANCE 2026-10-07
Malte;MT;Qormi (Central Business District);F. Zammit Glass Ltd;Import, production, vente et distribution de verre float depuis les annees 1970;fzammitglass.com;info@fzammitglass.com;+356 2123 0659;IMPORTATEUR DE FLOAT DECLARE : float clair, feuillete, teinte, depoli, satine, plus outillage pour vitriers. Deux generations. Cible majeure. Port Malta Freeport, envoi en anglais. Relance 07/10 sans signature, une seule question sur les plus gros volumes annuels, porte de sortie. MEILLEUR PROFIL DU LOT : importent produisent et distribuent du float depuis les annees 1970, sur une ile. Cinquante ans d import veut dire qu ils savent exactement ce que leur coute un conteneur rendu, et Malte n a jamais eu l option d acheter local. Le message l assume et n explique rien. Ports Marsaxlokk ou La Valette.;RELANCE 2026-10-07
Maroc;MA;Aïn Atiq, Témara;Med Glass Industry;Transformation de verre trempé et isolant;medglass.ma;contact@medglassindustry.ma;+212 537 749800;Usine annonçant 50 collaborateurs et 20 machines, cibler float et vitrage à couches. Port Casablanca, envoi en francais. Domaine medglassindustry.ma introuvable — adresse fournie par ChatGPT, non verifiee. Tel +212 537 749800. CONTROLE MX DU 07/10 : le domaine medglassindustry.ma ne resout pas (NXDOMAIN), l adresse contact@medglassindustry.ma ne peut pas recevoir. Adresse retiree du registre. Passer par le telephone. DEVERROUILLEE LE 08/10, ET L ANGLE EST LE MEILLEUR DU MAGHREB. EXCEPTION DU PARAGRAPHE 5 : le domaine de l adresse est medglassINDUSTRY.ma alors que le site est medglass.ma. L envoi n est autorise que parce que la societe publie elle-meme cette adresse, sur plusieurs de ses pages. Coordonnees : km 3 zone industrielle, Ain Atiq, Temara 3000, +212 537 74 98 00, fax +212 537 74 98 01, samedi 8h30-12h30. GAMME : vitrage isolant acoustique, verre serigraphie, trempe, bombe et feuillete, pour le batiment et l industrie. Donc transformateur a part entiere, et acheteur de substrat. FAIT DECISIF, ET C EST LUI QUI PORTE LE MESSAGE : leur site annonce qu ils sont la SEULE SOCIETE MAROCAINE CERTIFIEE CEKAL pour le vitrage isolant et le trempe. CEKAL est l organisme de certification FRANCAIS. Un transformateur certifie CEKAL doit pouvoir justifier la conformite de son verre entrant aux normes europeennes : une origine europeenne n est donc pas un argument de prix chez eux, c est un argument de dossier technique. Et nous sommes francais, ce qui rend la conversation naturelle. NE PAS CITER DE CERTIFICAT DE NOTRE COTE, paragraphe 5 : on parle de leur certification, pas de la notre. ENVOI programme le 09/10 en francais. Port Casablanca, ou Tanger Med. Prochaine action : envoyer le 09/10.;A ENVOYER 2026-10-09
Maroc;MA;Casablanca (Bd Zerktouni);SEVAM — Societe d'Exploitation de Verreries au Maroc;Verrerie;sevam.ma;;;Adresse citee en annuaire mais domaine non recoupe dans les resultats : ne pas deviner, appeler. FICHE ECARTEE LE 08/10 : CE N EST PAS DU VERRE PLAT. Verification faite avant tout contact. Leur propre site l annonce en titre : plus de quatre-vingt-dix ans d expertise verriere dans la fabrication des BOUTEILLES, POTS ALIMENTAIRES ET VERRES DE TABLE. C est du verre creux et de la verrerie de table, deux metiers qui n ont aucun rapport avec le verre plat de batiment. Ils ne sont ni client ni concurrent, ils sont hors sujet. Rachetee en decembre 2018 par le groupe francais Castel via sa filiale MDI, ce qui explique l adresse publiee, seva.mcontact arobase castel-afrique.com. Siege boulevard Ouk at Badi, Roches Noires, 20290 Casablanca, +212 5 22 40 13 53 a 56. D OU VENAIT L ERREUR, ET C EST A RETENIR : le champ activite de cette fiche portait le seul mot VERRERIE. En francais ce mot designe aussi bien une usine de verre plat qu une fabrique de bouteilles ou un magasin de verres a pied. Un mot ambigu ne suffit pas a ouvrir une fiche : il faut avoir etabli verre PLAT ou verre CREUX avant. Prochaine action : aucune.;ECARTE — HORS PERIMETRE
Maroc;MA;Casablanca;Camiverre;Transformation de verre plat : double vitrage phonique, vitrage decoratif;camiverre.com;contact@camiverre.com;+212 5 22 78 12 36;Transformateur cree en 2016, croissance rapide. Port Casablanca. Envoi en francais. Relance courte le 06/10, lot 6.;RELANCE 2026-10-06
Maroc;MA;Casablanca;Choix Verre (ex-Miroiterie la Corniche);Transformation et pose, familiale depuis 1995;choixverre.ma;choix.verre@gmail.com;;Ancienneté : relation durable possible.  STATUT RENSEIGNE LE 08/10 : cette fiche avait un statut VIDE, ce qui la rendait invisible aux pools de relance comme au decompte des fiches jamais contactees. Aucune adresse publiee, donc dossier telephonique. DEVERROUILLEE LE 08/10, AVEC L EXCEPTION DU PARAGRAPHE 5 : choix.verre arobase gmail.com est sur un domaine different de celui du site, et l envoi n est autorise que parce que la societe la publie elle-meme, sur sa page d accueil ET sur sa page miroirs, deux pages concordantes. Mobile 0661 32 71 02 soit +212 6 61 32 71 02, fixe 05 22 22 52 59, atelier quartier Bourgogne, lot el Alj, rue 1, magasin 18, Casablanca. Affaire familiale fondee en 1995, anciennement Miroiterie la Corniche, ce que le nom de la fiche disait deja. Gamme : decoupe et pose de verre, MIROIRS dont du MIROIR A LED, menuiserie aluminium et garde-corps. RESERVE DE TAILLE, ET JE LA PESE PLUTOT QUE DE DECLASSER D OFFICE : une adresse gmail et un magasin tirent vers la petite structure, comme Morcillo au Panama que j ai ecartee une heure plus tot. Trois differences la font passer quand meme : elle a un FIXE en plus du mobile, elle a trente ans d anciennete sous deux raisons sociales, et surtout son metier est le MIROIR, qui est notre produit le plus differenciant et qui vaut deux a cinq fois le float nu au metre carre. Casablanca est de surcroit un port, donc aucun post-acheminement a porter. TRAITEMENT : message COURT, question du volume annuel posee AVANT toute offre, angle miroir sans cuivre ni plomb en premiere ligne et float ensuite, et accepter sans insister un trop gros pour nous. Les pages lues ont de 630 a 670 jours, donc adresse a essayer SEULE. Envoi en francais. Prochaine action : envoyer le 13/10.;A ENVOYER 2026-10-13
Maroc;MA;Fes;IMDV — Industrie Marocaine du Verre;Transformation et distribution de verre plat pour le batiment;imdv.ma;contact@imdv.ma;+212 535 65 74 84;TRANSFORMATEUR ET DISTRIBUTEUR : consommation d'usine plus stock de distribution.;ENVOYE 2026-10-06
Maroc;MA;Fès;El Wifaq Verre;Trempé, feuilleté, double vitrage, miroirs;elwifaqverre.ma;contact@elwifaqverre.ma;+212 5 35 60 57 89;Distribue dans tout le Maroc (Casablanca, Rabat, Fes, Tanger). Rte Ain Smen, Resid. Elwifaq. Aucune adresse email publiee : a rappeler. Plus de 20 ans, usine a Fes, livre Casablanca Rabat Tanger et Marrakech. Trempe feuillete double vitrage et miroirs. Aucune adresse email publiee : a appeler. DEVERROUILLEE LE 08/10 : contact arobase elwifaqverre.ma est publiee sur leur page Contact et Informations, domaine identique a celui du site, regle anti-rebond satisfaite. Second numero releve, +212 659 320149. Implantation precisee : route d Ain Smen, residence Elwifaq, Fes. Leur site annonce verre trempe, double vitrage a gaz argon, feuillete Stadip, miroirs decoratifs, plexiglas et panneaux composites aluminium : gamme large de transformateur-negociant, donc acheteur de substrat. ENVOI NON ENCORE FAIT : un rebond 5.7.1 forte probabilite de spam est tombe ce matin sur un autre envoi, et le paragraphe 10 arrete les envois a froid pour la journee. Envoi programme le 09/10 en francais. Prochaine action : envoyer le 09/10.;A ENVOYER 2026-10-09
Maroc;MA;Mohammedia (lot 40, zone industrielle Sud-Ouest);Arkiglass;Transformation du verre architectural, verre de sécurité;arkiglass.ma;arkiglass@arkiglass.ma;+212 5 23 31 00 00;Se présente en leader marocain. Proche de Casablanca. ADRESSE REBONDIE (compte inexistant) : passer par le formulaire du site ou le telephone. FICHE RESSUSCITEE LE 08/10. Elle etait au statut ADRESSE INVALIDE , la recherche restreinte a leur domaine rend arkiglass arobase arkiglass.ma, publiee sur leur page de contact et a plusieurs endroits de leur site, domaine identique, regle anti-rebond satisfaite. Ligne principale +212 523 310 000, HOTLINE +212 661 64 30 39 — une hotline mobile est souvent le canal qui repond vraiment. ADRESSE PRECISEE : lot numero 40, zone industrielle Sud-Ouest, MOHAMMEDIA, donc entre Casablanca et Rabat et a vingt minutes du port de Mohammedia. Horaires 8h-12h et 14h-17h30 du lundi au vendredi, 8h-13h le samedi, soit exactement l heure de Paris. PROFIL, ET IL EST FORT : societe de VERRE DE SECURITE pour les professionnels du batiment et des travaux publics, gamme feuillete, trempe, isolant, PARE-BALLES et COUPE-FEU, plus du feuillete acoustique et de l impression numerique sous la marque ARKIDIGITAL. Pare-balles et coupe-feu font un acheteur de vitrage technique, donc la page a lier est celle du vitrage technique et non le float seul. A NOTER POUR LE MAROC : c est la TROISIEME fiche marocaine deverrouillee le 08/10 apres El Wifaq a Fes et Med Glass a Temara, et les trois sont des transformateurs techniques. Le Maroc devient un marche a traiter comme un ensemble, avec trois messages differencies et non trois fois le meme. ENVOI programme le 09 ou 10/10 en francais. Port Casablanca ou Mohammedia. Prochaine action : envoyer.;A ENVOYER 2026-10-09
Maroc;MA;—;Inalver;Vitrerie, miroiterie, aluminium, façonnage;inalver.com;info@inalver.com;+212 5 28 83 52 22;Transformateur complet. Relance courte le 06/10, lot 6.;RELANCE 2026-10-06
Martinique;MQ;Fort-de-France;SAMIR;Miroiterie, découpe, verres spéciaux, vitrages sécurité;samir-martinique.fr;contact@samir-martinique.fr;+596 596 50 00 22;Territoire français : pas de droits de douane UE. Relance courte le 06/10, lot 6. PRECISION DU 08/10 SUR UNE PHRASE INCOMPLETE DE CETTE FICHE : pas de droits de douane UE est exact, mais ce n est pas toute la fiscalite. L octroi de mer externe s applique a l entree en Martinique meme pour une marchandise venue de metropole, en vertu de la loi du 2 juillet 2004, et son taux pour le chapitre 70 n est pas etabli. Ne rien ecrire sur la fiscalite a l entree.;RELANCE 2026-10-06
Martinique;MQ;—;Antilles Miroiterie;Découpe verre, miroir, plexiglas;antilles-miroiterie.com;martinique@antilles-miroiterie.com;;Atelier de découpe. Adresses des deux ateliers trouvees le 06/10. Guadeloupe en copie : guadeloupe@antilles-miroiterie.com. Argument propose : un conteneur reparti entre les deux iles pour avoir le prix du volume groupe sans tout stocker sur un site.;ENVOYE 2026-10-06
Maurice;MU;Pailles, Montebello;AGI (Mauritius) Ltd;Importation et distribution de verre plat;agimauritius.com;info@agimauritius.com;+230 286 2323;Importateur-distributeur de float, feuilleté et miroirs avec dépôt à Montebello. Port Port-Louis, envoi en francais. Relance courte le 06/10 : une seule question posee (la reference et l'epaisseur la plus achetee) contre un prix ferme sous 48h, et sortie offerte en repondant non. ZONE EST-AFRICAINE DECLASSEE LE 08/10, SUR UN FAIT VERIFIE. Sapphire Float Glass, a Mkuranga en Tanzanie, capital chinois, est EN PRODUCTION : capacite 700 tonnes par jour soit 189 000 tonnes par an, production effective de 450 tonnes par jour en mai 2024 selon la ministre tanzanienne Ashatu Kijaji citee par Xinhua. Et elle EXPORTE DEJA vers Madagascar, le Burundi, la Zambie, le Rwanda, la RDC et l Afrique du Sud, avec une part export donnee entre 60 et 80 pour cent selon les sources. Une seconde ligne de 500 t/jour etait annoncee, etat non confirme. Confirmation indirecte et forte : PFG a obtenu en janvier 2026 des droits antidumping provisoires sud-africains contre le float tanzanien — on ne se defend pas contre un concurrent negligeable. CONSEQUENCE : l argument de l absence de production locale est FAUX dans toute cette zone, et il avait deja ete rattrape pour le Kenya le matin meme. La campagne y a investi 39 fiches pour zero commande, et je l attribuais au ciblage ou au message : c est au moins en partie le marche. CONDUITE : ne plus ouvrir de fiches dans la zone, ne pas y investir d effort de relance, et ne garder que ce que Sapphire ne fait pas — low-E, miroir sans cuivre ni plomb, vitrage technique, grands formats. Si une relance part malgre tout, elle porte sur ces references et sur rien d autre. CORRECTION DE MA PART, FAITE DANS LE QUART D HEURE : j ai annote cette fiche du declassement est-africain, a tort. Les marches d export documentes de Sapphire Float Glass sont Madagascar, le Burundi, la Zambie, le Rwanda, la RDC et l Afrique du Sud. NI MAURICE NI LES SEYCHELLES n y figurent. J ai etendu la conclusion a l ocean Indien par commodite geographique au lieu de m en tenir a la liste. Ces iles importent tout leur verre et rien n etablit qu un producteur regional les desserve : la fiche n est PAS declassee et le paragraphe precedent ne s y applique pas. Lecon : une conclusion s applique au perimetre que la source donne, pas a la region qu on imagine autour.;RELANCE 2026-10-06
Maurice;MU;Port-Louis (Plaine Lauzun);VS Aluminium Ltd;Menuiserie aluminium;vsaluminium.com;;+230 5255 6777;Zone industrielle de Plaine Lauzun. Angle retenu : sur une ile le fret coute pareil a moitie plein ou plein. Port Port-Louis. Mini-mail sur mesure FR CONTROLE MX DU 07/10 : le domaine vsaluminium.com ne resout pas (NXDOMAIN), l adresse sales@vsaluminium.com ne peut pas recevoir. Adresse retiree du registre. Passer par le telephone. VERIFIE LE 08/10, RESULTAT NEGATIF : trois recherches, dont une restreinte au domaine vsaluminium.com, ne rendent aucun resultat. Le domaine inscrit dans la fiche n est plus indexe. A REQUALIFIER avant tout effort, en cherchant sous une autre formulation, VS Alu, ou par la chambre de commerce mauricienne. Prochaine action : requalifier ou declasser. ZONE EST-AFRICAINE DECLASSEE LE 08/10, SUR UN FAIT VERIFIE. Sapphire Float Glass, a Mkuranga en Tanzanie, capital chinois, est EN PRODUCTION : capacite 700 tonnes par jour soit 189 000 tonnes par an, production effective de 450 tonnes par jour en mai 2024 selon la ministre tanzanienne Ashatu Kijaji citee par Xinhua. Et elle EXPORTE DEJA vers Madagascar, le Burundi, la Zambie, le Rwanda, la RDC et l Afrique du Sud, avec une part export donnee entre 60 et 80 pour cent selon les sources. Une seconde ligne de 500 t/jour etait annoncee, etat non confirme. Confirmation indirecte et forte : PFG a obtenu en janvier 2026 des droits antidumping provisoires sud-africains contre le float tanzanien — on ne se defend pas contre un concurrent negligeable. CONSEQUENCE : l argument de l absence de production locale est FAUX dans toute cette zone, et il avait deja ete rattrape pour le Kenya le matin meme. La campagne y a investi 39 fiches pour zero commande, et je l attribuais au ciblage ou au message : c est au moins en partie le marche. CONDUITE : ne plus ouvrir de fiches dans la zone, ne pas y investir d effort de relance, et ne garder que ce que Sapphire ne fait pas — low-E, miroir sans cuivre ni plomb, vitrage technique, grands formats. Si une relance part malgre tout, elle porte sur ces references et sur rien d autre. CORRECTION DE MA PART, FAITE DANS LE QUART D HEURE : j ai annote cette fiche du declassement est-africain, a tort. Les marches d export documentes de Sapphire Float Glass sont Madagascar, le Burundi, la Zambie, le Rwanda, la RDC et l Afrique du Sud. NI MAURICE NI LES SEYCHELLES n y figurent. J ai etendu la conclusion a l ocean Indien par commodite geographique au lieu de m en tenir a la liste. Ces iles importent tout leur verre et rien n etablit qu un producteur regional les desserve : la fiche n est PAS declassee et le paragraphe precedent ne s y applique pas. Lecon : une conclusion s applique au perimetre que la source donne, pas a la region qu on imagine autour. TESTEE LE 08/10 PAR LA METHODE DU PARAGRAPHE 13, SANS RESULTAT : ni la recherche restreinte a vsaluminium.com ni une recherche large sur le nom ne remontent quoi que ce soit. Domaine non indexe. A requalifier avant tout effort, le nom pouvant etre incomplet ou la societe avoir change de denomination.;A QUALIFIER
Maurice;MU;Port-Louis (Roche Bois);Glasslam (Mauritius) Ltd;Verre trempe, feuillete, miroiterie;glasslamltd.com;glasslam1960@gmail.com;+230 216 6831;Transformateur principal de l'ile, a cote du port. Relance courte le 06/10, lot 6. ZONE EST-AFRICAINE DECLASSEE LE 08/10, SUR UN FAIT VERIFIE. Sapphire Float Glass, a Mkuranga en Tanzanie, capital chinois, est EN PRODUCTION : capacite 700 tonnes par jour soit 189 000 tonnes par an, production effective de 450 tonnes par jour en mai 2024 selon la ministre tanzanienne Ashatu Kijaji citee par Xinhua. Et elle EXPORTE DEJA vers Madagascar, le Burundi, la Zambie, le Rwanda, la RDC et l Afrique du Sud, avec une part export donnee entre 60 et 80 pour cent selon les sources. Une seconde ligne de 500 t/jour etait annoncee, etat non confirme. Confirmation indirecte et forte : PFG a obtenu en janvier 2026 des droits antidumping provisoires sud-africains contre le float tanzanien — on ne se defend pas contre un concurrent negligeable. CONSEQUENCE : l argument de l absence de production locale est FAUX dans toute cette zone, et il avait deja ete rattrape pour le Kenya le matin meme. La campagne y a investi 39 fiches pour zero commande, et je l attribuais au ciblage ou au message : c est au moins en partie le marche. CONDUITE : ne plus ouvrir de fiches dans la zone, ne pas y investir d effort de relance, et ne garder que ce que Sapphire ne fait pas — low-E, miroir sans cuivre ni plomb, vitrage technique, grands formats. Si une relance part malgre tout, elle porte sur ces references et sur rien d autre. CORRECTION DE MA PART, FAITE DANS LE QUART D HEURE : j ai annote cette fiche du declassement est-africain, a tort. Les marches d export documentes de Sapphire Float Glass sont Madagascar, le Burundi, la Zambie, le Rwanda, la RDC et l Afrique du Sud. NI MAURICE NI LES SEYCHELLES n y figurent. J ai etendu la conclusion a l ocean Indien par commodite geographique au lieu de m en tenir a la liste. Ces iles importent tout leur verre et rien n etablit qu un producteur regional les desserve : la fiche n est PAS declassee et le paragraphe precedent ne s y applique pas. Lecon : une conclusion s applique au perimetre que la source donne, pas a la region qu on imagine autour.;RELANCE 2026-10-06
Maurice;MU;Port-Louis (Sainte-Croix);G&S Aluminium Mauritius;Menuiserie aluminium et vitrage;;gnscontracting2023@gmail.com;+230 5848 0641;Cocoterie Sainte-Croix Port-Louis. Angle retenu : un 20 pieds pour demarrer. Mini-mail sur mesure FR. ZONE EST-AFRICAINE DECLASSEE LE 08/10, SUR UN FAIT VERIFIE. Sapphire Float Glass, a Mkuranga en Tanzanie, capital chinois, est EN PRODUCTION : capacite 700 tonnes par jour soit 189 000 tonnes par an, production effective de 450 tonnes par jour en mai 2024 selon la ministre tanzanienne Ashatu Kijaji citee par Xinhua. Et elle EXPORTE DEJA vers Madagascar, le Burundi, la Zambie, le Rwanda, la RDC et l Afrique du Sud, avec une part export donnee entre 60 et 80 pour cent selon les sources. Une seconde ligne de 500 t/jour etait annoncee, etat non confirme. Confirmation indirecte et forte : PFG a obtenu en janvier 2026 des droits antidumping provisoires sud-africains contre le float tanzanien — on ne se defend pas contre un concurrent negligeable. CONSEQUENCE : l argument de l absence de production locale est FAUX dans toute cette zone, et il avait deja ete rattrape pour le Kenya le matin meme. La campagne y a investi 39 fiches pour zero commande, et je l attribuais au ciblage ou au message : c est au moins en partie le marche. CONDUITE : ne plus ouvrir de fiches dans la zone, ne pas y investir d effort de relance, et ne garder que ce que Sapphire ne fait pas — low-E, miroir sans cuivre ni plomb, vitrage technique, grands formats. Si une relance part malgre tout, elle porte sur ces references et sur rien d autre. CORRECTION DE MA PART, FAITE DANS LE QUART D HEURE : j ai annote cette fiche du declassement est-africain, a tort. Les marches d export documentes de Sapphire Float Glass sont Madagascar, le Burundi, la Zambie, le Rwanda, la RDC et l Afrique du Sud. NI MAURICE NI LES SEYCHELLES n y figurent. J ai etendu la conclusion a l ocean Indien par commodite geographique au lieu de m en tenir a la liste. Ces iles importent tout leur verre et rien n etablit qu un producteur regional les desserve : la fiche n est PAS declassee et le paragraphe precedent ne s y applique pas. Lecon : une conclusion s applique au perimetre que la source donne, pas a la region qu on imagine autour.;ENVOYE 2026-10-01
Maurice;MU;Triolet (Royal Road 7th Miles);Sharm Group Ltd;Import et distribution de float clair, imprime, reflechissant, miroir argent et teinte;sharmglass.com;sglassvitral@gmail.com;;IMPORTATEUR : gamme identique a la notre. Conteneur mixte propose. Port Louis. Relance 08/10, deuxieme tranche, format court a une seule question plus porte de sortie. Delivrabilite deja prouvee par l envoi du debut octobre. Angle le plus fort du lot : leur gamme publiee est presque exactement la notre, float clair imprime reflechissant miroir argent et teinte. Rien a presenter sinon une origine, et ils importent deja. ZONE EST-AFRICAINE DECLASSEE LE 08/10, SUR UN FAIT VERIFIE. Sapphire Float Glass, a Mkuranga en Tanzanie, capital chinois, est EN PRODUCTION : capacite 700 tonnes par jour soit 189 000 tonnes par an, production effective de 450 tonnes par jour en mai 2024 selon la ministre tanzanienne Ashatu Kijaji citee par Xinhua. Et elle EXPORTE DEJA vers Madagascar, le Burundi, la Zambie, le Rwanda, la RDC et l Afrique du Sud, avec une part export donnee entre 60 et 80 pour cent selon les sources. Une seconde ligne de 500 t/jour etait annoncee, etat non confirme. Confirmation indirecte et forte : PFG a obtenu en janvier 2026 des droits antidumping provisoires sud-africains contre le float tanzanien — on ne se defend pas contre un concurrent negligeable. CONSEQUENCE : l argument de l absence de production locale est FAUX dans toute cette zone, et il avait deja ete rattrape pour le Kenya le matin meme. La campagne y a investi 39 fiches pour zero commande, et je l attribuais au ciblage ou au message : c est au moins en partie le marche. CONDUITE : ne plus ouvrir de fiches dans la zone, ne pas y investir d effort de relance, et ne garder que ce que Sapphire ne fait pas — low-E, miroir sans cuivre ni plomb, vitrage technique, grands formats. Si une relance part malgre tout, elle porte sur ces references et sur rien d autre. CORRECTION DE MA PART, FAITE DANS LE QUART D HEURE : j ai annote cette fiche du declassement est-africain, a tort. Les marches d export documentes de Sapphire Float Glass sont Madagascar, le Burundi, la Zambie, le Rwanda, la RDC et l Afrique du Sud. NI MAURICE NI LES SEYCHELLES n y figurent. J ai etendu la conclusion a l ocean Indien par commodite geographique au lieu de m en tenir a la liste. Ces iles importent tout leur verre et rien n etablit qu un producteur regional les desserve : la fiche n est PAS declassee et le paragraphe precedent ne s y applique pas. Lecon : une conclusion s applique au perimetre que la source donne, pas a la region qu on imagine autour.;RELANCE 2026-10-08
Mauritanie;MR;Nouakchott (immeuble UTM avenue Faycal);Societe de menuiserie aluminium — raison sociale non etablie;Menuiserie aluminium, vente aux professionnels et aux particuliers;;;+222 45 24 44 00;SEULE PISTE MAURITANIENNE TROUVEE, et elle est faible : la societe n est connue que par une annonce de recrutement expiree pour un commercial en menuiserie aluminium, et sa raison sociale n apparait pas. L adresse recrutement.alu.mr arobase gmail.com est une adresse de RECRUTEMENT et non un contact commercial : ne pas l utiliser. Fax +222 45 25 29 27. Appeler pour etablir la raison sociale et obtenir le service achats avant toute qualification.;A APPELER
Mayotte;YT;Mamoudzou (ZI Kaweni);Techniglass Mayotte;Miroiterie, vitrerie et decoupe de verre;techniglass-mayotte.fr;;+262 269 63 56 54;TERRITOIRE FRANCAIS, ile sans production. Aucune adresse publiee : appeler en francais. VERIFIE LE 08/10, ADRESSE TRONQUEE DANS L INDEX : leur page de contact porte bien un champ e-mail mais le texte indexe s arrete apres le mot techniglass, sans le domaine. Je ne complete pas de tete, paragraphe 5. Reste un dossier telephonique, 02 69 63 56 54. Implantation ZONE INDUSTRIELLE DE KAWENI, Mamoudzou 97600, soit la zone industrielle principale de l ile. Horaires 7h30-15h30 du lundi au jeudi et 7h30-12h30 le vendredi, heure de Mayotte, donc UTC+3 : appeler le matin tot heure de Paris. Metiers : decoupe verre et plexiglas, miroiterie, remplacement de miroirs de vehicules et gravure sur mesure. PRECISION DE PERIMETRE, puisque la question pouvait se poser : le paragraphe 6 exclut la FRANCE comme marche, mais Mayotte est une ile de l ocean Indien approvisionnee par conteneur, comme la Martinique qui est notre seul client export. Les departements d outre-mer sont donc dans le perimetre de cette campagne, la metropole non. Prochaine action : appel pour obtenir l adresse complete. TESTEE LE 08/10 PAR LA METHODE DU PARAGRAPHE 13, RESULTAT PARTIEL ET INEXPLOITABLE : leur page de contact porte bien un libelle Email, mais l index n en rend que le mot techniglass sans le domaine. UNE ADRESSE EXISTE DONC ET ELLE N EST PAS LISIBLE. Le paragraphe 5 interdit de completer une adresse tronquee, et c est precisement le genre de reconstruction qui a fait rebondir Al Ashoury : ne pas deviner. Coordonnees utiles relevees : tel 02 69 63 56 54, zone industrielle de Kaweni, 97600 Mamoudzou, ouvert du lundi au jeudi 7h30-15h30 et le vendredi 7h30-12h30, donc appeler avant 13h30 heure de Paris le vendredi. Leur site ne propose qu un formulaire. Objectif de l appel : l adresse complete.;A APPELER
Mexique;MX;Cancún (Av. Chichén Itzá 66);Vidrio Plano de Cancún;Distribution de miroirs, portes, fenetres et verre en tous genres;;;+52 55 5679 3575;MARCHE DE LA RIVIERA MAYA : construction hoteliere continue, et le verre mexicain vient de Monterrey a plus de deux mille kilometres. Aucune adresse publiee : a appeler. Ports Progreso ou Veracruz. METHODE EN DEUX TEMPS APPLIQUEE LE 08/10 : AUCUN DOMAINE PROPRE, la societe n a pas de site et n apparait que dans des annuaires, qui ne satisfont pas la regle anti-rebond. Aucun envoi possible. Coordonnees relevees, a confirmer : Vidrio Plano de Cancun SA de CV, avenida Chichen Itza 66, supermanzana 24, Cancun, tel 998 884 1168, et trois autres lignes, 998 884 2807, 998 887 9092 et 998 892 8204. Un annuaire donne une seconde adresse, boulevard Kukulkan km 19,5, region 91. FAIT INTERESSANT MALGRE TOUT : un annuaire leur attribue une SUCCURSALE A MERIDA, calle 16 a Chuburna de Hidalgo. Deux implantations dans le Yucatan, c est le profil volume. PRUDENCE SUR LE METIER : les annuaires citent portes italiennes, verre a la coupe, teinte et blinde, et NE MENTIONNENT PAS la trempe. La fiche apparait dans un annuaire de verre trempe par simple correspondance de mots-cles : ne rien affirmer sur la trempe. Ports Progreso ou Veracruz. Reste en appel.;A APPELER
Mexique;MX;Cancún (Av. López Portillo, Región 99);Glass Caribe;Transformation et distribution de verre plat pour le batiment, trempe et feuillete en stock;;;;Annonce tenir du trempe et du feuillete en stock pour le Caraibe mexicain. Aucune adresse publiee : a appeler. Ports Progreso ou Veracruz.;A APPELER
Mexique;MX;Guadalajara (Jalisco);Distribuidora de Vidrios de Guadalajara;Solutions verre et aluminium, facades et garde-corps, plus de 60 ans;;distribuidora@megared.net.mx;+52 33 3952 9186;Maison ancienne. Port Manzanillo.;ENVOYE 2026-10-05
Mexique;MX;Guadalajara (Jalisco);Vidrios y Cristales Guadalajara;Trempe, feuillete, bombe, anti-bruit, aluminium;vidriosycristalesguadalajara.com;info@vidriosycristalesguadalajara.com;+52 33 2212 1941;50 ANS, usines au Jalisco, distribution nationale. Port Manzanillo ou Veracruz. Envoi en espagnol. REBOND 24/09 (boite pleine) : renvoye le 25/09. Relance courte le 06/10, lots 7 et 8. Rebond 06/10 : BOITE PLEINE, adresse valide. A retenter.;A RENVOYER
Mexique;MX;Mexico (Iztapalapa);Aluviacsa;Un des principaux distributeurs de verre flotte de Mexico, plus de 20 ans;aluviacsa.com;ventas@aluviacsa.com;+52 55 5642 9698;DISTRIBUTEUR : angle seconde source d'approvisionnement, pas substitution.;ENVOYE 2026-10-06
Mexique;MX;Mexico (Iztapalapa);Vycisa;Transformation de verre plat et miroirs pour l'ameublement et l'architecture;vycisa.com;karene@vycisa.com;;Contact nomme. Port Veracruz.;ENVOYE 2026-10-05
Mexique;MX;Monterrey (Col. Acero);Fortavidrio;Transformation et negoce de verre plat, trempe architectural;fortavidrio.com;contacto@fortavidrio.com;+52 81 8355 3412;Transformateur et distributeur de verre plat a Monterrey. Port Veracruz ou Altamira. Envoi en espagnol. Relance courte le 06/10, lot 1.;RELANCE 2026-10-06
Mexique;MX;Monterrey (Nuevo León);Grupo Visemex;Cristal trempe pour tous types de batiments;visemex.com.mx;ventas1@visemex.com.mx;+52 81 8331 4409;Approche directe sur trois references. Port Altamira. Rebond le 05/10 : BOITE PLEINE, pas une mauvaise adresse. A retenter dans quelques jours. VERIFIEE LE 08/10 PAR LA METHODE DU PARAGRAPHE 13, ET IL Y A UNE SUBTILITE A NE PAS RATER : leur page de contact publie venta1 arobase visemex.com.mx, au SINGULIER, alors que le registre porte ventas1 avec un S. Les deux ne sont pas interchangeables. ON GARDE POURTANT ventas1 EN ADRESSE PRINCIPALE, pour une raison de fait : le rebond du 05/10 etait une BOITE PLEINE, ce qui prouve que ventas1 existe, alors que venta1 n est atteste que par une page de leur site dont le copyright s arrete a 2014. Donc reessayer ventas1 d abord, et basculer sur venta1 SEULEMENT si le second essai rebondit encore. Qualification confirmee et elle est bonne : fabricant de verre trempe, feuillete, bombe et BLINDE, avec pose sur chantier civil, residentiel et commercial, Alamo 3202 colonia Moderna a Monterrey, trois lignes 81 8331 4410, 81 8030 5262 et 81 8331 7753. Transformateur complet donc acheteur de substrat. MARCHE PRIORITAIRE : quotas antidumping mexicains contre la Chine et la Malaisie au DOF du 20/03/2026 et droit general de 35 pour cent depuis le 01/01/2026, donc prix de marche eleve, mais la question de douane sur le verre europeen est en attente chez Aaron et rien ne doit en etre ecrit. Port Altamira. Envoi en espagnol. Prochaine action : renvoyer le 10/10.;A ENVOYER 2026-10-10
Mexique;MX;Monterrey (Nuevo León);Javalfer;Trempe et distribution de verre;javalfer.com;lindavista@javalfer.com;+52 81 1999 1007;Mexique produit du float : approche directe sur trois references. Port Altamira. Rebond le 05/10 : adresse introuvable. VRAI DEVERROUILLAGE LE 08/10, ET C EST UNE SORTIE DE REBOND. La recherche restreinte a javalfer.com confirme d abord que info arobase javalfer.com est bien l adresse generale publiee par la societe : le rebond du 05/10 ne venait donc pas d une adresse inventee. Elle donne surtout TROIS ADRESSES DE SUCCURSALE jamais essayees, meme domaine et publiees par la societe, donc regle anti-rebond satisfaite : lindavista arobase javalfer.com pour Monterrey Lincoln, Cenizo 145 colonia Plutarco Elias Calles 64103, tel 81 1999 1007 , santacatarina arobase javalfer.com, 25 de Mayo 191 colonia Trabajadores 66149, tel 81 2150 1256 , guadalupe arobase javalfer.com, Benito Juarez colonia Sin Nombre 23, 67185, tel 81 2030 3481. ADRESSE DE LA FICHE REMPLACEE PAR lindavista, celle du siege de Monterrey, les deux autres restant en reserve. A ESSAYER SEULE et non dans un lot groupe, puisque la generale a deja rebondi. Qualification confirmee : trempe ET distribution sur Monterrey et son aire metropolitaine, trois points de vente, 8h-18h en semaine et 9h-14h le samedi, prix annonce le jour meme sur devis. MARCHE DEVENU PRIORITAIRE le 08/10 : quotas antidumping definitifs contre la Chine et la Malaisie au DOF du 20/03/2026 et droit general de 35 pour cent depuis le 01/01/2026, donc prix de marche eleve. Mais ce droit frappe toutes origines et la question est en attente chez Aaron, donc ne rien ecrire sur le droit applicable au verre europeen. Port Altamira. Envoi en espagnol. Prochaine action : renvoyer le 10/10 sur lindavista, seule.;A RENVOYER
Mexique;MX;Monterrey (Nuevo León);SOLO VIDRIO S.A. de C.V.;Distributeur VITRO, negoce de verre plat;solovidrio.com.mx;ventas@solovidrio.com.mx;+52 81 8370 8185;DISTRIBUTEUR AGREE VITRO : profil negoce pur, bon candidat conteneur. Port Veracruz ou Altamira. Envoi en espagnol. Relance courte le 06/10, lot 2.;RELANCE 2026-10-06
Mexique;MX;Mérida (Chichí Suárez);Millet Industria de Vidrio;Fabrication et fourniture de verre pour le Yucatan et le Mexique;millet.com.mx;;+52 999 930 2381;Contact nomme Humberto Vital, fonction non verifiee. Adresse en millet.com.mx alors que la page trouvee est sur un sous-domaine d annuaire : regle anti-rebond, aucun envoi. A appeler. VERIFIE LE 08/10, ADRESSES REDACTEES sur toutes les pages indexees, y compris la mention de confidentialite. Reste un dossier telephonique, +52 999 432 1000, annonce pour les ventes, devis, echantillons et renseignements generaux. MAIS LA FICHE GAGNE SA GEOGRAPHIE, ET ELLE N EST PAS CELLE QU ON CROIT : ce n est pas une maison de Mexico, c est une maison du YUCATAN. Siege commercial calle 21, Tablaje Catastral 17439, Chichi Suarez, Merida. USINE A CONKAL, km 10 carretera federal Merida. Succursale a CANCUN, avenue Lopez Portillo. Siege social legal calle 43 numeros 319 et 321, colonia Pedregales de Tanlum, Merida. Raison sociale M Industria S.A. de C.V., membre de M Grupo Industrial. CONSEQUENCE POUR L OFFRE : le port a viser est PROGRESO, le port de Merida sur le golfe, et non Veracruz ni Manzanillo. Et une succursale a Cancun veut dire du marche hotelier, donc du miroir et du verre de salle de bain en volume. RAPPEL DU PARAGRAPHE 6 : le Mexique produit son float, Vitro, donc ne jamais ecrire qu il n y a pas de production locale. Prochaine action : appel. TESTEE LE 08/10 PAR LA METHODE DU PARAGRAPHE 13 : adresse PUBLIEE MAIS OBFUSQUEE, elle ressort en crochets email protected, signature d une protection Cloudflare. Donc on sait qu une adresse existe et on ne peut pas la lire : fiche telephonique, mais pas une fiche sans adresse. LA LECTURE FAIT MONTER CETTE FICHE PLUS HAUT QUE SON SCORE, et c est le vrai resultat du test. Siege commercial a Chichi Suarez, Merida, Yucatan, calle 21 tablaje 17439 x 2 y 4, CP 97306. USINE PROPRE a Conkal, km 10 carretera federal Merida, CP 97345. Succursales a Merida (Pedregales de Tanlum) et a CANCUN (avenue Lopez Portillo, Benito Juarez). Une ligne unique pour les ventes, les devis, les echantillons et les demandes : (+52) 999 432 1000. DEUX SIGNAUX QUI COMPTENT : leur site existe en espagnol, EN ANGLAIS et EN FRANCAIS, et ils affichent un chantier a Miami, le Monad Terrace. Une verrerie mexicaine qui tient une version francaise de son site et livre en Floride n est pas un atelier local : c est un exportateur structure, et la version francaise est un point d entree naturel pour nous. A METTRE SUR LA LISTE D APPELS PRIORITAIRES. Ports Progreso pour Merida ou Altamira. Objectif de l appel : obtenir l adresse du service achats et savoir s ils achetent leur substrat au Mexique ou a l import.;A APPELER
Mexique;MX;Ocotlan (Jalisco);CEYCO Cristales;Distributeur agree Saint-Gobain Glass, verre plat;ceyco.mx;contacto@ceyco.mx;+52 392 923 0500;Structure de distribution et non d'atelier, proche de Manzanillo.;ENVOYE 2026-10-06
Mexique;MX;Zapopan (Jalisco);Distribuidora de Vidrios Zapopan;Vente de verre flotte en gros, parc industriel Belenes;vidrioszapopan.com.mx;vidrios_zapopan@hotmail.com;+52 33 3126 3868;Proche de Manzanillo : post-acheminement court.;ENVOYE 2026-10-06
Monténégro;ME;Podgorica;MG Staklo (Staklo MG d.o.o.);Façonnage et design du verre;mgstaklo.me;staklomg@t-com.me;+382 68 148 187;Kralja Nikole 343. Port Bar, envoi en serbo-croate. Relance 07/10 sans signature, une seule question sur les plus gros volumes annuels, porte de sortie. Angle rare et juste : Bar est leur propre port, ce qui les rapproche du conteneur plus que presque tout transformateur de la region, la ou les acheteurs de l interieur paient un troncon routier qu eux n ont pas. Port Bar.;RELANCE 2026-10-07
Mozambique;MZ;Machava (Matlhemele);Vitroglass Mocambique;Transformation, negoce et pose de verre;vitroglass.co.mz;geral@vitroglass.co.mz;+258 21 485 427;Transformateur et negociant verre, zone industrielle CNM Machava. Port Maputo, envoi en portugais. Relance 07/10 sans signature, une seule question sur les plus gros volumes annuels, porte de sortie. Relance en portugais. Angle transformation plus negoce plus pose, et Beira et Nacala servent aussi l interieur de la region donc leur volume n est pas limite au marche national. Ports Beira Nacala ou Maputo. ZONE EST-AFRICAINE DECLASSEE LE 08/10, SUR UN FAIT VERIFIE. Sapphire Float Glass, a Mkuranga en Tanzanie, capital chinois, est EN PRODUCTION : capacite 700 tonnes par jour soit 189 000 tonnes par an, production effective de 450 tonnes par jour en mai 2024 selon la ministre tanzanienne Ashatu Kijaji citee par Xinhua. Et elle EXPORTE DEJA vers Madagascar, le Burundi, la Zambie, le Rwanda, la RDC et l Afrique du Sud, avec une part export donnee entre 60 et 80 pour cent selon les sources. Une seconde ligne de 500 t/jour etait annoncee, etat non confirme. Confirmation indirecte et forte : PFG a obtenu en janvier 2026 des droits antidumping provisoires sud-africains contre le float tanzanien — on ne se defend pas contre un concurrent negligeable. CONSEQUENCE : l argument de l absence de production locale est FAUX dans toute cette zone, et il avait deja ete rattrape pour le Kenya le matin meme. La campagne y a investi 39 fiches pour zero commande, et je l attribuais au ciblage ou au message : c est au moins en partie le marche. CONDUITE : ne plus ouvrir de fiches dans la zone, ne pas y investir d effort de relance, et ne garder que ce que Sapphire ne fait pas — low-E, miroir sans cuivre ni plomb, vitrage technique, grands formats. Si une relance part malgre tout, elle porte sur ces references et sur rien d autre.;RELANCE 2026-10-07
Mozambique;MZ;Maputo (Av. do Trabalho);FDC — Future Development Corporation Lda;Fabrication assemblage et vente alu inox et verre;fdc2000.co.mz;mzfdc2000@gmail.com;+258 84 917 6666;Depuis 2001. 8 agences Maputo Matola Xai-Xai Maxixe Tete Quelimane Beira Nampula. Ports Maputo Beira Nacala. Mini-mail sur mesure PT Relance courte le 06/10, lot 6. ZONE EST-AFRICAINE DECLASSEE LE 08/10, SUR UN FAIT VERIFIE. Sapphire Float Glass, a Mkuranga en Tanzanie, capital chinois, est EN PRODUCTION : capacite 700 tonnes par jour soit 189 000 tonnes par an, production effective de 450 tonnes par jour en mai 2024 selon la ministre tanzanienne Ashatu Kijaji citee par Xinhua. Et elle EXPORTE DEJA vers Madagascar, le Burundi, la Zambie, le Rwanda, la RDC et l Afrique du Sud, avec une part export donnee entre 60 et 80 pour cent selon les sources. Une seconde ligne de 500 t/jour etait annoncee, etat non confirme. Confirmation indirecte et forte : PFG a obtenu en janvier 2026 des droits antidumping provisoires sud-africains contre le float tanzanien — on ne se defend pas contre un concurrent negligeable. CONSEQUENCE : l argument de l absence de production locale est FAUX dans toute cette zone, et il avait deja ete rattrape pour le Kenya le matin meme. La campagne y a investi 39 fiches pour zero commande, et je l attribuais au ciblage ou au message : c est au moins en partie le marche. CONDUITE : ne plus ouvrir de fiches dans la zone, ne pas y investir d effort de relance, et ne garder que ce que Sapphire ne fait pas — low-E, miroir sans cuivre ni plomb, vitrage technique, grands formats. Si une relance part malgre tout, elle porte sur ces references et sur rien d autre.;RELANCE 2026-10-06
Mozambique;MZ;Matola (Lingamo);Arte Vidro Mocambique;Transformation de verre plat, double vitrage, miroirs sur mesure;artevidro.co.mz;geral@artevidro.co.mz;+258 878 189 076;Transformateur verre plat de reference a Maputo-Matola. REBOND 24/09 (boite pleine) : renvoye le 25/09. Port Maputo ou Beira, envoi en portugais. Relance courte le 06/10, lot 6. Rebond 06/10 : BOITE PLEINE, adresse valide. A retenter. ZONE EST-AFRICAINE DECLASSEE LE 08/10, SUR UN FAIT VERIFIE. Sapphire Float Glass, a Mkuranga en Tanzanie, capital chinois, est EN PRODUCTION : capacite 700 tonnes par jour soit 189 000 tonnes par an, production effective de 450 tonnes par jour en mai 2024 selon la ministre tanzanienne Ashatu Kijaji citee par Xinhua. Et elle EXPORTE DEJA vers Madagascar, le Burundi, la Zambie, le Rwanda, la RDC et l Afrique du Sud, avec une part export donnee entre 60 et 80 pour cent selon les sources. Une seconde ligne de 500 t/jour etait annoncee, etat non confirme. Confirmation indirecte et forte : PFG a obtenu en janvier 2026 des droits antidumping provisoires sud-africains contre le float tanzanien — on ne se defend pas contre un concurrent negligeable. CONSEQUENCE : l argument de l absence de production locale est FAUX dans toute cette zone, et il avait deja ete rattrape pour le Kenya le matin meme. La campagne y a investi 39 fiches pour zero commande, et je l attribuais au ciblage ou au message : c est au moins en partie le marche. CONDUITE : ne plus ouvrir de fiches dans la zone, ne pas y investir d effort de relance, et ne garder que ce que Sapphire ne fait pas — low-E, miroir sans cuivre ni plomb, vitrage technique, grands formats. Si une relance part malgre tout, elle porte sur ces references et sur rien d autre.;A RENVOYER
Namibie;NA;Windhoek;Africa Glass & Aluminium Namibia;Verre batiment, devantures aluminium, fenetres et portes;;;;Fournisseur verre batiment et aluminium de Windhoek. Aucune adresse email publiee : a rappeler. Port Walvis Bay.;A APPELER
Namibie;NA;Windhoek;PG Glass Namibia;Production, distribution et pose de verre batiment, aluminium et films;pgglassafrica.com;willem@pgglass.com.na;+264 83 387 5000 et mobile +264 81 149 3977;DEMANDE DE PRIX FERME recue le 28/09 de Willem Heunis Regional Manager (cell +264 81 149 3977). Conrad Coertzen a passe la main. Chiffrer CIF Walvis Bay avec le fret indique separement, un 20 pieds complet par produit : 4 mm float clair 1830x2440 / 6.38 feuillete clair 2440x2000 / 6.38 feuillete gris teinte 2440x2000 / 6.38 feuillete blanc translucide 2440x2000. Ils ont leur propre usine en Afrique du Sud mais achetent aussi a l'exterieur et sont en phase de selection de fournisseurs. Environ 6100 a 6600 m2 sur les 4 conteneurs. Repondu le 28/09 : les 4 references confirmees pour validation, prix annonce en CIF Walvis Bay tout compris avec le fret sur une ligne separee. Deux questions posees : conteneurs standard ou Open Top avec levage par grue, et date de besoin a Walvis Bay plus date de commande envisagee. CONFIRME le 28/09 par Willem : les 4 references et les quantites sont justes, conteneur 20 pieds FERME (pas d'Open Top), et pas de date imperative — il a plusieurs fournisseurs mais s'organisera selon notre approvisionnement si le prix est bon. Conrad a valide d'un mot. Tout se joue donc sur le prix seul. En attente des prix fournisseur pour monter le devis. Relance envoyee le 28/09 : positionnement port a port, prix rendu CIF directement a son port sans rien a organiser de son cote, fret tout de meme detaille sur une ligne separee. Force annoncee sur le prix et sur l'habitude de l'export conteneur mondial. Prix promis pour aujourd'hui ou demain, devis complet derriere. Second message le 28/09 : invitation a visiter noxemgroup.com et le catalogue PDF, avec ouverture pour elargir la demande a d'autres references chiffrees en meme temps. Retour tres positif de Willem le 28/09 : societe percue comme bien organisee, il apprecie la reactivite et va consulter le site. Reponse envoyee avec la mention MONTAUGEM et ouverture sur leurs deux gammes reperees sur pgglassafrica.com : PG SmartGlass (Low-E, controle solaire, securite, acoustique) et PG Aluminium (fenetres et portes architecturales a vitrer), pour elargir le meme conteneur. 08/10 BASCULE VERS LA BOITE PRO. Aaron a ecrit lui-meme a willem arobase pgglass.com a 10h55 pour annoncer la nouvelle adresse et demander un accuse de reception. Attention deux adresses coexistent : pgglass.com.na est l adresse PROUVEE puisque la demande de prix du 28/09 en vient, alors que celle transmise par Aaron est sans le .na. J ai donc renvoye le meme message sur pgglass.com.na a 11h20 en assumant la repetition dans le corps, pour qu une erreur d adresse ne fasse pas perdre le dossier. AUCUN PRIX N A JAMAIS ETE COMMUNIQUE A WILLEM : verifie dans le registre le suivi la boite pro la fiche compte cle et le dossier achats. La RFQ du 28/09 DEMANDE un prix au m2 aux fournisseurs. Willem n a jamais dit que nous etions competitifs, il a dit qu il s organiserait selon notre approvisionnement SI le prix est bon. Ne jamais evoquer un prix de memoire dans ce fil. INCIDENT GRAVE DU 08/10, ET IL PORTE SUR LE DOSSIER LE PLUS AVANCE DE LA CAMPAGNE. Le message que Aaron m avait demande d envoyer a Willem Heunis ce matin a 8h55 N EST JAMAIS ARRIVE. Il partait a willem arobase pgglass.COM, l adresse telle qu Aaron me l avait donnee, et il a rebondi a 10h43 en 550 Invalid Recipient, rendu par le Mimecast sud-africain za-smtp-inbound-1.mimecast.co.za. Le domaine pgglass.com existe donc bien, c est celui du groupe sud-africain, mais il n y a pas de boite willem dessus. OR CETTE FICHE PORTAIT LA BONNE ADRESSE DEPUIS LE DEBUT : willem arobase pgglass.COM.NA, domaine namibien, avec le mobile +264 81 149 3977. C EST LA DEUXIEME FOIS DANS LA MEME JOURNEE QUE J ENVOIE A UNE ADRESSE QUI N EST PAS CELLE DU REGISTRE, apres la relance Zrcalo du matin. La premiere fois cela a coute une relance. Celle-ci a coute une journee sur une demande de prix ferme qui attend depuis le 28/09, et elle a laisse croire a Willem que nous ne repondions pas. Une adresse donnee de memoire, meme par Aaron, se verifie contre le registre AVANT d envoyer. REPARE LE 08/10 : message renvoye a willem arobase pgglass.com.na, meme contenu, confirmation de l adresse professionnelle demandee, rappel explicite des quatre references confirmees — 4 mm clair 1830x2440 et les trois 6.38 feuilletes clair, gris teinte et blanc translucide en 2440x2000, un conteneur 20 pieds par produit, CIF Walvis Bay — et le WhatsApp +33 6 86 13 12 71 propose comme canal plus rapide. Aucun prix annonce, puisqu il n y a pas de grille. PROCHAINE ACTION : attendre sa confirmation de reception. Si rien demain, WhatsApp sur le +264 81 149 3977. Et la grille de prix reste le seul vrai blocage de ce dossier. REPONSE DE WILLEM A 14h27, SOIT 37 MINUTES APRES LE RENVOI. La reparation de l adresse est validee : HI Aaron, thanks, your email is well received, and we can communicate on this address, or on WhatsApp. Le canal est donc confirme sur willem arobase pgglass.com.na ET sur WhatsApp, au choix. FONCTION CONFIRMEE PAR SA PROPRE SIGNATURE : Regional Manager. Le nom est donc utilisable au titre du paragraphe 5. DEUX NUMEROS, dont un nouveau : fixe +264 83 387 5000 et mobile +264 81 149 3977. CE QUE CELA CHANGE : le dossier le plus avance de la campagne est reconnecte, et Willem attend maintenant la proposition que je lui ai annoncee dans le message. Le cout du retard sur la grille de prix n est plus theorique : un client qui vient de confirmer son canal attend une reponse. ET LE REPONDEUR AUTOMATIQUE FRANCAIS S EST ENCORE DECLENCHE, a 14h27 et 27 secondes, juste apres sa reponse. C est la cinquieme fois aujourd hui. A un interlocuteur anglophone en pleine negociation, un accuse automatique en francais qui renvoie vers un numero fixe donne l image d une maison qui ne lit pas ses messages. Aaron doit le desactiver, c est deja remonte. PROCHAINE ACTION : la grille de prix, et rien d autre. Tant qu elle n existe pas, ne pas reecrire a Willem pour ne rien dire — il vient d etre sollicite deux fois en six heures.;DEMANDE DE PRIX — SPECS CONFIRMEES
Nicaragua;NI;Managua (Bello Horizonte);Vidrio Centro S.A.;Fourniture ET IMPORTATION de verre, aluminium, quincaillerie et accessoires;vidriocentronic.com;hola@vidriocentronic.com;+505 2231 7204;IMPORTATEUR DECLARE, plus de 25 ans sur le marche nicaraguayen. WhatsApp +505 8402 6128. Adresse email masquee en ligne : appeler ou WhatsApp. Port Corinto. Plus de 25 ans a Managua. Facades portes fenetres et miroirs en alu et verre. WhatsApp +505 8402 6128. Adresse email masquee sur le site : a appeler. VERIFIE LE 08/10, ADRESSE TOUJOURS MASQUEE sur leur site. Profil confirme par leur propre site : fournisseur ET IMPORTATEUR de verre, aluminium, quincaillerie et accessoires, plus de 25 ans sur le marche nicaraguayen. Divergence a noter : leur LinkedIn annonce plus de 20 ans et 1995 comme annee de fondation. Horaires releves, utiles pour viser le creneau : 8h-17h du lundi au vendredi et 8h-12h le samedi, heure locale. WhatsApp +505 8402 6128 en plus du fixe. Adresse physique : district Costa Rica, rotonde de Bello Horizonte, deux blocs au sud puis deux vers le lac, Managua. DEVERROUILLEE LE 08/10 EN FIN D APRES-MIDI, au second passage et avec la bonne methode. La recherche restreinte a leur domaine rend hola arobase vidriocentronic.com, relevee sur une de leurs pages produits — les autres pages masquent le champ. Domaine identique a celui du site, regle anti-rebond satisfaite. C est exactement le schema d Alma Glass et de Distrividrios le meme jour : l adresse existe, elle est juste cachee sur la page de contact et visible ailleurs. A NOTER : certaines pages invitent a ecrire aux Ventas Vidrio Centro mais masquent cette adresse commerciale. Si hola ne repond pas, la demander. Profil reconfirme par leur propre site : FOURNISSEUR ET IMPORTATEUR de verre, aluminium, quincaillerie et accessoires, plus de 25 ans sur le marche nicaraguayen, avec des miroirs LED tactiles et Bluetooth a leur catalogue — donc du miroir de salle de bain haut de gamme, ce qui ouvre sur notre miroir sans cuivre ni plomb. Adresse quartier Costa Rica, rotonde de Bello Horizonte, deux blocs au sud puis deux vers le lac. WhatsApp 505 8402-6128, horaires 8h-17h en semaine et 8h-12h le samedi. ENVOI programme le 09 ou 10/10 en espagnol. Port Corinto. Prochaine action : envoyer.;A ENVOYER 2026-10-09
Nigéria;NG;Abuja, Idu Industrial Area 1B;Abumet Nigeria Ltd.;Fabrication de façades aluminium et vitrages isolants;abumet-nigeria.com;info@abumet.com;+234 803 906 7334;Filiale industrielle de Julius Berger avec ligne de vitrage isolant Evonig, cibler Low-E. Port Apapa (Lagos), envoi en anglais. Relance courte le 06/10, lot 6.;RELANCE 2026-10-06
Nigéria;NG;Kaduna, Commercial Layout;Safe Glass Nigeria Ltd;Transformation de verre trempé et feuilleté;safeglassng.com;safeglassnig@gmail.com;+234 813 932 3570;Four de trempe North Glass et équipement de feuilletage, cibler float clair et teinté. Port Apapa (Lagos), envoi en anglais. Relance courte le 06/10, lots 7 et 8.;RELANCE 2026-10-06
Nigéria;NG;Lagos (Ago Palace Way);FITglass — Frameless Impression Tempered Glass;Trempé sur mesure, miroir, double vitrage, verre commutable;fitglass.com.ng;info@fitglass.com.ng;;Gamme large, profil transformateur. Adresse retrouvee le 06/10. Nigeria impose le SONCAP : ne pas aborder le sujet avant validation d'Aaron. Quota Gmail epuise de nouveau le 07/10 apres dix envois : message pret, non parti. Envoye le 07/10 depuis aaron.harfi@noxem-group.com. Angle trempe sans cadre en 10 et 12 mm, float clair et extra-clair plus miroir sans cuivre pour l humidite de Lagos, port Lagos. SONCAP non evoque. REBOND 07/10 : boite de reception pleine, l envoi n est pas parti. A renvoyer dans quelques jours.;A RENVOYER
Nigéria;NG;Lagos (Amuwo Odofin);Crystal Glass Nigeria Ltd;Maison mere de TechnoGlass, depuis 1985;;;;A qualifier, meme groupe que TechnoGlass. RATTACHEE LE 08/10 A LA FICHE TECHNOGLASS, et c est une precaution anti-doublon. L adresse exacte de TechnoGlass est plot C62 CRYSTAL GLASS CLOSE, zone industrielle d Amuwo Odofin : la rue porte le nom de la maison mere et les deux societes partagent l implantation. L adresse info arobase technoglassng.com couvre donc le groupe. NE PAS ENVOYER DEPUIS CETTE FICHE : ce serait un second message a la meme maison, exactement la faute commise sur Shibaam Uganda le 08/10. Prochaine action : aucune, suivre le fil ouvert chez TechnoGlass.;NE PAS DEMARCHER
Nigéria;NG;Lagos (Amuwo Odofin);TechnoGlass Industries Ltd;Plus grande ligne de trempe et de feuillete d'Afrique de l'Ouest;technoglassng.com;info@technoglassng.com;+234 703 274 9126;CIBLE PRIORITAIRE : la plus grosse capacite de la sous-region. ADRESSE REBONDIE : rappeler au +234 703 274 9126. CONTROLE MX DU 07/10 : le domaine technoglassng.com ne resout pas (NXDOMAIN), l adresse info@technoglassng.com ne peut pas recevoir. Adresse retiree du registre. Passer par le telephone. DEVERROUILLEE LE 08/10 : info arobase technoglassng.com est publiee sur leur page de contact et sur l accueil, domaine identique a celui du site, regle anti-rebond satisfaite. ADRESSE EXACTE ET ELLE VAUT UN ARGUMENT : plot C62, CRYSTAL GLASS CLOSE, zone industrielle d Amuwo Odofin, en bordure de l autoroute Oshodi-Apapa, boite postale 4844 Festac Town. Une rue qui porte le nom de la maison mere confirme le lien avec la fiche Crystal Glass Nigeria du meme registre, et surtout l implantation est a quelques kilometres du PORT D APAPA, soit du quai de dechargement. Societe creee en 2004. Gamme confirmee par leur site : float, decoratif, verre a basse emissivite, verre de securite, trempe, feuillete et murs rideaux. References de chantier relevees, Mercedes-Benz Centre a Lekki, showroom Laroche et Orchid Court a Ikeja : du tertiaire de standing, pas du detail. NUMEROS CONTRADICTOIRES SELON LES PAGES, a essayer dans l ordre : +234 703 274 9126 en principal, ventes 0810 274 9230 et 0709 814 7949 sur la page contact, +234 704 306 7310 et +234 704 496 5310 sur l accueil. NE PAS ECRIRE DEUX FOIS AU MEME GROUPE : la fiche Crystal Glass Nigeria est la maison mere et partage cette implantation. Un seul message, a cette adresse. ENVOI programme le 09/10 en anglais. Port Apapa (Lagos). Prochaine action : envoyer le 09/10.;A ENVOYER 2026-10-09
Nigéria;NG;Lagos Island;Glass Production (City Hall);Production et fourniture de verre;glass.com.ng;;;Seconde adresse de la societe deja contactee le 22/09 sur info@glass.com.ng. Ne pas renvoyer, garder pour relance si silence. Port Apapa. DOUBLON de Glass.com.ng, meme domaine glass.com.ng. Statut normalise le 08/10 : il portait DOUBLON, qui n est pas un statut valide du paragraphe 12. Ne pas demarcher depuis cette ligne.;NE PAS DEMARCHER
Nigéria;NG;Lagos Island;Glass.com.ng;Plateforme de vente de verre sur mesure : trempe, feuillete;glass.com.ng;info@glass.com.ng;;Distributeur en ligne : achete au volume. Relance courte le 06/10, lot 2.;RELANCE 2026-10-06
Nigéria;NG;Lagos, Apapa;African Industries Group;Production de verre plat et de miroirs;africanindustries.com;stratcomm@africanindustries.com;+234 701 583 1220;Ligne de miroirs annoncée à 2000 tonnes par mois. Cibler Low-E et feuilleté de complément. Port Apapa (Lagos), envoi en anglais. Relance 08/10 une seule question plus porte de sortie. Controle MX impossible : resolveur DNS de la session hors service. Regle anti-rebond satisfaite et adresse ayant deja recu un envoi en septembre sans rebond. Angle Low-E et feuillete en complement de leur ligne miroir, Apapa.;RELANCE 2026-10-08
Nigéria;NG;Lagos;Express Tempered Glass Ltd;Trempé, vente en ligne;glass.com.ng;;;À qualifier. DOUBLON confirme le 07/10 : Express Tempered Glass Ltd et Glass.com.ng sont la meme societe, Suite 203E City Hall Lagos Island, deja contactee le 22/09 et relancee le 06/10. Aucun nouvel envoi. DOUBLON de Glass Production (City Hall), meme domaine glass.com.ng. Statut normalise le 08/10 : il portait DOUBLON, qui n est pas un statut valide du paragraphe 12. Ne pas demarcher depuis cette ligne.;NE PAS DEMARCHER
Nigéria;NG;Lagos;GLASSAL Nigeria Ltd;Construction verre et acier, fabrication et pose alu-verre;glassalng.com;info@glassalng.com;;Port Apapa. Angle retenu : l'achat local en petits lots mange discretement la marge sur chaque chantier. Mini-mail sur mesure EN CONTROLE MX DU 07/10 : le domaine glassalng.com n a aucun enregistrement MX, seulement un A. Livraison incertaine. Ne pas inclure dans un lot groupe : tester seul et surveiller le rebond.;ENVOYE 2026-10-02
Nigéria;NG;Lagos;GlassFusion;Verre architectural et systemes de facade murs-rideaux et vitrage structurel;glassfusion.ng;info@glassfusion.ng;;Facadier : acheteur de substrat, pas de produit fini. Angle retenu : sur un chantier de facade le verre est la ou le budget se gagne ou se perd. Port Lagos. Mini-mail sur mesure EN;ENVOYE 2026-10-02
Norvège;NO;Spydeberg;Friva AS;Production norvegienne de verre de construction;friva.no;firmapost@friva.no;+47 69 83 38 00;Producteur de vitrage batiment : gros consommateur de float. Port Oslo. Envoi en anglais, port a confirmer par le client. Relance 07/10 sans signature, une seule question sur les plus gros volumes annuels, porte de sortie. Angle producteur d unites finies donc acheteur de float de base en continu et a specification fixe, et en Norvege c est la couche Low-E qui porte la vente.;RELANCE 2026-10-07
Norvège;NO;Åmot;Glass & Import AS (GIAS);Façonnage de verre plat et import;gias.no;post@gias.no;+47 466 11 111;LE NOM DIT L ACTIVITE : import de verre. Skibrekkberga 9. Aucune adresse email publiee : appeler Kjell Roger Larsen. DEVERROUILLEE LE 08/10 : post arobase gias.no est publiee sur leur page de contact et sur l accueil, domaine identique a celui du site, regle anti-rebond satisfaite. Telephone 982 99 026. INTERLOCUTEUR NOMMABLE, et c est le cas exact que le paragraphe 5 autorise : JORGEN FJELLVIK est publie comme selger og daglig leder, donc commercial ET DIRECTEUR GENERAL, et c est lui qui porte l adresse generale post arobase gias.no et le meme telephone. La fonction est verifiee et pertinente, donc le nom est utilisable. Deux autres contacts publies, Kjell Roger Larsen et Kjell Lybeck, sont sur des adresses personnelles en online.no avec la seule fonction de vendeur : NE PAS LES UTILISER. Bureau Skibrekkberga 9, 3340 Amot. Enlevement des marchandises sur un autre site, Apalveien 1, 3360 Geithus, sur rendez-vous. Une troisieme adresse, Friggsvei 47 a Amot, figure en pied de page : probablement ancienne. LE NOM DIT L ESSENTIEL : Glass og Import, verre et import. La Norvege n a pas de production float, donc tout est importe. Gamme verre, cloisons vitrees, miroirs, garde-corps Q-Railing et Plastmo, protection solaire interieure et exterieure. RESERVE DE TAILLE A ASSUMER : des vendeurs sur adresses personnelles, des horaires d ouverture 8h-21h et le week-end, et un copyright 2019 en pied de page, cela ressemble a une structure modeste et non a un importateur de conteneurs. A verifier dans l echange avant de calibrer. ENVOI programme le 09 ou 10/10 en anglais, l anglais professionnel etant la norme en Norvege. Port Oslo ou Drammen. Prochaine action : envoyer.;A ENVOYER 2026-10-09
Nouvelle-Calédonie;NC;Nouméa (7 rue Ampère);EGPV Miroiterie Vitrerie;Miroiterie et vitrerie;;;+687 27 43 60;Adresse citee en mls.nc, domaine non recoupe dans les URL : appeler plutot que deviner.;A APPELER
Nouvelle-Calédonie;NC;Nouméa (Ducos);ALL GLASS Miroiterie Vitrerie;Miroiterie et vitrerie;allglass.nc;contact@allglass.nc;;51 Rue Auer Ducos. Territoire insulaire, tout le verre arrive par conteneur. Port Noumea, envoi en francais. Relance 07/10 sans signature, une seule question sur les plus gros volumes annuels, porte de sortie. Relance en francais. Angle insulaire : chaque feuille posee est arrivee en conteneur, c est deja leur mode d approvisionnement. Argument miroir sans cuivre pour le climat tropical et salin. Chargements mixtes, une caisse au lieu de trois expeditions. Port Noumea.;RELANCE 2026-10-07
Nouvelle-Calédonie;NC;Nouméa;MIVI — Miroiterie Vitrerie;Miroiterie et vitrerie, plus de 20 ans;mivi-miroiterie-vitrerie.com;mivi@mivi.nc;+687 24 11 84;Plus de 20 ans sur le batiment et l agencement caledoniens. Port Noumea. 38 rue Jules Ducos, Noumea. Envoi en francais. Relance le 06/10 sur un contact nomme, v.jeandin@mivi.nc, apres silence de la boite generique depuis le 25/09. Sortie proposee s'il n'est pas l'acheteur.;RELANCE 2026-10-06
Nouvelle-Zelande;NZ;Albany, Auckland;Glasscorp Limited;Distribution de verre et accessoires, plus de 6000 references;glasscorp.co.nz;sales@glasscorp.co.nz;;Plus gros fournisseur de produits verriers de Nouvelle-Zelande, 35 ans, base North Harbour Auckland. Port Auckland, envoi en anglais. Relance courte le 06/10 : une seule question posee (la reference et l'epaisseur la plus achetee) contre un prix ferme sous 48h, et sortie offerte en repondant non.;RELANCE 2026-10-06
Nouvelle-Zelande;NZ;Auckland (Onehunga);Allied Glass;Fourniture de verre residentiel et commercial;alliedglass.co.nz;sales@alliedglass.co.nz;+64 800 111 881;NZ sans usine float. Port Auckland ou Tauranga. Relance 08/10, format court a une seule question plus porte de sortie. Delivrabilite deja prouvee par l envoi du debut octobre. Angle honnete : l Asie est bien plus proche de la Nouvelle-Zelande que la France, donc renoncement explicite au float clair et ciblage des references difficiles a obtenir, couche tendre et miroir sans cuivre. Question : quelles references sont les plus dures a sourcer.;RELANCE 2026-10-08
Nouvelle-Zelande;NZ;Auckland et Christchurch;Woods Glass;Importation de float et transformation locale;woodsglass.co.nz;enquiry.akl@woodsglass.co.nz;+64 9 525 3379;Importe son float : cible directe. Aucune adresse publiee. Adresse Auckland retrouvee le 06/10.;ENVOYE 2026-10-06
Nouvelle-Zelande;NZ;Auckland;Metro Performance Glass;Le plus gros transformateur de Nouvelle-Zelande, societe cotee;metroglass.co.nz;akl@metroglass.co.nz;;MAJOR NATIONAL. Aucune adresse publiee. Adresse generale Auckland retrouvee le 06/10 — demande de routage vers les achats. ACCUSE AUTOMATIQUE 06/10 15h18 : boite lue par le service client Auckland de 8h a 16h30 heure NZ, telephone direct 09 927 3000. Le message est donc arrive sur une boite surveillee par des humains.;ENVOYE 2026-10-06
Nouvelle-Zelande;NZ;Christchurch (Sockburn);Stake Glass;Fourniture et transformation independante de verre;stakeglass.co.nz;sales@stakeglass.co.nz;+64 3 348 7778;NZ sans usine float : tout arrive en conteneur. Port Lyttelton. Relance 08/10, deuxieme tranche, format court a une seule question plus porte de sortie. Delivrabilite deja prouvee par l envoi du debut octobre. Angle honnete repris d Allied Glass : l Asie est bien plus proche de Lyttelton que la France, donc renoncement explicite au float clair et ciblage de ce qui est dur a obtenir.;RELANCE 2026-10-08
Nouvelle-Zelande;NZ;Christchurch;Pacific Glass NZ;Fourniture et sourcing de verre pour le negoce et le batiment;pacificglass.co.nz;admin@pacificglass.co.nz;;Fournisseur independant de verre pour vitriers NZ. Port Lyttelton, envoi en anglais. Relance courte le 06/10, lot 2.;RELANCE 2026-10-06
Nouvelle-Zelande;NZ;Silverdale (Auckland);NZ Glass;Verre sans cadre, garde-corps, clotures de piscine et double vitrage;nzglass.co.nz;sales@nzglass.nz;+64 800 69 45 27;Transformateur verre sans cadre et double vitrage. Adresse en nzglass.nz alors que le site est nzglass.co.nz : publiee sur leur page contact, notee au titre de la regle anti-rebond. Port Auckland. A envoyer au prochain lot. Envoi 07/10. Angle bande d epaisseur : garde-corps sans cadre et clotures de piscine tournent au 12 mm trempe extra-clair, car la tranche verte se voit sur un panneau expose. Float extra-clair plus trempe plus Low-E. Port Auckland.;ENVOYE 2026-10-07
Népal;NP;Kathmandu (Thankot);Mirror King Udhyog;Negoce float et teinte en gros miroiterie;mirrorkingudhyog.com;mirrorkingudhyog@gmail.com;+977 980 116 1645;Pays enclave - transit Kolkata ou Haldia puis Birgunj. Achats float et teinte en volume. Mini-mail sur mesure EN Relance courte le 06/10, lot 1. FUSION DU 08/10, detectee par un balayage systematique du registre : 1 fiche(s) en double pour la meme societe (Mirror King Udhyog) ont ete neutralisees. ERREUR DE MA PART LE 08/10, identique a celle commise sur Shibaam Uganda le meme jour : j ai cree une fiche neuve et envoye un message alors que la societe etait deja a RELANCE 2026-10-06. Elle a donc recu un troisieme message en deux jours. Cause exacte : avant d envoyer le lot Nepal-Bolivie j ai bien grepe Gapex Silverback Armenie et Rwanda, mais PAS Mirror King ni Sumes Glass. Un grep partiel ne vaut pas un grep. NE PLUS RIEN ENVOYER avant janvier 2027.;RELANCE 2026-10-08
Népal;NP;Katmandou (Chandragiri-3 Thankot);Mirror King Udhyog;Production de verre trempe et de miroirs, decoupe du float avant passage au four;mirrorkingudhyog.com;;;DOUBLON de la fiche Mirror King Udhyog du meme pays, neutralisee le 08/10 lors du balayage systematique du registre. Ne pas demarcher depuis cette ligne.;NE PAS DEMARCHER
Népal;NP;Katmandou (Gongabu Tokha-9);Sumes Glass;Importateur de verre architectural, feuillete, trempe et float;sumesglass.com.np;sumeshglass99@gmail.com;+977 9810224148;Importateur declare donc deja acheteur par conteneur. Transit Kolkata. ADRESSE GMAIL publiee par la societe sur son propre site sumesglass.com.np : exception du paragraphe 5 notee. ATTENTION orthographe sumeshglass99 avec un h alors que le domaine du site est sumesglass sans h - surveiller un rebond 5.1.1. Regle anti-rebond OK : le domaine figure dans les URL de resultats. Controle MX impossible le 08/10 : resolveur DNS de la session hors service. Risque de rebond assume et surveille.;ENVOYE 2026-10-08
Népal;NP;Katmandou;Glass Guard;Fourniture de verre trempe, feuillete, de confort visuel et accessoires verriers;;;;Aucune adresse ni telephone dans les resultats. A qualifier avant contact.;A QUALIFIER
Népal;NP;Katmandou;Nepal Glass Udhyog;Transformation de verre trempe et feuillete;;nepalglasstech@gmail.com;+977 1 431 4991;Pas d'adresse publiee : appeler. Pays enclave, transit via Kolkata ou Haldia. Adresse nepalglasstech@gmail.com retrouvee le 02/10. Trempe feuillete et isolant. Mis en copie du mini-mail adresse a Sky Light.;ENVOYE 2026-10-02
Népal;NP;Katmandou;Sky Light Pvt. Ltd.;Systemes de vitrage aluminium murs-rideaux fenetres et portes;skylight.com.np;info@skylight.com.np;;Acheteur de substrat. Transit Kolkata ou Haldia puis Birgunj. Argument de l'emballage pense pour le troncon routier. Nepal Glass Udhyog mis en copie. Mini-mail sur mesure EN;ENVOYE 2026-10-02
Oman;OM;Mascate (Darsait);Siraj Quryat Trading — SQT;Façade, isolant solaire, bombé, feuilleté, décoratif, depuis 2008;sqtsolutions.com;info@sqtsolutions.com;+968 9604 3825;Transformateur complet. Relance courte le 06/10, lots 7 et 8.;RELANCE 2026-10-06
Oman;OM;Mascate (Ghala / Misfah);Al Tasnim Enterprises LLC;Transformation verre : double vitrage 20 000 m2, feuillete 9 000 m2, alu;altasnimgroup.com;info@altasnim.com;+968 2421 4000;TRES GROSSE UNITE — transformateur agree par tous les grands verriers d'Oman. Port Sohar. Relance courte le 06/10 : une seule question posee (la reference et l'epaisseur la plus achetee) contre un prix ferme sous 48h, et sortie offerte en repondant non.;RELANCE 2026-10-06
Oman;OM;Mascate (Misfah Industrial);Glass Solutions;Usine : teinté, isolant, trempé;gs-oman.com;Production@gs-oman.com;+968 9136 1162;Usine identifiée en zone industrielle. Relance courte le 06/10, lots 7 et 8.;RELANCE 2026-10-06
Oman;OM;Mascate, Rusayl;Bahwan Metal & Glass Engineering LLC;Transformation de verre et fabrication métallique;bahwanmge.com;info@bahwanmge.com;+968 2444 9999;Usine en propre de transformation du verre et de fabrication métallique. Port Sohar, envoi en arabe. Relance courte le 06/10, lots 7 et 8.;RELANCE 2026-10-06
Oman;OM;Mascate;Al Kharusi International LLC;Fourniture de verre, vitrage et menuiserie;alkharusi.com;sales@alkharusi.com;;Distributeur national, adresse commerciale directe. Relance 08/10, troisieme tranche. Format court a une seule question plus porte de sortie. Angle distributeur national : la contrainte est la gamme a tenir sans immobiliser de tresorerie sur les references lentes, d ou le conteneur mixte.;RELANCE 2026-10-08
Oman;OM;Mascate;Noor Asadi Glass & Aluminum Factory;Transformation, float et verre réfléchissant, depuis 1986;noorasadioman.com;info@noorasadi.com;+968 2445 0661;Travaille déjà le float et le réfléchissant : deux lignes de votre catalogue. Relance courte le 06/10, lots 7 et 8.;RELANCE 2026-10-06
Oman;OM;Mascate;Qaswa Glass LLC;Trempe, feuillete et transformation de verre;qaswaglass.com;info@qaswaglass.com;;Transformateur omanais, adresse publiee. CONTROLE MX DU 07/10 : le domaine qaswaglass.com n a aucun enregistrement MX, seulement un A. Livraison incertaine. Ne pas inclure dans un lot groupe : tester seul et surveiller le rebond. Relance 08/10, troisieme tranche. Format court a une seule question plus porte de sortie. ENVOI SEUL car le domaine qaswaglass.com n a aucun MX, seulement un A, conformement au paragraphe 5. Aucun rebond immediat constate. Angle feuilletage : un defaut du substrat est scelle definitivement entre les plis et ne se corrige plus.;RELANCE 2026-10-08
Oman;OM;Rusayl;Decorative Glass Manufacturing LLC (Omzest);Verre decoratif;omzest.com;dgm@omzest.com;;Filiale du groupe Omzest. Relance courte le 06/10, lots 7 et 8.;RELANCE 2026-10-06
Oman;OM;Salalah, Raysut;Dhofar Glass;Transformation de verre trempé, feuilleté et isolant;dhofarglass.com;info@dhofarglass.com;+968 9314 1001;Lignes de trempe, feuilletage et vitrage isolant, proximité du port de Salalah. Port Salalah, envoi en arabe. Relance courte le 06/10, lots 7 et 8.;RELANCE 2026-10-06
Oman;OM;—;Al Aliyat Glass Factory;Transformation;;;+968 93021153;À qualifier. Qualifie le 07/10 : bend glass, fibre, brique de verre, bardage verre, feuillete. Contact cite Zahar Al Jafri, fonction non verifiee donc pas de nom dans le message. Aucune adresse publiee : a appeler.;A APPELER
Oman;OM;—;Gulf Glass Co LLC;Négoce verre, profilés alu, façade;gulfglassoman.com;info@gulfglassoman.com;+968 2445 0611;Négociant : cible conteneur complet. Relance courte le 06/10, lots 7 et 8.;RELANCE 2026-10-06
Oman;OM;—;Sunrise Technical Glass LLC;Biseautage, polissage, perçage, trempe, double vitrage;sunriseglass.me;info@sunriseglass.me;+968 9989 1771;Façonnage complet : consomme du float brut. Relance courte le 06/10, lots 7 et 8.;RELANCE 2026-10-06
Ouganda;UG;Kampala (Industrial Area);Shibaam Uganda Ltd;Feuillete, trempe, isolant, bombe, float;shibaamuganda.com;shibaamproducts@gmail.com;+256 708 155 923;Pays enclave : transit par Mombasa. 7th Street, SMS House. Pays enclave : port Mombasa puis route. Envoi en anglais. Relance courte le 06/10, lots 7 et 8. ERREUR DE MA PART LE 08/10 : troisieme message envoye alors que la fiche etait deja a RELANCE 2026-10-06, soit deux jours plus tot. Cause : registre verifie APRES l envoi et non avant, contrairement au paragraphe 5. Rien a rattraper, le message est parti. NE PLUS RIEN ENVOYER avant janvier 2027. Si une reponse agacee arrive, elle vient de la, pas du contenu. ZONE EST-AFRICAINE DECLASSEE LE 08/10, SUR UN FAIT VERIFIE. Sapphire Float Glass, a Mkuranga en Tanzanie, capital chinois, est EN PRODUCTION : capacite 700 tonnes par jour soit 189 000 tonnes par an, production effective de 450 tonnes par jour en mai 2024 selon la ministre tanzanienne Ashatu Kijaji citee par Xinhua. Et elle EXPORTE DEJA vers Madagascar, le Burundi, la Zambie, le Rwanda, la RDC et l Afrique du Sud, avec une part export donnee entre 60 et 80 pour cent selon les sources. Une seconde ligne de 500 t/jour etait annoncee, etat non confirme. Confirmation indirecte et forte : PFG a obtenu en janvier 2026 des droits antidumping provisoires sud-africains contre le float tanzanien — on ne se defend pas contre un concurrent negligeable. CONSEQUENCE : l argument de l absence de production locale est FAUX dans toute cette zone, et il avait deja ete rattrape pour le Kenya le matin meme. La campagne y a investi 39 fiches pour zero commande, et je l attribuais au ciblage ou au message : c est au moins en partie le marche. CONDUITE : ne plus ouvrir de fiches dans la zone, ne pas y investir d effort de relance, et ne garder que ce que Sapphire ne fait pas — low-E, miroir sans cuivre ni plomb, vitrage technique, grands formats. Si une relance part malgre tout, elle porte sur ces references et sur rien d autre.;RELANCE 2026-10-08
Ouganda;UG;Kampala (Katalemwa Estate, Gayaza Road);Luxury Aluminium & Glass Solutions Ltd;Fabrication aluminium et pose verriere;luxuryaluminiumglass.com;luxuryaluminium21@gmail.com;+256 776 546 663;Fabricant-poseur : le verre est le poste le plus lourd et celui qui bloque un chantier. Pays enclave, transit via Mombasa. Adresse gmail publiee sur leur propre site, notee au titre de la regle anti-rebond. Envoi 07/10. ZONE EST-AFRICAINE DECLASSEE LE 08/10, SUR UN FAIT VERIFIE. Sapphire Float Glass, a Mkuranga en Tanzanie, capital chinois, est EN PRODUCTION : capacite 700 tonnes par jour soit 189 000 tonnes par an, production effective de 450 tonnes par jour en mai 2024 selon la ministre tanzanienne Ashatu Kijaji citee par Xinhua. Et elle EXPORTE DEJA vers Madagascar, le Burundi, la Zambie, le Rwanda, la RDC et l Afrique du Sud, avec une part export donnee entre 60 et 80 pour cent selon les sources. Une seconde ligne de 500 t/jour etait annoncee, etat non confirme. Confirmation indirecte et forte : PFG a obtenu en janvier 2026 des droits antidumping provisoires sud-africains contre le float tanzanien — on ne se defend pas contre un concurrent negligeable. CONSEQUENCE : l argument de l absence de production locale est FAUX dans toute cette zone, et il avait deja ete rattrape pour le Kenya le matin meme. La campagne y a investi 39 fiches pour zero commande, et je l attribuais au ciblage ou au message : c est au moins en partie le marche. CONDUITE : ne plus ouvrir de fiches dans la zone, ne pas y investir d effort de relance, et ne garder que ce que Sapphire ne fait pas — low-E, miroir sans cuivre ni plomb, vitrage technique, grands formats. Si une relance part malgre tout, elle porte sur ces references et sur rien d autre.;ENVOYE 2026-10-07
Ouganda;UG;Kampala (Mutundwe ou Nalukolongo);Prayosha Enterprises Ltd;Usine de verre trempe;;;;Usine de trempe inauguree vers 2019 et presentee par la presse ougandaise comme la premiere d Afrique de l Est. Deux localisations contradictoires selon les sources et aucune coordonnee. Verifier qu elle fonctionne toujours avant tout contact. ZONE EST-AFRICAINE DECLASSEE LE 08/10, SUR UN FAIT VERIFIE. Sapphire Float Glass, a Mkuranga en Tanzanie, capital chinois, est EN PRODUCTION : capacite 700 tonnes par jour soit 189 000 tonnes par an, production effective de 450 tonnes par jour en mai 2024 selon la ministre tanzanienne Ashatu Kijaji citee par Xinhua. Et elle EXPORTE DEJA vers Madagascar, le Burundi, la Zambie, le Rwanda, la RDC et l Afrique du Sud, avec une part export donnee entre 60 et 80 pour cent selon les sources. Une seconde ligne de 500 t/jour etait annoncee, etat non confirme. Confirmation indirecte et forte : PFG a obtenu en janvier 2026 des droits antidumping provisoires sud-africains contre le float tanzanien — on ne se defend pas contre un concurrent negligeable. CONSEQUENCE : l argument de l absence de production locale est FAUX dans toute cette zone, et il avait deja ete rattrape pour le Kenya le matin meme. La campagne y a investi 39 fiches pour zero commande, et je l attribuais au ciblage ou au message : c est au moins en partie le marche. CONDUITE : ne plus ouvrir de fiches dans la zone, ne pas y investir d effort de relance, et ne garder que ce que Sapphire ne fait pas — low-E, miroir sans cuivre ni plomb, vitrage technique, grands formats. Si une relance part malgre tout, elle porte sur ces references et sur rien d autre.;A QUALIFIER
Ouganda;UG;Kampala (Nakawa, Kampala-Jinja Highway);Modern Glass Impex (U) Ltd;Transformation verriere et fabrication de verre feuillete;modernglassuganda.com;info.mgiug@gmail.com;;FEUILLETEUR : une ligne de feuilletage consomme le float par paires optiquement coherentes, donc impossible d acheter au coup par coup. Plot 48/50. Pays enclave, transit via Mombasa. Adresse gmail publiee par la societe sur son propre site, notee au titre de la regle anti-rebond. Envoi 07/10. ZONE EST-AFRICAINE DECLASSEE LE 08/10, SUR UN FAIT VERIFIE. Sapphire Float Glass, a Mkuranga en Tanzanie, capital chinois, est EN PRODUCTION : capacite 700 tonnes par jour soit 189 000 tonnes par an, production effective de 450 tonnes par jour en mai 2024 selon la ministre tanzanienne Ashatu Kijaji citee par Xinhua. Et elle EXPORTE DEJA vers Madagascar, le Burundi, la Zambie, le Rwanda, la RDC et l Afrique du Sud, avec une part export donnee entre 60 et 80 pour cent selon les sources. Une seconde ligne de 500 t/jour etait annoncee, etat non confirme. Confirmation indirecte et forte : PFG a obtenu en janvier 2026 des droits antidumping provisoires sud-africains contre le float tanzanien — on ne se defend pas contre un concurrent negligeable. CONSEQUENCE : l argument de l absence de production locale est FAUX dans toute cette zone, et il avait deja ete rattrape pour le Kenya le matin meme. La campagne y a investi 39 fiches pour zero commande, et je l attribuais au ciblage ou au message : c est au moins en partie le marche. CONDUITE : ne plus ouvrir de fiches dans la zone, ne pas y investir d effort de relance, et ne garder que ce que Sapphire ne fait pas — low-E, miroir sans cuivre ni plomb, vitrage technique, grands formats. Si une relance part malgre tout, elle porte sur ces references et sur rien d autre.;ENVOYE 2026-10-07
Ouganda;UG;Kampala (R-Plaza, 7th street Industrial Area);RAMP Enterprises Ltd;Import-export de verre float;rampenterprise.com;ramp.enter@gmail.com;;IMPORTATEUR DE FLOAT DECLARE : cible prioritaire. Aucune adresse publiee. Adresse publiee dans les annuaires ougandais. Entrepot Mulwana Road. Transit Mombasa. Complement du 08/10 pour l appel : leur propre site se presente comme importateur-exportateur de float depuis plusieurs pays dont la Chine et l Inde. Donc concurrence chinoise frontale et acheteur deja rompu au conteneur. Argumenter sur ce que la Chine fournit mal a cette distance plutot que sur le prix. Autres numeros releves +256 759 282323 et +256 757 777900. ZONE EST-AFRICAINE DECLASSEE LE 08/10, SUR UN FAIT VERIFIE. Sapphire Float Glass, a Mkuranga en Tanzanie, capital chinois, est EN PRODUCTION : capacite 700 tonnes par jour soit 189 000 tonnes par an, production effective de 450 tonnes par jour en mai 2024 selon la ministre tanzanienne Ashatu Kijaji citee par Xinhua. Et elle EXPORTE DEJA vers Madagascar, le Burundi, la Zambie, le Rwanda, la RDC et l Afrique du Sud, avec une part export donnee entre 60 et 80 pour cent selon les sources. Une seconde ligne de 500 t/jour etait annoncee, etat non confirme. Confirmation indirecte et forte : PFG a obtenu en janvier 2026 des droits antidumping provisoires sud-africains contre le float tanzanien — on ne se defend pas contre un concurrent negligeable. CONSEQUENCE : l argument de l absence de production locale est FAUX dans toute cette zone, et il avait deja ete rattrape pour le Kenya le matin meme. La campagne y a investi 39 fiches pour zero commande, et je l attribuais au ciblage ou au message : c est au moins en partie le marche. CONDUITE : ne plus ouvrir de fiches dans la zone, ne pas y investir d effort de relance, et ne garder que ce que Sapphire ne fait pas — low-E, miroir sans cuivre ni plomb, vitrage technique, grands formats. Si une relance part malgre tout, elle porte sur ces references et sur rien d autre.;ENVOYE 2026-10-06
Ouganda;UG;Kampala, zone industrielle;Casements Africa Limited;Fabrication de façades aluminium et verre;casements.co.ug;sales@casements.co.ug;+256 752 700700;Usine à Kampala et plus de 500 projets annoncés en Afrique de l'Est. Transit via Mombasa. Port via Mombasa, envoi en anglais. Relance courte le 06/10, lots 7 et 8. ZONE EST-AFRICAINE DECLASSEE LE 08/10, SUR UN FAIT VERIFIE. Sapphire Float Glass, a Mkuranga en Tanzanie, capital chinois, est EN PRODUCTION : capacite 700 tonnes par jour soit 189 000 tonnes par an, production effective de 450 tonnes par jour en mai 2024 selon la ministre tanzanienne Ashatu Kijaji citee par Xinhua. Et elle EXPORTE DEJA vers Madagascar, le Burundi, la Zambie, le Rwanda, la RDC et l Afrique du Sud, avec une part export donnee entre 60 et 80 pour cent selon les sources. Une seconde ligne de 500 t/jour etait annoncee, etat non confirme. Confirmation indirecte et forte : PFG a obtenu en janvier 2026 des droits antidumping provisoires sud-africains contre le float tanzanien — on ne se defend pas contre un concurrent negligeable. CONSEQUENCE : l argument de l absence de production locale est FAUX dans toute cette zone, et il avait deja ete rattrape pour le Kenya le matin meme. La campagne y a investi 39 fiches pour zero commande, et je l attribuais au ciblage ou au message : c est au moins en partie le marche. CONDUITE : ne plus ouvrir de fiches dans la zone, ne pas y investir d effort de relance, et ne garder que ce que Sapphire ne fait pas — low-E, miroir sans cuivre ni plomb, vitrage technique, grands formats. Si une relance part malgre tout, elle porte sur ces references et sur rien d autre.;RELANCE 2026-10-06
Ouganda;UG;Kampala, zone industrielle;Tile Centre Limited;Fabrication de verre trempé et feuilleté;tilecentre.co.ug;info@tilecentre.co.ug;+256 414 348232;Unité de fabrication de verre trempé et feuilleté. Transit via Mombasa. Port via Mombasa, envoi en anglais. Relance courte le 06/10, lots 7 et 8. ALIAS COMMERCIAL identifie le 08/10 : la societe opere aussi sous le nom Vinco Glass (site vincotcl.com, Plot 91/93 Sixth Street Industrial Area). Se presente comme le seul producteur de verre feuillete d Ouganda. Alias note pour qu une recherche sur Vinco ne cree pas une fiche en double. ZONE EST-AFRICAINE DECLASSEE LE 08/10, SUR UN FAIT VERIFIE. Sapphire Float Glass, a Mkuranga en Tanzanie, capital chinois, est EN PRODUCTION : capacite 700 tonnes par jour soit 189 000 tonnes par an, production effective de 450 tonnes par jour en mai 2024 selon la ministre tanzanienne Ashatu Kijaji citee par Xinhua. Et elle EXPORTE DEJA vers Madagascar, le Burundi, la Zambie, le Rwanda, la RDC et l Afrique du Sud, avec une part export donnee entre 60 et 80 pour cent selon les sources. Une seconde ligne de 500 t/jour etait annoncee, etat non confirme. Confirmation indirecte et forte : PFG a obtenu en janvier 2026 des droits antidumping provisoires sud-africains contre le float tanzanien — on ne se defend pas contre un concurrent negligeable. CONSEQUENCE : l argument de l absence de production locale est FAUX dans toute cette zone, et il avait deja ete rattrape pour le Kenya le matin meme. La campagne y a investi 39 fiches pour zero commande, et je l attribuais au ciblage ou au message : c est au moins en partie le marche. CONDUITE : ne plus ouvrir de fiches dans la zone, ne pas y investir d effort de relance, et ne garder que ce que Sapphire ne fait pas — low-E, miroir sans cuivre ni plomb, vitrage technique, grands formats. Si une relance part malgre tout, elle porte sur ces references et sur rien d autre.;RELANCE 2026-10-06
Ouganda;UG;Kampala;Ahmad Glazing Uganda Ltd;Feuillete trempe float et miroir;;;+256 707 922403;PRUDENCE : la page de la societe decrit un fabricant base en Chine et affiche un numero WeChat en +86. Probable vitrine d un fournisseur chinois plutot qu un transformateur ougandais. La Chine etant exclue au paragraphe 6 comme source, ne pas demarcher avant d avoir etabli qui est reellement en face. ZONE EST-AFRICAINE DECLASSEE LE 08/10, SUR UN FAIT VERIFIE. Sapphire Float Glass, a Mkuranga en Tanzanie, capital chinois, est EN PRODUCTION : capacite 700 tonnes par jour soit 189 000 tonnes par an, production effective de 450 tonnes par jour en mai 2024 selon la ministre tanzanienne Ashatu Kijaji citee par Xinhua. Et elle EXPORTE DEJA vers Madagascar, le Burundi, la Zambie, le Rwanda, la RDC et l Afrique du Sud, avec une part export donnee entre 60 et 80 pour cent selon les sources. Une seconde ligne de 500 t/jour etait annoncee, etat non confirme. Confirmation indirecte et forte : PFG a obtenu en janvier 2026 des droits antidumping provisoires sud-africains contre le float tanzanien — on ne se defend pas contre un concurrent negligeable. CONSEQUENCE : l argument de l absence de production locale est FAUX dans toute cette zone, et il avait deja ete rattrape pour le Kenya le matin meme. La campagne y a investi 39 fiches pour zero commande, et je l attribuais au ciblage ou au message : c est au moins en partie le marche. CONDUITE : ne plus ouvrir de fiches dans la zone, ne pas y investir d effort de relance, et ne garder que ce que Sapphire ne fait pas — low-E, miroir sans cuivre ni plomb, vitrage technique, grands formats. Si une relance part malgre tout, elle porte sur ces references et sur rien d autre.;A QUALIFIER
Ouganda;UG;Kampala;Glass Mart Uganda;Negoce de detail verre miroirs mastic et silicone;;;+256 776 608264;ECARTE : commerce de detail, ni trempe ni float, volumes sans rapport avec un conteneur complet. Conservee pour ne pas etre reprospectee. ZONE EST-AFRICAINE DECLASSEE LE 08/10, SUR UN FAIT VERIFIE. Sapphire Float Glass, a Mkuranga en Tanzanie, capital chinois, est EN PRODUCTION : capacite 700 tonnes par jour soit 189 000 tonnes par an, production effective de 450 tonnes par jour en mai 2024 selon la ministre tanzanienne Ashatu Kijaji citee par Xinhua. Et elle EXPORTE DEJA vers Madagascar, le Burundi, la Zambie, le Rwanda, la RDC et l Afrique du Sud, avec une part export donnee entre 60 et 80 pour cent selon les sources. Une seconde ligne de 500 t/jour etait annoncee, etat non confirme. Confirmation indirecte et forte : PFG a obtenu en janvier 2026 des droits antidumping provisoires sud-africains contre le float tanzanien — on ne se defend pas contre un concurrent negligeable. CONSEQUENCE : l argument de l absence de production locale est FAUX dans toute cette zone, et il avait deja ete rattrape pour le Kenya le matin meme. La campagne y a investi 39 fiches pour zero commande, et je l attribuais au ciblage ou au message : c est au moins en partie le marche. CONDUITE : ne plus ouvrir de fiches dans la zone, ne pas y investir d effort de relance, et ne garder que ce que Sapphire ne fait pas — low-E, miroir sans cuivre ni plomb, vitrage technique, grands formats. Si une relance part malgre tout, elle porte sur ces references et sur rien d autre.;ECARTE — PETITE STRUCTURE
Ouzbékistan;UZ;Tachkent;AKFA Group;Profiles PVC et aluminium, fenetres, materiaux de construction;akfa.uz;info@akfagroup.com;+998 71 203 0000;Un des plus gros groupes prives ouzbeks, gros consommateur de verre. Pays enclave, transit via Poti ou Bandar Abbas. 2 rue Makhtumkuli, Tachkent. Pays enclave : conteneur ferroviaire. Envoi en russe. Relance courte le 06/10 : une seule question posee (la reference et l'epaisseur la plus achetee) contre un prix ferme sous 48h, et sortie offerte en repondant non.;RELANCE 2026-10-06
Ouzbékistan;UZ;Tachkent;Texnoinvest-ST;Production et transformation de verre plat, menuiserie et facades;texnoinvest.uz;info@texnoinvest.uz;+998 71 295 77 71;Se presente comme une entreprise de premier plan en Ouzbekistan pour la production et la transformation de verre plat. Acheteur de substrat. Pays enclave : rail conteneur via Aktau ou Poti. Argument du calage pense pour le long trajet terrestre. Mini-mail sur mesure RU Relance 08/10, deuxieme tranche, format court a une seule question plus porte de sortie. Delivrabilite deja prouvee par l envoi du debut octobre. Angle logistique propre a leur route : apres la jambe maritime par Aktau ou Poti il reste mille kilometres de terre, donc le calage compte plus chez eux que presque partout ailleurs. Ecrit en anglais avec proposition explicite de passer au russe.;RELANCE 2026-10-08
Pakistan;PK;Islamabad, Islamabad Highway;GreenTech Glass;Transformation industrielle de verre architectural;greentechglass.com;info@greentechglass.com;+92 51 5165800;Usine équipée LiSEC et Bottero avec bureaux à Lahore et Karachi, cibler Low-E et jumbo. Port Karachi, envoi en anglais. Relance courte le 06/10, lots 7 et 8.;RELANCE 2026-10-06
Pakistan;PK;Islamabad, Rawat RCCI Industrial Estate;Madina Glass Processing;Transformation de verre trempé, feuilleté et isolant;mgp.com.pk;info.glassplus.pak@gmail.com;+92 51 4499270;Deux unités à Sargodha et Islamabad, cinq fours de trempe et trois autoclaves annoncés. Port Karachi, envoi en anglais. Relance 08/10 une seule question plus porte de sortie. Controle MX impossible : resolveur DNS de la session hors service. Regle anti-rebond satisfaite et adresse ayant deja recu un envoi en septembre sans rebond. Angle substrat pour cinq fours et trois autoclaves, Karachi.;RELANCE 2026-10-08
Pakistan;PK;Karachi;J. Johar & Company;Float, briques de verre, reflechissant, arme et imprime;;;;Negociant generaliste. Aucune adresse publiee.;A APPELER
Pakistan;PK;Lahore (Model Town);Tariq Glass Industries;Producteur de float et de verrerie;;;;PRODUCTEUR DE FLOAT : concurrent sur le float clair, ne pas demarcher dessus.;NE PAS DEMARCHER
Pakistan;PK;Lahore, Farooq Industrial Estate;Harris Silicones & Glass (Pvt.) Ltd.;Transformation de verre trempé et isolant;harris.com.pk;info@harris.com.pk;+92 42 35950324;Trempe grand format et ligne automatique de vitrage isolant à argon, cibler float et Low-E. Port Karachi, envoi en anglais. Relance courte le 06/10, lots 7 et 8.;RELANCE 2026-10-06
Pakistan;PK;Lahore, Gulistan Colony;AD Tempered Glass;Transformation de verre trempé et façonné;adtemperedglass.com;info@adtemperedglass.com;+92 321 7256559;Nouvelle installation de trempe, transforme du verre local et importé. Port Karachi, envoi en anglais. Relance courte le 06/10 : une seule question posee (la reference et l'epaisseur la plus achetee) contre un prix ferme sous 48h, et sortie offerte en repondant non.;RELANCE 2026-10-06
Pakistan;PK;Lahore, Johar Town;Al-Fattah Toughened Glass Industries;Transformation de verre trempé et aluminium;al-fattah.com;info@al-fattah.com;+92 340 0005600;Installation européenne de trempe, cibler float et verre à couches. Port Karachi, envoi en anglais. Relance courte le 06/10, lots 7 et 8.;RELANCE 2026-10-06
Pakistan;PK;Lahore;ZSons Group Pakistan;Importateur et exportateur exclusif de verre;zsonsgroup.com;info@zsonsgroup.com;+92 333 337 9594;IMPORTATEUR-EXPORTATEUR DECLARE : travaille deja au conteneur. Adresse relevee sur sa page officielle, domaine non recoupe dans les URL : surveiller un eventuel rebond. Port Karachi ou Qasim.;ENVOYE 2026-10-06
Panama;PA;Colon;Vidralum S.A.;Verre trempe et accessoires inox, portes de douche;;;+507 442 8833;FICHE CREEE LE 08/10. Grep fait AVANT creation : aucune fiche Vidralum au registre. Societe trouvee en verifiant la fiche Vidral Panama, dont elle est DISTINCTE — ne pas les confondre, c est le piege de cette serie de noms. Implantee a COLON, ce qui est le point interessant : c est la ville de la zone franche, et la campagne du 08/10 y avait fait zero envoi faute de coordonnees. Un annuaire panameen donne le +507 442-8833 sans adresse postale, et une base de donnees commerciale annonce 2,7 millions de dollars de chiffre d affaires, chiffre non verifiable et a ne pas reprendre comme un fait. Leur seul produit documente est une porte de douche en verre trempe de 6 mm avec accessoires inox, vue sur un site de mise en relation du batiment panameen, avec la mention Origine Panama. AUCUN SITE PROPRE TROUVE, donc aucune adresse e-mail possible sans violer le paragraphe 5. Prochaine action : appel sur le +507 442-8833, etablir s ils importent et demander une adresse.;A APPELER
Panama;PA;Colon;Vidrios y Ventanas Morcillo;Travail du verre des miroirs et de l aluminium;vidriosyventanasmorcillo.com;vidriosyventanasmorcillo@hotmail.com;;Seule societe verriere reperee dont les donnees structurees indiquent la localite de Colon, donc la seule piste trouvee dans la zone franche. Aucun contact dans les resultats. A qualifier. ADRESSE TROUVEE LE 08/10 ET FICHE DECLASSEE QUAND MEME, parce que la trouver ne la rend pas pertinente. vidriosyventanasmorcillo arobase hotmail.com est publiee dans la section contact de leur propre site : l exception du paragraphe 5 s applique, le domaine de l adresse differant de celui du site, et elle est reguliere puisque la societe la publie elle-meme. L adresse est donc conservee en fiche. MAIS LE PROFIL NE COLLE PAS AU CONTENEUR : ils se decrivent comme CONCEPTION ET INSTALLATION de vidrios, miroirs, aluminium et agglomere, fenetres, portes et mobilier, environ vingt ans de metier, avenue Centenarios Final et avenue Herrera a Panama. Une adresse hotmail, trois mobiles 507 66177996, 507 66137148 et 507 9968580 dont le dernier a un chiffre de moins, et aucun fixe : c est un poseur-agenceur de ville, pas un importateur. Un conteneur complet de float n a pas de sens a cette echelle et le lui proposer nous classerait. A RECONSIDERER seulement s ils se declarent eux-memes importateurs.;ECARTE — PETITE STRUCTURE
Panama;PA;Panama (Via Ricardo J. Alfaro, Tumba Muerto, Plaza Edison);Vidral Panama S.A.;Importation de verre de securite et de quincaillerie;;;504-4528 et 504-4460;IMPORTATEUR DECLARE. Aucune adresse publiee. ENRICHIE LE 08/10 PAR UNE SOURCE OFFICIELLE, ET LE NOM EST CONFIRME. La methode en deux temps n a pas rendu de site, mais le REGISTRE DES ENTREPRISES DU PANAMA, Panama Emprende, liste bien VIDRAL PANAMA S.A. a la via Ricardo J. Alfaro dite Tumba Muerto, Plaza Edison, avec les telephones 504-4528 et 504-4460. La fiche n avait ni adresse ni numero : elle est desormais appelable. C est une source publique officielle, pas un annuaire commercial ni un courtier de donnees. PIEGE DE HOMONYMIE ECARTE, et il etait serieux : une recherche sur Vidral seul remonte VIDRAL GUATEMALA, societe differente a San Jose Pinula, et une recherche sur Vidralum remonte des societes du Chili, d Espagne, du Mexique, du Perou et de Colombie qui n ont rien a voir. Ne jamais prendre une coordonnee Vidralum pour celle de cette fiche. A SIGNALER AUSSI : importgenius est remonte sur cette recherche, c est un courtier de releves d importation, donc exclu par le paragraphe 5, et rien n en a ete repris. Prochaine action : appel sur le 504-4528, demander une adresse e-mail aux achats.;A APPELER
Panama;PA;Panama;AGlass Panamá S.A.;Verre;aglasspanama.com;info@aglasspanama.com;+507 6273 0983;Meme angle geographique que INVEFA. MX Google OK. Envoi 07/10 en espagnol sans signature. Ports Colon ou Balboa.;ENVOYE 2026-10-07
Panama;PA;Panama;Arquitectura en Vidrio;Fourniture, pose et gestion d ouvrages verre et aluminium;arquitecturaenvidrio.com;arquitecturaenvidriosa@gmail.com;;GESTIONNAIRE DE LOT : qui gere le suivi porte le risque de delai et de prix de la feuille. Adresse gmail publiee sur leur propre site, notee au titre de la regle anti-rebond. Envoi 07/10 en espagnol sans signature : float, trempe, Low-E, vitrage technique. Ports Colon ou Balboa.;ENVOYE 2026-10-07
Panama;PA;Panama;EXTRALUM Panama;Verre et aluminium, filiale du groupe Extralum;extralum.com.pa;ventas@extralum.com.pa;+507 233 9700;Filiale panameenne du groupe Extralum. Port Colon ou Balboa, envoi en espagnol. Relance courte le 06/10, lots 7 et 8.;RELANCE 2026-10-06
Panama;PA;Panama;INTERGLASS Panama;Verre aluminium miroirs et acier;;;;Presence commerciale uniquement sur Instagram, aucune adresse. NE PAS CONFONDRE avec Interglass au Chili ni avec Interglass USA, deja au registre et sans lien. A qualifier.;A QUALIFIER
Panama;PA;Panama;INVEFA Panamá;Fourniture et pose d infrastructures aluminium et verre, plus de quinze ans;invefapanama.com;ventas@invefapanama.com;+507 273 0708;ANGLE PANAMA : le pays est la porte d entree logistique de la region, donc un acheteur panameen est au port et non au bout d une chaine de transbordements. Avantage quasiment jamais exploite sur le verre. MX Google OK. Envoi 07/10 en espagnol sans signature : float, trempe, Low-E, miroir sans cuivre. Ports Colon ou Balboa.;ENVOYE 2026-10-07
Panama;PA;Panama;Importadora de Vidrios y Espejos del Cid;Importation et negoce de verre plat;;;;IMPORTATEUR DECLARE. Aucune adresse publiee.;A APPELER
Panama;PA;Ville de Panama (Rio Abajo);Grupo Kefren;Verre brut, feuillete, trempe et isolant, facades;grupokefren.com;kefren@grupokefren.com;;Facades verre : viser le feuillete et le vitrage isolant. Lot Panama vers Colon. Relance courte le 06/10, lots 7 et 8.;RELANCE 2026-10-06
Panama;PA;Ville de Panama;Vidrios Especiales;Trempe et feuillete, menuiserie alu, accessoires verre;vidriosespecialespty.com;info@vidriosespecialespty.com;+507 6130 2604;Lot Panama en copie cachee vers Colon (Manzanillo). Envoi en espagnol. Relance courte le 06/10, lots 7 et 8.;RELANCE 2026-10-06
Panama;PA;Ville de Panama;Vidrios y Mas;Fabrication et vente de verre et miroirs sur mesure;vidriosymaspa.com;consultas@vidriosymaspa.com;+507 6487 2398;Aucune adresse publiee, seulement un portable. Profil sur mesure donc taille a verifier avant tout effort. A appeler. DEVERROUILLEE LE 08/10 : consultas arobase vidriosymaspa.com est publiee sur leur site, domaine identique, regle anti-rebond satisfaite. Mobile +507 64872398. Adresse Rio Abajo calle 14 sur la Via Espana, edificio Plastico Mundial, galerie 13, Panama. Horaires 8h-17h en semaine, 8h-13h le samedi. RESERVE DE TAILLE A ASSUMER : une boutique dans une galerie commerciale, avec un mobile pour seul numero, est une structure modeste, et le Panama a ete prospecte sans succes sur la zone franche de Colon. L adresse est sur le domaine de la societe, ce qui la distingue d un compte gmail personnel, et c est ce qui justifie de ne pas l ecarter comme Santurce Glass le meme jour. Mais la fiche part en DERNIER du lot du 09/10, et sans y mettre d effort de redaction particulier. ENVOI programme le 09/10 en espagnol. Port Balboa ou Colon. Prochaine action : envoyer le 09/10, en dernier.;A ENVOYER 2026-10-09
Panama;PA;Zone libre de Colón;— marché prospecté sans résultat;Recherche de distributeurs de verre plat en zone franche;;;;RECHERCHE DU 07/10 SANS RESULTAT : la zone libre de Colon est le premier hub de reexport des Ameriques et dessert l Amerique centrale, l Amerique du Sud et les Caraibes, mais aucune societe de verre plat n y est identifiable par les moteurs. Piste a reprendre par les annuaires camaracolon.com et colonfreezone.com, ou par appel a la chambre de commerce au +507 474 6780.;A QUALIFIER
Papouasie-Nouvelle-Guinée;PG;Port Moresby (Waigani);Quality Glass & Aluminium;Fourniture et pose de verre et d aluminium;qualityglassaluminium.com;csuckling@qualitygroup.com.pg;;Filiale du Quality Group, principal fournisseur verre-aluminium de Port Moresby. Port Port Moresby ou Lae, envoi en anglais. Relance courte le 06/10, lot final. ACCUSE AUTOMATIQUE 06/10 14h51 : ils indiquent eux-memes l'adresse du service commercial reception_sales arobase qualitygroup.com.pg. A utiliser des demain, pas le meme jour. REFUS 06/10 23h01 de Caroline Suckling, Sales and Marketing Executive, fonction verifiee : We are fine at the moment. Un dernier message envoye le 07/10 avec angle prix et engagement explicite a ne plus relancer. NE PLUS RECONTACTER sauf si elle revient.;REFUS 2026-10-06
Paraguay;PY;Asunción (Av. Rodriguez de Francia 1423);La Economia S.M.C.;Importation et vente de verre;;;;Listee comme importatrice de verre dans l annuaire des PME paraguayennes. Aucune coordonnee exploitable. Transit Montevideo. A qualifier avant tout contact.;A QUALIFIER
Paraguay;PY;Asunción (Avda. Defensores del Chaco);Vidrieria TEMPLAR — Templados del Paraguay;Verre trempe et negoce verrier;templar.com.py;info@templar.com.py;+595 21 326 97 55;Trempeur donc acheteur de substrat. Aucune adresse publiee dans les resultats et fiche annuaire ancienne. Transit par Montevideo. A appeler. ADRESSE TROUVEE LE 08/10 MAIS LA FICHE EST A DECLASSER, ET IL FAUT LE DIRE PLUTOT QUE D ENVOYER POUR FAIRE DU CHIFFRE. info arobase templar.com.py est bien publiee sur leur site, domaine identique, donc l envoi serait regulier. Le probleme est ailleurs : leur propre site les presente comme DISTRIBUTEUR OFFICIEL DE LA MARQUE BLINDEX au Paraguay, avec quinze ans de vente et de POSE de verre trempe Blindex. Or Blindex est la marque de trempe d AGPAR, une autre fiche de ce registre. Templar achete donc du trempe fini en local, a un transformateur paraguayen, et n importe pas de substrat. Un conteneur complet de float n a aucun sens pour eux : ce sont un poseur-revendeur, pas un importateur. A NOTER AUSSI : la page d accueil affiche une adresse a New York et un mail arobase example.com, texte de gabarit non modifie. Les coordonnees reelles sont Defensores del Chaco angle Teniente Lopez a Asuncion et +595 981 229 120. Prochaine action : aucune sur cette campagne. A reconsiderer seulement s ils confirment acheter du verre brut. RECHERCHE DU 08/10 APRES-MIDI : elle ne fait que confirmer le declassement deja ecrit ce matin. Leur site se declare distributeur officiel Blindex au Paraguay avec plus de quinze ans de metier, et l anomalie de gabarit est confirmee, la page d accueil portant une adresse et un telephone de New York. Rien de neuf : la fiche reste declassee, ils achetent du trempe fini en local a AGPAR et non du substrat.;A QUALIFIER
Paraguay;PY;Asunción;AGPAR — Agencia Paraguaya de Representaciones S.A.;Importation et negoce de verre plat, fabrication de trempe feuillete et double vitrage;agpar.com.py;marketing@agparsa.com.py;;IMPORTATEUR-NEGOCIANT ET TRANSFORMATEUR : tres bon profil conteneur. Aucune adresse publiee, le site ne presente qu un acces messagerie : a appeler. Transit via Montevideo. Complement du 08/10 pour l appel : premiere societe paraguayenne certifiee pour fabriquer du verre trempe sous la marque Blindex, avec licence ONC de l organisme national de normalisation. Fait trempe ET importation-negoce de verre plat : c est la meilleure porte d entree du Paraguay. Son site repond par une page de connexion Zimbra donc aucune adresse exploitable : appel obligatoire. DEVERROUILLEE LE 08/10, ET C EST LA PREMIERE ADRESSE EXPLOITABLE DU PARAGUAY. Rappel de la mesure du 08/10 : zero envoi sur sept societes paraguayennes reelles, faute de coordonnees. Celle-ci casse le blocage. EXCEPTION DU PARAGRAPHE 5 A NOTER : le domaine de l adresse, agparsa.com.py, differe de celui du site, agpar.com.py. L envoi n est autorise que parce que la societe publie elle-meme cette adresse dans la rubrique contacts de son propre site. Reserve a garder : marketing n est pas les achats, le message devra demander explicitement a etre transmis. FAIT CENTRAL ET IL CHANGE L ANGLE : leur site annonce qu ils sont la PREMIERE SOCIETE PARAGUAYENNE CERTIFIEE pour fabriquer du verre trempe, sous la marque BLINDEX TEMPLADO. Un trempeur achete du substrat en continu, ce n est plus un simple negociant. Siege Hernandarias 731 entre Haedo et Humaita. CINQ IMPLANTATIONS confirmees : Capiata sur deux sites, Ciudad del Este km 8 et demi Acaray, Fernando de la Mora, Encarnacion. Standard 595 21 238 2020. Gamme large au-dela du verre : profiles aluminium, ACM, laine de verre, Fibrolit, construction seche. ENVOI NON ENCORE FAIT : rebond 5.7.1 forte probabilite de spam ce matin, le paragraphe 10 arrete les envois a froid pour la journee. PRIORITE NUMERO UN DU LOT DU 09/10, en espagnol. Pays enclave : transit via Montevideo. Prochaine action : envoyer le 09/10 en premier.;A ENVOYER 2026-10-09
Paraguay;PY;Asunción;Belglass;Fabrication de verre trempe, industrie nationale paraguayenne;belglass.com.py;ventas@belglass.com.py;+595 983 601 006;TREMPEUR EN PAYS ENCLAVE : four exigeant une reference constante, et chaque feuille entre par Montevideo puis remonte. Ce troncon est dans le prix de la feuille. MX OK. Envoi 07/10 en espagnol sans signature. Transit via Montevideo.;ENVOYE 2026-10-07
Paraguay;PY;Asunción;Casa Barrios e Hijos SA;Verre, trempe, mamparas et portes tournantes;casabarrios.com;ventas@casabarrios.com;+595 981 429155;REBOND 24/09 : le domaine casabarrios.com.py n existe pas, essayer casabarrios.com ou appeler. Pays enclave, transit via Montevideo ou Buenos Aires. DEVERROUILLEE LE 08/10, TROISIEME ADRESSE PARAGUAYENNE. ventas arobase casabarrios.com est publiee sur leur propre site, domaine identique, regle anti-rebond satisfaite. C est une adresse de service commercial, donc le bon canal. Leur titre de page annonce verres, trempes, mamparas et portes tournantes, et le corps du site parle d une longue experience du verre et du cristal a Asuncion, avec des parois de douche en verre et miroir pour particuliers et commerces. Aucun telephone ni adresse postale publiee dans les resultats, a demander dans l echange. ENVOI NON ENCORE FAIT, programme le 09/10 en espagnol. Pays enclave : transit via Montevideo. Prochaine action : envoyer le 09/10.;A ENVOYER 2026-10-09
Paraguay;PY;Fernando de la Mora, Minga Guazu, Encarnacion;VILUX S.A. (ex Vidriocar, Grupo Costa);Transformation de verre et solutions constructives, pres de 50 ans;vilux.com.py;recepcion@vilux.com.py;;Plus gros transformateur verrier du Paraguay, quatre sites. Aucune adresse email publiee : a rappeler. Transit via Montevideo ou Buenos Aires. DEVERROUILLEE LE 08/10, DEUXIEME ADRESSE PARAGUAYENNE OBTENUE DANS LA MEME HEURE. recepcion arobase vilux.com.py est publiee sur leur page Contacto, domaine identique a celui du site, regle anti-rebond satisfaite sans exception. Standard +595 21 518 8000 et WhatsApp officiel +595 983 569 666. IDENTITE PRECISEE : VILUX est la marque de verre de securite et de design de Vidriocar S.A., devenue officiellement VILUX S.A. le 4 mai 2022. Groupe Costa confirme. QUATRE IMPLANTATIONS : usine de Fernando de la Mora, Pitiantuta 637 presque Dr Sosa, puis Minga Guazu sur la route PY02 km 19,5, Pedro Juan Caballero, et Encarnacion route 1 km 14,5. Distributeur officiel 3M au Paraguay pour la construction et la securite industrielle. Horaires 7h30-12h et 13h-17h30 en semaine, 7h45-12h le samedi, utile pour le creneau d appel. ENVOI NON ENCORE FAIT, programme le 09/10 en espagnol. Pays enclave : transit via Montevideo. Prochaine action : envoyer le 09/10.;A ENVOYER 2026-10-09
Paraguay;PY;Fernando de la Mora;Alutex S.A.;Fabrication de verre trempe et menuiseries aluminium;alutex.com.py;;+595 982 884 209;Trempeur donc acheteur de float. Aucune adresse publiee : a appeler. Transit via Montevideo. VERIFIE LE 08/10, AUCUNE ADRESSE PUBLIEE : leur site n offre qu un formulaire. Reste un dossier telephonique, mais la fiche gagne un fait qui change sa valeur. PROFIL CONFIRME PAR LEUR PROPRE SITE et il en fait un acheteur de substrat et non un simple poseur : Alutex S.A. FABRIQUE DU VERRE TREMPE en plus des ouvertures en menuiserie aluminium, et travaille depuis 1985. Qui trempe achete du float en continu. Adresse Samaklay 1647 presque Corrales, Fernando de la Mora. NUMEROS CONTRADICTOIRES SELON LES PAGES, a confirmer au premier appel : mobiles 0982 884 209 et 0981 137 415 sur l accueil, fixes d Asuncion 021 512770, 021 510679 et 021 514783 sur la page produits. Prochaine action : appel, demander les achats de verre brut. TESTEE LE 08/10 PAR LA METHODE DU PARAGRAPHE 13 : aucune adresse publiee dans ce que l index rend, seulement deux mobiles, 0982 884 209 et 0981 137 415, et l adresse Samaklay 1647 casi Corrales, Fernando de la Mora. Une section Contacto existe mais son contenu ne remonte pas. CE QUE LE TEST RAPPORTE, ET LA FICHE MONTE : ils TREMPENT depuis 1985 et fabriquent des chassis aluminium, donc acheteurs de substrat et non revendeurs. Leur gamme verre comprend clair, bronze, gris, verre laque, verre MIROIR et reflechissant. Et leur liste de clients publiee est serieuse : Blue Tower Ventures pour le PASEO LA GALERIA, un des grands centres commerciaux d Asuncion, plus Cortese y Asociados, Rumbos et Constructora Cima. Un trempeur qui fournit un centre commercial travaille en volume. RESERVE : deux mobiles et aucun fixe, pour une maison de quarante ans, c est inhabituel et invite a verifier la taille au telephone. Pays enclave, donc transit annonce avec via Montevideo. Reste en appel.;A APPELER
Paraguay;PY;San Lorenzo;MAS VIDRIOS;Pose et facconnage verre et aluminium;masvidrios.com.py;jose@masvidrios.com.py;;Adresse valide et regle anti-rebond OK. NON CONTACTEE VOLONTAIREMENT : profil poseur-installateur, qui achete chez les importateurs locaux et non par conteneur complet. Le paragraphe 4 limite la campagne aux conteneurs complets. Fiche conservee au cas ou le profil evoluerait.;A QUALIFIER
Pays-Bas;NL;'s-Hertogenbosch;LHV Glas;Grossiste en verre avec production et logistique propres;lhvglas.nl;info@lhvglas.nl;+31 73 623 3133;De Bloemendaal 7a. Port Rotterdam, envoi en neerlandais. Relance 07/10 sans signature, une seule question sur les plus gros volumes annuels, porte de sortie. Relance en francais avec proposition de passer a l anglais. Angle gros plus production plus logistique propres, le profil qui consomme le plus de feuille brute et qui sait le mieux ce qu elle lui coute rendue.;RELANCE 2026-10-07
Pays-Bas;NL;Drachten;Drachtster Glashandel B.V.;Grossiste en verre;drachtsterglashandel.nl;info@drachtsterglashandel.nl;+31 512 533 036;Port Rotterdam, envoi en neerlandais. Relance 07/10 sans signature, une seule question sur les plus gros volumes annuels, porte de sortie. Relance volontairement tres courte, l argumentaire ayant deja ete servi le 25/09.;RELANCE 2026-10-07
Pays-Bas;NL;La Haye;Van den Heuvel Glas;Grossiste independant en verre;heuvelglas.nl;info@heuvelglas.nl;+31 70 319 6900;Se presente comme grossiste independant. Port Rotterdam, envoi en neerlandais. Relance 07/10 sans signature, une seule question sur les plus gros volumes annuels, porte de sortie. Relance en francais avec proposition de passer a l anglais. Angle grossiste independant non lie a la feuille d un producteur.;RELANCE 2026-10-07
Pays-Bas;NL;Rotterdam;Ooster Glashandel;Grossiste en verre plat;oosterglashandel.nl;verkoop@oosterglas.nl;+31 10 418 5188;Veldkersweg 35, sur Rotterdam. Envoi en neerlandais. Relance 07/10 sans signature, une seule question sur les plus gros volumes annuels, porte de sortie. Relance en francais avec proposition de passer a l anglais. Angle grossiste en reconstitution de stock.;RELANCE 2026-10-07
Pays-Bas;NL;Veendam;Glascentrum Veendam;Grossiste en verre plat;glascentrumveendam.nl;info@glascentrumveendam.nl;+31 598 361 420;Port Rotterdam ou Eemshaven, envoi en neerlandais. Relance 07/10 sans signature, une seule question sur les plus gros volumes annuels, porte de sortie. Relance en francais avec proposition de passer a l anglais. Angle grossiste en reconstitution de stock.;RELANCE 2026-10-07
Philippines;PH;Cebu / Mandaue;Kima Glass Supply Co.;Negociant verre plat;kimaglass.com;showroom@kimaglass.com;;Maison fondee en 1974. Deux adresses Cebu et Mandaue. Port Cebu Relance courte le 06/10, lot 2.;RELANCE 2026-10-06
Philippines;PH;Malabon (Metro Manila);Chain Glass Enterprises Inc.;Distribution verre et aluminium pour facades fenetres portes et mastics;chainglass.com;;;DOUBLON de la fiche Chain Glass Enterprises Inc. du meme pays, neutralisee le 08/10 lors du balayage systematique du registre. Ne pas demarcher depuis cette ligne.;NE PAS DEMARCHER
Philippines;PH;Mandaluyong (Manille);Pacific Glass Corporation;Transformateur et distributeur : trempe, feuillete, vitrage isolant;pacificglass.com.ph;csa@pacificglass.com.ph;+632 631 8221;LEADER PHILIPPIN DE LA TRANSFORMATION — port Manille Sud. info@ et sales@ rebondissent (550 No such user) Relance courte le 06/10, lot 2. Rebond le 06/10 sur la relance : adresse refusee. Appeler. Rebond 06/10 : BOITE PLEINE, adresse valide. A retenter., seul csa@ passe. Appeler pour confirmer l'adresse commerciale. REPARATION DU 08/10 : cette ligne portait 11 champs au lieu de 10, a cause d un point-virgule place dans un champ entre guillemets, ce que le paragraphe 12 interdit explicitement. Le mandat declarait pourtant ces trois lignes legitimes : c etait faux, elles etaient cassees et leur statut reel etait invisible a toute requete par statut. Champs recomposes, point-virgule remplace par une virgule. RENVOI DU 08/10 sur csa arobase, conformement au statut A RENVOYER : info arobase et sales arobase avaient rebondi en 550 No such user. Le message demande explicitement la bonne adresse si csa n est pas le service achats. ANGLE : trempe feuilletage et vitrage isolant ne produisent pas leur substrat, et les Philippines n ont pas de ligne float, donc seule l origine est une variable. Port Manille Sud. Fiche redevenue exploitable grace a la reparation de la ligne : son statut se trouvait dans le champ 11.;ENVOYE 2026-10-08
Philippines;PH;Manille (Sta Cruz);Chain Glass Enterprises Inc.;Distribution de verre plat et d'aluminium;chainglass.com;marketing@chainglass.com;+63 2 8781 6791;DISTRIBUTEUR DE AGC FLAT GLASS PHILIPPINES, 2630 Rizal Avenue. Port Manille, envoi en anglais. Relance courte le 06/10, lot 2. FUSION DU 08/10, detectee par un balayage systematique du registre : 1 fiche(s) en double pour la meme societe (Chain Glass Enterprises Inc.) ont ete neutralisees.;RELANCE 2026-10-06
Philippines;PH;Metro Manila;Richmond Top Glass Works Corp.;Transformation trempe feuillete depoli et biseaute;richmondtopglass.com;richmondglasssales@gmail.com;;Un des principaux transformateurs de trempe des Philippines, machines recentes pour l'architecture et la construction. Plusieurs agences. Achete du substrat. Port Manille. Aucune adresse email publiee hors bases payantes : a appeler Adresse commerciale publiee sur la page contact.;ENVOYE 2026-10-06
Philippines;PH;Paranaque (Manille);Bogabel Glass and Aluminum Supply;Import et distribution de float et verre reflechissant;;;;IMPORTATEUR DECLARE. Aucune adresse publiee.;A APPELER
Philippines;PH;—;Pioneer Float Glass Mfg Inc.;Producteur de float clair et teinté, 60 ans;pfg.com.ph;;;PRODUCTEUR DE FLOAT — concurrent local, ne pas démarcher sur le float clair. PRODUCTEUR DE FLOAT philippin : concurrent, pas prospect.;NE PAS DEMARCHER
Pologne;PL;Gdańsk;Glass Hurt;Gros de verre de construction, trempe, feuillete, vitrage isolant;glasshurt.pl;;+48 530 412 642;Grossiste sur la Triville (Gdansk, Gdynia, Sopot), a 10 minutes du port. Aucune adresse email publiee : a rappeler. BALAYAGE DU 08/10 : FICHE NON TESTEE, ET C EST UN CHOIX. La methode de deverrouillage a ete appliquee a l ensemble des fiches verrouillees de la journee, sauf celles-ci, pour une raison de priorite et non d oubli. La carte des marches etablie le 08/10 a 14h35 declasse ce marche : soit il produit son propre float a bas cout, soit il releve de l Europe ou le paragraphe 6 interdit la nouvelle prospection et ou le conteneur n est de toute facon pas le bon mode de livraison. La fiche reste donc verrouillee volontairement. A reprendre si le marche remonte dans les priorites, et la methode est ecrite au paragraphe 13 : recherche large sur le nom avec annuaires et courtiers bloques pour trouver le domaine propre, puis recherche restreinte a ce domaine.;A APPELER
Pologne;PL;Plewiska (Poznań);POLANA — Świat Szkła;Gros de verre plat et verre decoratif, impression UV;polana-glass.pl;biuro@polana-glass.pl;+48 667 499 967;Commandes de gros pour le batiment et l'ameublement. Port Gdansk, envoi en polonais. Relance 07/10 sans signature, une seule question sur les plus gros volumes annuels, porte de sortie. Angle impression UV : imprimer sur verre ne pardonne pas, la feuille de base doit etre optiquement reguliere sinon l impression revele chaque variation. Acheteur sensible a la feuille et pas seulement au prix.;RELANCE 2026-10-07
Pologne;PL;Varsovie (Mokotów);Hurt Glass — Kądziela;Gros de verre et de miroirs depuis 1990;hurtglass.pl;hurtglass@hurtglass.pl;+48 22 843 18 01;Grossiste verre et miroirs, ul. Bokserska 62c. Port Gdansk, envoi en polonais. Relance 07/10 sans signature, une seule question sur les plus gros volumes annuels, porte de sortie. Angle trente-cinq ans de gros verre et miroirs : le volume miroir est a cote du volume float et non un accessoire.;RELANCE 2026-10-07
Pologne;PL;Śliwice;Wutkowski Sp. z o.o.;Distribution et façonnage de verre plat;wutkowski.com.pl;contact@wutkowski.com.pl;+48 52 334 08 10;DISTRIBUTEUR-TRANSFORMATEUR servant le marche national et l'export : cible prioritaire. Port Gdansk, envoi en polonais. Relance 07/10 sans signature, une seule question sur les plus gros volumes annuels, porte de sortie. Angle double activite distribution et faconnage, le plus gros consommateur de feuille brute.;RELANCE 2026-10-07
Polynésie française;PF;Arue (Tahiti);SPM — Société Polynésienne de Miroiterie;Miroiterie, vitrerie, agencement de vitrines et magasins;;spm@spm.pf;+689 40 43 64 60;Miroiterie avec ateliers propres sur Tahiti. PK 4.5 Route de l eau Royale. Aucune adresse email publiee : appeler. Port Papeete. Adresse trouvee le 06/10. Fret Pacifique long et cher : dit franchement dans le mail, avec proposition de groupage avec un autre acheteur de Tahiti. Port Papeete.;ENVOYE 2026-10-06
Polynésie française;PF;Papeete;SOMALU — Société Océanienne pour les Matériaux Aluminium;Menuiserie aluminium, vitrerie et miroiterie;;somalu@mail.pf;;Specialiste alu-verre de Papeete. Aucune adresse email publiee : a rappeler. Port Papeete. Adresse trouvee le 06/10. Zone industrielle de Tipaerui. Meme argument groupage. Port Papeete.;ENVOYE 2026-10-06
Porto Rico;PR;Bayamon;JL Trading Corp — JL Alumglass;Aluminium cristal et quincaillerie, deux implantations;jlalumglasscorp.com;jlhardwareproducts@yahoo.com;+1 787 799 8544;Carr. 174 km 6.7 Bo. Guaraguao Arriba. Adresse yahoo publiee par la societe sur son propre site, notee au titre de la regle anti-rebond. Envoi 07/10 en espagnol : des trois produits qu ils vendent le verre est le seul qui ne se fabrique pas sur l ile. Port San Juan.;ENVOYE 2026-10-07
Porto Rico;PR;Caguas;Alum Glass Depot;Distribution d aluminium verre et quincaillerie;alumglassdepot.com;ventas2@agdepotpr.com;+1 787 520 7002;ILE SANS LIGNE FLOAT : tout le verre plat arrive en conteneur. Carr. 1 km 26.8 Barrio Rio Canas. Adresse en agdepotpr.com alors que le site est alumglassdepot.com : publiee par la societe elle-meme sur son propre site, note au titre de la regle anti-rebond. Envoi 07/10 en espagnol : float plus miroir sans cuivre pour le piquage en climat salin plus trempe, port San Juan.;ENVOYE 2026-10-07
Porto Rico;PR;San Juan (Santurce);San Juan Glass Corp;Importation de verre, dont feuillete;;;;IMPORTATEUR CONFIRME PAR LES REGISTRES DOUANIERS AMERICAINS : importateur de verre feuillete, Tax ID 66-0853467, Corona Commercial Park Calle Progreso 54 Pda 20 Santurce. Aucune adresse ni telephone publies, seulement un fax : cible d appel a forte valeur, a retrouver. METHODE EN DEUX TEMPS APPLIQUEE LE 08/10 : AUCUN DOMAINE PROPRE, et SECOND CAS DE CONFORMITE DE L APRES-MIDI APRES IMPORTDOM. La recherche ne remonte quasiment QUE des courtiers de donnees douanieres, importinfo, panjiva, tradegeniusglobal, importkey, datamyne et eximpedia. Le paragraphe 5 les interdit tous : leurs releves d importation, leurs listes d expeditions et leurs descriptions d activite ne sont NI UTILISES NI RECOPIES ICI, bien qu ils soient exactement ce qui aurait qualifie la fiche. Les seules donnees retenues sont les adresses, qui ne viennent pas d un releve douanier : parc industriel Dr Mario Julia, Guaynabo PR 00968, cite par la majorite des sources, et une adresse plus ancienne au Corona Commercial Park, calle Progreso 54, pda 20, Santurce PR 00909. Aucun telephone trouve, ce qui bloque aussi l appel : A REQUALIFIER au registre des societes du Departement d Etat de Porto Rico avant tout effort. HOMONYMIE A NOTER : The Glass Shop, a San Juan, est une autre societe. CE QUE CE CAS ENSEIGNE, ET IL REJOINT IMPORTDOM : les importateurs de la Caraibe sont cartographies par les courtiers douaniers et non par des sites d entreprise. C est precisement pour cela qu ils restent injoignables par e-mail dans le cadre du paragraphe 5, et que le telephone est leur seule porte.;A APPELER
Porto Rico;PR;San Juan;Santurce Glass;Construction et pose de verre miroir et structures aluminium;santurceglass.com;emeteriocruz096@gmail.com;+1 787 347 1911;Poseur plutot qu importateur. La seule adresse trouvee est un gmail publie par un annuaire, pas par la societe : regle anti-rebond, aucun envoi. A appeler. ADRESSE TROUVEE LE 08/10, MAIS LA FICHE EST DECLASSEE, ET IL VAUT MIEUX LE DIRE QUE DE FAIRE DU CHIFFRE. emeteriocruz096 arobase gmail.com est bien publiee sur leur propre site, donc l exception du paragraphe 5 s applique et un envoi serait regulier. Le probleme est le profil : leur site les decrit comme se consacrant a la CONSTRUCTION ET A LA POSE de tout type d ouvrage en verre, miroir et structure aluminium, en residentiel et en commercial, dans tout Porto Rico. C est un poseur-vitrier, et l adresse est un compte gmail personnel, pas une boite de societe. Un conteneur complet, 23 a 25 tonnes, represente plusieurs annees de consommation pour une structure de cette taille : ce n est pas un acheteur de conteneur. Telephone 787 347-1911, San Juan. A reconsiderer seulement s ils se declarent eux-memes importateurs. Prochaine action : aucune sur cette campagne.;ECARTE — PETITE STRUCTURE
Portugal;PT;Baguim do Monte (Gondomar, Porto);VCP — Vidraria Central do Porto;Negoce et transformation de verre plat;vidrariacentraldoporto.com;geral@vcp.pt;;Port Leixoes, envoi en portugais. Relance 07/10 sans signature, une seule question sur les plus gros volumes annuels, porte de sortie. Relance en portugais. Angle negoce plus transformation, les deux se decident a l achat.;RELANCE 2026-10-07
Portugal;PT;Lisbonne;Vetrometal;Négoce et transformation de verre;vetrometal.com;info@vetrometal.com;;Port Lisbonne, envoi en portugais. Relance 07/10 sans signature, une seule question sur les plus gros volumes annuels, porte de sortie. Relance en portugais. Angle negoce plus transformation, le plus gros consommateur de feuille brute.;RELANCE 2026-10-07
Portugal;PT;Nord du Portugal;Nortempera — Indústria de Vidros Temperados do Norte;Trempe de verre plat;nortempera.pt;geral@nortempera.pt;;Trempeur industriel : gros consommateur de float. Port Leixoes, envoi en portugais. Relance 07/10 sans signature, une seule question sur les plus gros volumes annuels, porte de sortie. Relance en portugais. Angle trempeur : le four exige la meme reference serie apres serie ou le rendement tombe, ce qui fait de l origine une question industrielle. Ports Leixoes ou Lisbonne.;RELANCE 2026-10-07
Portugal;PT;Porto;Bizália — Sociedade Transformadora de Vidro;Transformation de verre plat;bizalia.pt;geral@bizalia.pt;;Port Leixoes, envoi en portugais. Relance 07/10 sans signature, une seule question sur les plus gros volumes annuels, porte de sortie. Relance en portugais, volontairement tres courte. Ports Leixoes ou Lisbonne.;RELANCE 2026-10-07
Portugal;PT;Sintra et Famões;Vidrofornense;Verre et miroiterie, deux sites;vidrofornense.pt;geral@vidrofornense.pt;;Port Lisbonne, envoi en portugais. Relance 07/10 sans signature, une seule question sur les plus gros volumes annuels, porte de sortie. Relance en portugais. Angle deux sites donc stock a deux endroits et reconstitution continue, et le chargement mixte leur sert mieux qu un conteneur mono-reference. Ports Leixoes ou Lisbonne.;RELANCE 2026-10-07
Portugal;PT;São João da Talha (Loures);Vicar — Vidros e Espelhos;Verre et miroiterie;vicar.pt;;;Port Lisbonne, envoi en portugais DOMAINE vicar.pt INTROUVABLE le 25/09 : chercher le bon domaine ou appeler.;ADRESSE INVALIDE
Portugal;PT;Vilamoura (Algarve);Vidralgar — Indústria e Transformação de Vidro;Transformation de verre plat;vidralgar.pt;geral@vidralgar.pt;;Couvre l Algarve. Port Lisbonne ou Setubal, envoi en portugais. Relance 07/10 sans signature, une seule question sur les plus gros volumes annuels, porte de sortie. Relance en portugais. Angle Algarve : marche touristique et hotelier, donc le miroir sans cuivre ni plomb a un argument concret, dans une salle de bain d hotel c est la difference entre durer et revenir en reclamation. Ports Faro Lisbonne ou Leixoes.;RELANCE 2026-10-07
Pérou;PE;Lima (5 sites : La Victoria, San Juan de Lurigancho, Paseo de la Republica);Corporación Limatambo;Distribution de verre trempe et de securite, feuillete, profiles aluminium et polycarbonate;corporacionlimatambo.com;ventas@corporacionlimatambo.com;+51 1 338 2282;TROIS IMPLANTATIONS dont une usine de trempe a San Juan de Lurigancho : acheteur de float regulier. Le Perou n a pas de ligne float. Aucune adresse publiee : a appeler. Port Callao. FUSION DU 08/10 : une seconde fiche existait pour la meme societe, meme domaine corporacionlimatambo.com, elle a ete neutralisee. ENRICHIE depuis leur propre site : CINQ implantations a Lima et non trois, dont une usine de trempe dediee avenue Proceres de la Independencia 3201 et un entrepot central. Structure de vraie taille, ce qui confirme le profil conteneur. Numeros par site : La Victoria 996 813 440 et 472 4195, San Juan de Lurigancho 376 6159 et 459 0578, usine de trempe 338 2282, Paseo de la Republica 998 265 003, entrepot central 338 0429. Horaires 7h30-17h en semaine et 7h30-14h le samedi, utiles pour viser le creneau. ADRESSE NON RETENUE : un annuaire la montre partiellement masquee, commencant par contacorporacion arobase avec le domaine cache. NE PAS LA DEVINER, le paragraphe 5 l interdit. Passer par le formulaire de leur site ou par l appel pour obtenir une adresse achats. DEVERROUILLEE LE 08/10 par la methode de recherche restreinte au domaine de la societe. ventas arobase corporacionlimatambo.com est publiee sur leur portail client, domaine identique a celui du site, regle anti-rebond satisfaite. Autre adresse vue, soporte arobase corporacionlimatambo.com, reservee au support technique. CINQ IMPLANTATIONS CONFIRMEES a Lima avec leurs horaires : La Victoria av. Mexico 512 Balconcillo, San Juan de Lurigancho av. Proceres de la Independencia 1994, USINE DE TREMPE av. Proceres de la Independencia 3201, Paseo de la Republica 1427, et entrepot central av. Del Parque 857. ENVOI DU 08/10 en espagnol. ANGLE RETENU : ils ne sont pas un point de vente mais un trempeur, et qui trempe achete du substrat en continu. Argument central, celui qui parle a un trempeur : le probleme n est jamais l epaisseur qui tourne vite, c est celle qui tourne lentement et qu il faut garder en stock ou commander cher en petite quantite. Pages liees float, low-e et miroir sans cuivre. Port Callao, aucun prix annonce, reserve de validation rappelee. Prochaine action : relance le 22/10 si pas de retour.;ENVOYE 2026-10-08
Pérou;PE;Lima (Av. Luis Braille 1307);Corporación Elio;Conception et realisation d ouvrages verriers, miroirs, profiles aluminium, depuis 1970;elio.com.pe;ventas@elio.com.pe;+51 1 367 1107;Plus de cinquante ans d activite. Adresse masquee par l annuaire : a appeler. Port Callao. DEVERROUILLEE LE 08/10 : ventas arobase elio.com.pe est publiee sur leur page de services et sur l accueil, domaine identique a celui du site, regle anti-rebond satisfaite. A noter, certaines pages du site affichent l adresse obfusquee et d autres en clair : c est la version en clair qui vaut. Fixe 367-1107 et mobile 942 072 983 egalement WhatsApp. Adresse av. Luis Braille 1307, urb. Trinidad, Cercado de Lima, face au commissariat de Mirones. FAIT QUI JUSTIFIE L ENVOI : leur catalogue comprend une page VIDRIO CRUDO, donc du verre brut non transforme, a cote du trempe, de l insule et du mur rideau. Qui vend du verre brut en achete, et qui pose du mur rideau achete en volume. ANCIENNETE CONTRADICTOIRE SUR LEUR PROPRE SITE, a ne pas reprendre comme un fait : une page annonce plus de cinquante-cinq ans de service, l accueil donne 1970. ENVOI NON ENCORE FAIT, programme le 09/10 en espagnol. Port Callao. Prochaine action : envoyer le 09/10.;A ENVOYER 2026-10-09
Pérou;PE;Lima (Av. México 421, La Victoria);GlassTempCorr;Transformation et commercialisation de verre trempe;glasstempcorr.com;ventas@glasstempcorr.com.pe;+51 1 615 0050;Trempeur donc acheteur de float. Aucune adresse publiee : a appeler. Port Callao. DEVERROUILLEE LE 08/10, AVEC L EXCEPTION DU PARAGRAPHE 5 : le domaine de l adresse est glasstempcorr.COM.PE alors que le site est glasstempcorr.COM. L envoi n est autorise que parce que la societe publie elle-meme cette adresse, sur sa page de telechargements. Les autres pages affichent leurs adresses masquees. C est une adresse de ventes, donc le bon canal. Telephones (01) 615-0050 et mobile +51 908 858 613. QUATRE IMPLANTATIONS, ce qui change l echelle de la fiche : usine et bureau principal av. Mexico 421, La Victoria, Lima, horaires 7h30-17h en semaine et 7h30-13h le samedi , Independencia, calle Manuel Ferreyros 256 , AREQUIPA, calle Victor Lira 346 Cercado , et Ventanilla, Jr. Ayacucho Mz 108 Lt 423. Une antenne a Arequipa veut dire une couverture nationale et pas seulement Lima. A NOTER SANS CONCLURE : leur usine est av. Mexico 421 a La Victoria, et Corporacion Limatambo, autre fiche contactee le 08/10, est av. Mexico 512 dans le meme quartier. Deux trempeurs sur la meme avenue, ce sont deux societes distinctes avec des telephones et des sites differents, pas un doublon, mais c est utile a savoir : ce sont des concurrents directs et il ne faut pas leur servir le meme message mot pour mot. Leur page de devis nomme des conseillers commerciaux avec des postes individuels : non releves, ce sont des donnees personnelles et aucune fonction d achat n y est verifiee. ENVOI programme le 09/10 en espagnol. Port Callao. Prochaine action : envoyer le 09/10.;A ENVOYER 2026-10-09
Pérou;PE;Lima (José Leal 432, Lince);Decoraciones Ademar;Fabrication et pose de mamparas en verre trempe sur mesure;decoracionesademar.com.pe;ventas@decoracionesademar.com.pe;;Angle retenu : ils fabriquent et ne revendent pas, donc ils achetent la feuille brute et la transforment, et leur marge se joue au prix d entree autant qu a la facon. Envoi 08/10 en espagnol. Port Callao. Controle MX impossible le 08/10 : le resolveur DNS de la session est hors service et rend NXDOMAIN sur tous les domaines, gmail.com compris. Regle anti-rebond respectee en revanche, le domaine figure bien dans les URL de resultats. A revalider des que le DNS revient.;ENVOYE 2026-10-08
Pérou;PE;Lima (Jr. Moquegua 600) et Chiclayo;Importadora Andina EIRL;Importation et negoce de verre, 32 ans d'activite;andinaeirl.com;ventas@andinaeirl.com;+51 975 573 054;IMPORTATEUR CONFIRME : achete deja au conteneur. Port Callao. Envoi en espagnol. Relance 08/10, format court a une seule question plus porte de sortie. Delivrabilite deja prouvee par l envoi du debut octobre. Angle : trente-deux ans d importation donc ni le conteneur ni le dedouanement au Callao ne s expliquent. Question volume annuel. Envoi en espagnol.;RELANCE 2026-10-08
Pérou;PE;Lima (La Victoria);Corporación Limatambo;Commercialisation et distribution de verre et aluminium;corporacionlimatambo.com;ventas@corporacionlimatambo.com;;DOUBLON de l autre fiche Corporación Limatambo, meme domaine corporacionlimatambo.com. Detecte le 08/10 en enrichissant la fiche. Ne pas demarcher depuis cette ligne. DEVERROUILLEE LE 08/10 par la methode de recherche restreinte au domaine de la societe. ventas arobase corporacionlimatambo.com est publiee sur leur portail client, domaine identique a celui du site, regle anti-rebond satisfaite. Autre adresse vue, soporte arobase corporacionlimatambo.com, reservee au support technique. CINQ IMPLANTATIONS CONFIRMEES a Lima avec leurs horaires : La Victoria av. Mexico 512 Balconcillo, San Juan de Lurigancho av. Proceres de la Independencia 1994, USINE DE TREMPE av. Proceres de la Independencia 3201, Paseo de la Republica 1427, et entrepot central av. Del Parque 857. ENVOI DU 08/10 en espagnol. ANGLE RETENU : ils ne sont pas un point de vente mais un trempeur, et qui trempe achete du substrat en continu. Argument central, celui qui parle a un trempeur : le probleme n est jamais l epaisseur qui tourne vite, c est celle qui tourne lentement et qu il faut garder en stock ou commander cher en petite quantite. Pages liees float, low-e et miroir sans cuivre. Port Callao, aucun prix annonce, reserve de validation rappelee. Prochaine action : relance le 22/10 si pas de retour.;ENVOYE 2026-10-08
Pérou;PE;Lima (La Victoria);Corporación Miyasato;Transformation et distribution de verre et d aluminium depuis 1939;miyasato.com.pe;ventas@miyasato.com.pe;;UN DES PLUS GROS TRANSFORMATEURS-DISTRIBUTEURS D AMERIQUE LATINE : sept sites au Perou plus un siege au Chili, 70 ans de metier. Aucune adresse email publiee : a rappeler. Port Callao. Plus de 70 ans. Transformation et distribution verre et aluminium pour l'architecture et l'automobile. Av. Iquitos 1174 La Victoria Lima. Aucune adresse email publiee hors bases payantes : a appeler. Adresse commerciale retrouvee le 06/10 sur la page contact. Angle seconde source.;ENVOYE 2026-10-06
Pérou;PE;Lima (Los Olivos);ZAKATA GLASS;Fabrication de verre trempe et feuillete pour l architecture, l automobile et l electromenager;zakataglass.com;zakataglass@gmail.com;+51 955 555 747;Transformateur trempe et feuillete, C. los Martillos 5083. Port Callao, envoi en espagnol. Relance courte le 06/10, lots 7 et 8.;RELANCE 2026-10-06
Pérou;PE;Lima (San Juan de Lurigancho);Andercru SAC;Fabrication de mamparas corredizas en verre trempe;andercru.com.pe;ventas@andercru.com.pe;;NOUVEL AXE acheteur : une paroi de douche est du trempe 8 ou 10 mm souvent extra-clair, car sur un panneau sans cadre la tranche verte se voit. C est la bande d epaisseur la plus difficile a tenir en qualite optique constante et celle qui pardonne le moins un achat opportuniste, une tranche irreguliere se payant en casse de four et en reclamations. Le Perou n a pas de ligne float. Envoi 08/10 en espagnol. Port Callao. Controle MX impossible le 08/10 : le resolveur DNS de la session est hors service et rend NXDOMAIN sur tous les domaines, gmail.com compris. Regle anti-rebond respectee en revanche, le domaine figure bien dans les URL de resultats. A revalider des que le DNS revient.;ENVOYE 2026-10-08
Pérou;PE;Lima (Santiago de Surco);Metalcon Perú;Structures metalliques et mamparas en verre trempe;metalconperu.com;ventas@metalconperu.com;;Angle retenu : structure metallique plus trempe, c est la combinaison qui expose le plus la feuille puisque le verre est la partie visible et celle qui genere la reclamation si elle arrive avec une distorsion ou une tranche verte marquee. Envoi 08/10 en espagnol. Port Callao. Controle MX impossible le 08/10 : le resolveur DNS de la session est hors service et rend NXDOMAIN sur tous les domaines, gmail.com compris. Regle anti-rebond respectee en revanche, le domaine figure bien dans les URL de resultats. A revalider des que le DNS revient.;ENVOYE 2026-10-08
Pérou;PE;Lima;Montano;Fabrication et pose de mamparas de verre sur mesure;montano.pe;info@montano.pe;;Meme axe trempe 8-10 mm extra-clair. Le Perou n a pas de ligne float. Envoi 08/10 en espagnol. Port Callao. Controle MX impossible le 08/10 : le resolveur DNS de la session est hors service et rend NXDOMAIN sur tous les domaines, gmail.com compris. Regle anti-rebond respectee en revanche, le domaine figure bien dans les URL de resultats. A revalider des que le DNS revient.;ENVOYE 2026-10-08
Pérou;PE;Lima;Vidrieria Canovas;Vitrages et cristaux, projets architecturaux;canovas.pe;proyectos@canovas.pe;+51 203 0909;Vitrier de projets a Lima. Port Callao. Envoi en espagnol. Relance courte le 06/10, lots 7 et 8.;RELANCE 2026-10-06
Qatar;QA;Al Rayyan, Sailiya;Al Khinji Group;Négoce et transformation de verre plat;alkhinjigroup.com;info@alkhinjigroup.com;+974 6688 7351;Division industrielle proposant trempe, feuilletage et double vitrage, cibler float et miroir. Port Hamad Port, envoi en arabe. Relance courte le 06/10, lots 7 et 8.;RELANCE 2026-10-06
Qatar;QA;Doha (New Industrial Area);Panorama Glass Factory;Stockiste, importateur, exportateur, grossiste, depuis 2015;panoramaglass.net;info@panoramaglass.net;+974 4488 9185;IMPORTATEUR-GROSSISTE : achète au conteneur, cible prioritaire. Relance courte le 06/10 : une seule question posee (la reference et l'epaisseur la plus achetee) contre un prix ferme sous 48h, et sortie offerte en repondant non.;RELANCE 2026-10-06
Qatar;QA;Doha (New Industrial City);Dallas Glass;Usine de transformation de 7 400 m²;dallasqatar.com;info@dallasqatar.com;+974 4411 4651;Outil industriel conséquent. Relance courte le 06/10, lots 7 et 8.;RELANCE 2026-10-06
Qatar;QA;Doha, New Industrial Area;Al-Jawdah Glass Company;Fabrication de verre architectural et miroirs;al-jawdahglass.com;info@al-jawdahglass.com;+974 3330 0505;Membre du groupe Al Ghanem avec usine et deux implantations commerciales. Port Hamad Port, envoi en arabe. Relance courte le 06/10, lots 7 et 8.;RELANCE 2026-10-06
Qatar;QA;Doha, zone industrielle rue 43;Nabina Aluminium & Glass Factory;Transformation de verre et fabrication aluminium;nabinaglass.com;nagf@nabinaholding.com;+974 4460 5949;Usine intégrée avec trempe, feuilletage et double vitrage, cibler float et Low-E. Port Hamad Port, envoi en arabe. Relance courte le 06/10, lot final.;RELANCE 2026-10-06
Qatar;QA;Doha;Al Watan Glass;Trempé, feuilleté, isolant, miroir, décoratif;alwatanglass.com;sales2@alwatanglass.com;+974 4460 6124;Gamme complète, correspond à tout le catalogue. Relance courte le 06/10, lot final.;RELANCE 2026-10-06
Qatar;QA;Doha;Desert Line Glass (Desert Line Group);Transformation de verre, filiale verre d'un groupe BTP qatari;desertlinegroup.com;naijo@desertline-ag.com;;Adosse a un groupe de travaux publics. Aucune adresse publiee. DEVERROUILLEE LE 08/10, AVEC L EXCEPTION DU PARAGRAPHE 5 ET UNE CONTRADICTION INTERNE A LEUR SITE. Deux adresses publiees, aucune sur le domaine du site : naijo arobase desertline-ag.com sur leur page de contact a l entree Desert Line Glass et de nouveau sur leur page Sales Enquiry, et info arobase desertlineprojects.com sur la page de la division verre. L envoi est autorise parce que la societe les publie elle-meme. ADRESSE RETENUE : naijo arobase desertline-ag.com, la plus specifique a la division verre. Repli : info arobase desertlineprojects.com, adresse generale du groupe. A NOTER : naijo ressemble a un prenom, mais aucune fonction n est publiee, donc ecrire AU SERVICE et ne nommer personne, conformement au paragraphe 5. Coordonnees de la division verre, Desert Line Glass WLL, batiment 313 rue 11 New Industrial Area a Doha, telephones +974 4487 8473 et 6686 1177 sur la page contact, +974 4427 1974 et 4487 2612 sur la page division. Une entite voisine, Calisto Glass, partage la meme adresse e-mail a une autre adresse postale, rue 50 : lien a eclaircir dans l echange. Le groupe comprend aussi Desert Line Project et Desert Line Aluminium. ENVOI programme le 09/10 en anglais. Port Hamad. Prochaine action : envoyer le 09/10.;A ENVOYER 2026-10-09
Qatar;QA;Doha;Glasstech Trading & Contracting;Facade, verre sans cadre, feuillete, trempe, portes coupe-feu;glasstechqatar.com;info@glasstechqatar.com;+974 7444 8483;Facadier : consomme du feuillete et du trempe en continu. Relance courte le 06/10, lot final.;RELANCE 2026-10-06
Qatar;QA;Doha;Kyda International;Fourniture de verre, Doha, Lusail, Al Wakra;kyda.qa;sales@kyda.qa;;À qualifier. Adresse commerciale retrouvee le 06/10.;ENVOYE 2026-10-07
Qatar;QA;Doha;Technical Glass & Aluminium (TGAC);Façade, 2 500 m²/j de trempe, 1 000 m²/j de feuilleté;tgac.net;glass.qatar@tgac.net;+974 4460 4488;Relance 07/10 sans signature, une seule question sur les plus gros volumes annuels, porte de sortie. Angle facade : le verre est le poste le plus lourd et celui qui arrete le chantier quand il arrive en retard ou avec la mauvaise couche. Port Jebel Ali. Capacité chiffrée : le plus gros consommateur de float de la liste. REPARATION DU 08/10 : cette ligne portait 11 champs au lieu de 10, a cause d un point-virgule place dans un champ entre guillemets, ce que le paragraphe 12 interdit explicitement. Le mandat declarait pourtant ces trois lignes legitimes : c etait faux, elles etaient cassees et leur statut reel etait invisible a toute requete par statut. Champs recomposes, point-virgule remplace par une virgule.;RELANCE 2026-10-07
Qatar;QA;—;Bullseye Zoujaj;Verre bâtiment;bullseyezoujaj.com;inquiry@bullseyezoujaj.com;;À qualifier.  STATUT RENSEIGNE LE 08/10 : cette fiche avait un statut VIDE, ce qui la rendait invisible aux pools de relance comme au decompte des fiches jamais contactees. Aucune adresse publiee, donc dossier telephonique. DEVERROUILLEE LE 08/10 PAR LA METHODE DU PARAGRAPHE 13, SANS EXCEPTION A INVOQUER, ET AVEC LA BONNE BOITE DU PREMIER COUP. Leur page Contact Us publie DEUX adresses sur leur propre domaine : inquiry arobase bullseyezoujaj.com pour les demandes commerciales et info arobase bullseyezoujaj.com en general. On retient inquiry, qui est la boite des demandes et non l accueil. Mobile +974 6682 4208, tel +974 4037 0177, fax +974 4486 9158, Gate 2 Bldg 8 Zone 57 rue 583, West Industrial Area, Doha. ILS S APPELLENT AUSSI BULLSEYE GLASS CO. PIEGE DE NOM A NE PAS RATER, ET IL EST SERIEUX : le mot zoujaj veut dire verre en arabe, ce n est pas une reference a ZOUJAJ, le producteur float saoudien que le paragraphe 6 classe parmi les concurrents. Bullseye Zoujaj est un transformateur-poseur de Doha, mur-rideau, garde-corps d escalier et parois de douche. Aucun lien etabli avec le producteur saoudien, et surtout ne pas la traiter comme un concurrent sur ce seul mot. LIMITE DU PARAGRAPHE 5 A RESPECTER : leur page Vision and Mission publie des adresses nominatives, syed, sohaib, amran et Mohsin, mais la fonction de ces personnes n est pas etablie dans ce que j ai lu. Donc N UTILISER AUCUN DE CES NOMS, et passer par inquiry. GAMME QUI COLLE : mur-rideau veut dire float epais et vitrage isolant, garde-corps et douches veulent dire trempe. Port Hamad. Envoi en anglais. Prochaine action : envoyer le 13/10.;A ENVOYER 2026-10-13
Qatar;QA;—;Calisto Glass;Verre bâtiment;calistoglass.com;info@calistoglass.com;;À qualifier. Adresse retrouvee le 06/10.;ENVOYE 2026-10-07
Roumanie;RO;Brașov;TDC Glass;Termoizolant, vitrages de façade, securizat, laminat;tdcglass.ro;comenzi@tdcglass.ro;+40 725 559 769;Usine à Brașov. Port Constanta, envoi en roumain. Relance 07/10 sans signature, une seule question sur les plus gros volumes annuels, porte de sortie. Angle facade : hors cotes, tolerances serrees, et la qualite optique de la feuille se voit depuis la rue une fois posee. Port Constanta.;RELANCE 2026-10-07
Roumanie;RO;Ploiești;VALRAS Glass;Geam termoizolant, verre architectural, plus de 30 ans;valras.ro;office@valras.ro;+40 244 597 825;Port de Constanța à 200 km. Port Constanta, envoi en roumain. Relance 07/10 sans signature, une seule question sur les plus gros volumes annuels, porte de sortie. Angle trente ans de metier : ils ne changeront pas sur un e-mail, le message l assume et demande seulement si une seconde origine vaut une conversation. Port Constanta.;RELANCE 2026-10-07
Roumanie;RO;Sălaj;Cristal Grup;Distributeur de verre, transport assuré;cristalgeam.ro;contact@cristalgeam.ro;+40 260 624 004;DISTRIBUTEUR : cible conteneur complet. Port Constanta, envoi en roumain. Relance 07/10 sans signature, une seule question sur les plus gros volumes annuels, porte de sortie. Angle rare : distributeur qui assure son propre transport, donc un des rares a pouvoir mesurer ce que lui coute reellement une feuille rendue. La discussion sur l origine devient concrete.;RELANCE 2026-10-07
Roumanie;RO;—;AGOTERM;Double et triple vitrage de 14 à 52 mm, securizat, ornemental;agoterm.ro;vanzari@agoterm.ro;+40 752 198 278;Fabricant de vitrage isolant : gros consommateur de float et Low-E. Port Constanta, envoi en roumain. Relance 07/10 sans signature, une seule question sur les plus gros volumes annuels, porte de sortie. Angle triple vitrage de 14 a 52 mm : trois feuilles au lieu de deux, donc une consommation de verre au metre carre de produit fini superieure de moitie a celle d un atelier de double vitrage. Port Constanta.;RELANCE 2026-10-07
Roumanie;RO;—;Brad Glass;Termoizolant, securizat, portes et garde-corps;bradglass.ro;office@bradglass.ro;+40 747 033 550;À qualifier. Port Constanta, envoi en roumain. Relance 07/10 sans signature, une seule question sur les plus gros volumes annuels, porte de sortie. Angle portes et garde-corps : du trempe epais en 10 et 12 mm souvent extra-clair car la tranche verte se voit sur un panneau expose. Bande d epaisseur la plus tendue et celle ou une seconde origine vaut le plus. Port Constanta.;RELANCE 2026-10-07
Roumanie;RO;—;Remar GlobalGlass;Geam termopan et geam clair;remarglass.ro;remarglobalglass@gmail.com;+40 767 490 113;À qualifier. Port Constanta, envoi en roumain. Relance 08/10 une seule question plus porte de sortie. Controle MX impossible : resolveur DNS de la session hors service. Regle anti-rebond satisfaite et adresse ayant deja recu un envoi en septembre sans rebond. Fiche a qualifier : question directe conteneur ou distributeur local, Constanta.;RELANCE 2026-10-08
Roumanie;RO;—;TAMISTEF;Geamuri termopan, 18 ans;geam-termopan.ro;office@tamistef.ro;+40 757 222 272;À qualifier. Port Constanta, envoi en roumain. Relance 07/10 sans signature, une seule question sur les plus gros volumes annuels, porte de sortie. Angle dix-huit ans de vitrage isolant : ligne tournant en continu sur les memes references de base, et le Low-E decide si l unite repond a l exigence energetique sur laquelle elle est vendue. Port Constanta.;RELANCE 2026-10-07
Roumanie;RO;—;TGP — TamoGlass Perfect;Securizat, laminat, sablat, termopan;tgp.ro;comenzi@tamoglass.ro;+40 756 734 899;Transformateur complet. Port Constanta, envoi en roumain. Relance 07/10 sans signature, une seule question sur les plus gros volumes annuels, porte de sortie. Angle quatre procedes trempe feuilletage sablage et isolant sur la meme feuille de base, et les deux premiers punissent une variation invisible sur un etabli de vitrier. Port Constanta.;RELANCE 2026-10-07
Royaume-Uni;GB;Croydon (Londres);The Wholesale Glass Company;Gros de float, low-iron, Low-E, controle solaire, autonettoyant;wholesaleglasscompany.co.uk;sales@wholesaleglasscompany.co.uk;+44 20 8664 3768;Unit 13 Tramsheds Industrial Estate. info@ egalement touche. Port Felixstowe ou London Gateway, envoi en anglais. Relance 07/10 sans signature, une seule question sur les plus gros volumes annuels, porte de sortie. Angle gamme large float extra-clair Low-E controle solaire autonettoyant donc stock sur plusieurs familles, et les chargements mixtes leur parlent plus qu a quiconque.;RELANCE 2026-10-07
Royaume-Uni;GB;Ilford (Essex);The Glass Warehouse;Fabrication de trempe, float et feuillete pour le negoce;theglasswarehouse.co.uk;info@theglasswarehouse.co.uk;+44 20 8500 1188;51-55 Fowler Road, Hainault Business Park. Aucune adresse email publiee : a rappeler. DEVERROUILLEE LE 08/10 : info arobase theglasswarehouse.co.uk est publiee sur plusieurs de leurs pages produits, avec la mention d appeler ou d ecrire, domaine identique a celui du site, regle anti-rebond satisfaite. Telephone 020 8500 1188, fax 020 8500 1010. Adresse 51-55 Fowler Road, Hainault Business Park, Ilford, Essex IG6 3UT. Horaires 8h-16h du lundi au vendredi, ferme les jours feries. CE QUI JUSTIFIE L ENVOI : ils ont une page dediee GLASS FOR TRADE AND WHOLESALE, donc une activite de negoce declaree et pas seulement de la vente a la coupe. Leur page de negoce invite a les contacter pour discuter des besoins, ce qui est exactement notre demande. Une adresse de negoce distincte existe peut-etre mais n est pas dans le texte indexe : si l adresse generale ne donne rien, la demander. RESERVE : le Royaume-Uni produit son float, NSG Pilkington et Guardian, donc ne jamais ecrire qu il n y a pas de production locale. L angle est la gamme et le grand format, pas l absence d alternative. ENVOI programme le 09 ou 10/10 en anglais. Port Londres ou Felixstowe. Prochaine action : envoyer.;A ENVOYER 2026-10-09
Royaume-Uni;GB;Manchester (Roundthorn);Float Glass Industries Ltd;Distribution independante de verre plat;floatglass.co.uk;ce@floatglass.co.uk;+44 161 946 8000;LE PLUS GROS DISTRIBUTEUR INDEPENDANT DE VERRE PLAT DU ROYAUME-UNI, Float Glass House, Floats Road. Port Liverpool ou Felixstowe, envoi en anglais. Relance 07/10 sans signature, une seule question sur les plus gros volumes annuels, porte de sortie. Angle independance : un independant a deux origines a une position qu un distributeur sous contrat n a pas.;RELANCE 2026-10-07
Rwanda;RW;Kigali (Gahanga Industrial Estate KK 15 Kicukiro);Silverback Glass Processing;Transformation verriere et verre de securite trempe;silverback.co.rw;info@silverback.co.rw;+250 795 811 626;Pays enclave sans ligne float : transit par Mombasa ou Dar es Salaam. Ligne de trempe donc consommateur de substrat. Argument du calage en caisses sur la derniere jambe routiere. Regle anti-rebond OK : le domaine figure dans les URL de resultats. Controle MX impossible le 08/10 : resolveur DNS de la session hors service. Risque de rebond assume et surveille. ZONE EST-AFRICAINE DECLASSEE LE 08/10, SUR UN FAIT VERIFIE. Sapphire Float Glass, a Mkuranga en Tanzanie, capital chinois, est EN PRODUCTION : capacite 700 tonnes par jour soit 189 000 tonnes par an, production effective de 450 tonnes par jour en mai 2024 selon la ministre tanzanienne Ashatu Kijaji citee par Xinhua. Et elle EXPORTE DEJA vers Madagascar, le Burundi, la Zambie, le Rwanda, la RDC et l Afrique du Sud, avec une part export donnee entre 60 et 80 pour cent selon les sources. Une seconde ligne de 500 t/jour etait annoncee, etat non confirme. Confirmation indirecte et forte : PFG a obtenu en janvier 2026 des droits antidumping provisoires sud-africains contre le float tanzanien — on ne se defend pas contre un concurrent negligeable. CONSEQUENCE : l argument de l absence de production locale est FAUX dans toute cette zone, et il avait deja ete rattrape pour le Kenya le matin meme. La campagne y a investi 39 fiches pour zero commande, et je l attribuais au ciblage ou au message : c est au moins en partie le marche. CONDUITE : ne plus ouvrir de fiches dans la zone, ne pas y investir d effort de relance, et ne garder que ce que Sapphire ne fait pas — low-E, miroir sans cuivre ni plomb, vitrage technique, grands formats. Si une relance part malgre tout, elle porte sur ces references et sur rien d autre.;ENVOYE 2026-10-08
Rwanda;RW;Kigali;Mwenzo Aluminium & Glass Ltd;Fabrication et fourniture de produits aluminium et verre;mwenzo.com;info@mwenzo.com;+250 782 739 191;Fabricant-fournisseur de reference a Kigali. Pays enclave : transit via Mombasa ou Dar es Salaam. Envoi en anglais. Relance courte le 06/10, lot final. CONTROLE MX DU 07/10 : le domaine mwenzo.com n a aucun enregistrement MX, seulement un A. Livraison incertaine. Ne pas inclure dans un lot groupe : tester seul et surveiller le rebond. ZONE EST-AFRICAINE DECLASSEE LE 08/10, SUR UN FAIT VERIFIE. Sapphire Float Glass, a Mkuranga en Tanzanie, capital chinois, est EN PRODUCTION : capacite 700 tonnes par jour soit 189 000 tonnes par an, production effective de 450 tonnes par jour en mai 2024 selon la ministre tanzanienne Ashatu Kijaji citee par Xinhua. Et elle EXPORTE DEJA vers Madagascar, le Burundi, la Zambie, le Rwanda, la RDC et l Afrique du Sud, avec une part export donnee entre 60 et 80 pour cent selon les sources. Une seconde ligne de 500 t/jour etait annoncee, etat non confirme. Confirmation indirecte et forte : PFG a obtenu en janvier 2026 des droits antidumping provisoires sud-africains contre le float tanzanien — on ne se defend pas contre un concurrent negligeable. CONSEQUENCE : l argument de l absence de production locale est FAUX dans toute cette zone, et il avait deja ete rattrape pour le Kenya le matin meme. La campagne y a investi 39 fiches pour zero commande, et je l attribuais au ciblage ou au message : c est au moins en partie le marche. CONDUITE : ne plus ouvrir de fiches dans la zone, ne pas y investir d effort de relance, et ne garder que ce que Sapphire ne fait pas — low-E, miroir sans cuivre ni plomb, vitrage technique, grands formats. Si une relance part malgre tout, elle porte sur ces references et sur rien d autre.;RELANCE 2026-10-06
Rwanda;RW;Kigali;Mwenzo Aluminium & Glass Ltd;Fabrication et pose alu et verre;mwenzo.com;;;Se presente comme le premier fabricant-poseur alu-verre du Rwanda. Pays enclave : transit Mombasa ou Dar es Salaam. Aucune adresse email publiee : a appeler DOUBLON de la fiche Mwenzo Aluminium qui porte info@mwenzo.com. Detecte le 08/10. Ne pas demarcher depuis cette ligne.;NE PAS DEMARCHER
République dominicaine;DO;Saint-Domingue (Distrito Nacional);IMPORTDOM — Importa Dominicana de Vidrios y Materiales;Importation de verre et de materiaux;;;;Calle 1ra n 10, El Naranjo. IMPORTATEUR DECLARE. Aucune adresse email publiee : a rappeler. Port Caucedo. METHODE EN DEUX TEMPS APPLIQUEE LE 08/10 : AUCUN DOMAINE PROPRE, la societe n a pas de site. POINT DE CONFORMITE A CONSIGNER, PARCE QUE LA RECHERCHE A FAIT REMONTER EXACTEMENT CE QU IL FAUT ECARTER : les resultats sont majoritairement des COURTIERS DE DONNEES DOUANIERES, importgenius, tendata, tradeatlas, marketinsidedata et tradedata.pro. Le paragraphe 5 les interdit tous, nommes ou non, c est la nature du service qui compte. Leurs chiffres d importation ne sont donc NI UTILISES NI RECOPIES ICI, meme s ils etaient tentants pour qualifier la fiche, et c est justement sur ce genre de fiche que la regle sert a quelque chose. La seule source exploitable est un annuaire generaliste : calle 1ra numero 10, el Naranjo, Distrito Nacional, Santo Domingo, et le 829 678 6775, categorie portes et fenetres metalliques. Une autre source donne calle Francisco Febrille numero 10, Villa Faro, donc la societe a pu demenager. Un annuaire ne satisfait pas la regle anti-rebond : aucun envoi possible. Reste en appel, avec verification d adresse au telephone.;A APPELER
République dominicaine;DO;Saint-Domingue (Pedro Brand, km 28 Autopista Duarte);Caribbean Glass Industry S.A.;Fabrication de produits verriers;;;;Contact nomme Erick Suazo. Aucune adresse publiee. ECARTEE LE 08/10, ET C EST LE TROISIEME CAS DE VERRE CREUX DE LA JOURNEE APRES SEVAM ET DESERT GLASS. La presse dominicaine est unanime : Caribbean Glass Industry construit en zone franche de Pedro Brand une usine de BOUTEILLES d une capacite d environ 500 MILLIONS DE BOUTEILLES PAR AN, dans le cadre d une alliance signee avec la Cerveceria Nacional Dominicana, laquelle s est engagee a acheter 70 pour cent de la production pendant six ans. Investisseurs : Grupo Rizek et son partenaire salvadorien Grupo Borja. C est du verre creux, pas du verre plat : hors perimetre, fiche fermee. A NE SURTOUT PAS CONFONDRE AVEC CARIBBEAN GLASS SPECIALISTS LTD a Trinite, qui est l un de nos quatre dossiers de prix ouverts. Deux societes qui n ont rien a voir, et dont les noms commencent pareil.;ECARTE — HORS PERIMETRE
République dominicaine;DO;Saint-Domingue (Villa Consuelo);Importadora de Vidrios y Espejos Milagros S.A.;Importation de verre et miroirs;imporvidrios.com;ventas@imporvidrios.com;+1 809 245 3566;IMPORTATEUR DECLARE. Aucune adresse publiee. DEVERROUILLEE LE 08/10, ET L IDENTITE DE LA SOCIETE EST PROBABLEMENT AUTRE QUE CELLE DE LA FICHE. Methode en deux temps sur une fiche sans site. La recherche large sur le nom Milagros n a pas rendu de site, mais elle a fait apparaitre une societe voisine, IMPORVIDRIOS SRL, au 110 calle Juan Evangelista Jimenez angle Sanchez Valverde, VILLA CONSUELO, avec le telephone (809) 245-3566. OR C EST EXACTEMENT LE NUMERO DE CETTE FICHE, et Villa Consuelo en est exactement le secteur. La recherche restreinte a imporvidrios.com a ensuite confirme que le domaine est bien le leur : leurs pages produits publient ventas arobase imporvidrios.com avec les telephones (809) 245-3588 et 245-3566. Regle anti-rebond satisfaite par le site de la societe elle-meme. CE QUI EST ETABLI ET CE QUI NE L EST PAS. Etabli : le numero et le secteur coincident, donc les deux raisons sociales designent tres probablement la meme maison, Imporvidrios etant le nom commercial. Non etabli : la preuve formelle. Un releve de donnees douanieres donnait une adresse au numero 10 de la meme rue et non 110, ce qui pourrait etre une autre entite ou une coquille — et cette source est de toute facon un COURTIER DE DONNEES, donc exclue par le paragraphe 5 : rien n en a ete repris. CONDUITE A TENIR : un seul message, a ventas arobase imporvidrios.com, et poser la question de l identite dans l echange. Ne jamais creer une seconde fiche Imporvidrios sans avoir tranche, ce serait fabriquer le doublon qu on cherche a eviter. PROFIL : ils vendent le verre EN PLANCHES et a la coupe, toutes epaisseurs, plus le miroir pour commerces, maison et salles de bain, avec canteado et biselado. Qui vend la planche achete la planche. ENVOI programme le 09 ou 10/10 en espagnol. Port Haina. Prochaine action : envoyer, et lever l identite.;A ENVOYER 2026-10-09
République dominicaine;DO;Saint-Domingue (Villa Maria);ProGlass;Transformation de verre;proglass.com.do;info@proglass.com.do;+1 809 688 2643;TRANSFORMATEUR : argument qualite optique de la feuille de base.;ENVOYE 2026-10-06
République dominicaine;DO;Saint-Domingue Ouest (Manoguayabo);Biselados del Caribe S.A.;Biseautage, trempe, feuillete, facades;biselados.net.do;info@biselados.net.do;+1 809 379 1716;Lot Republique dominicaine en copie cachee vers Caucedo. Envoi en espagnol. Relance courte le 06/10, lot final.;RELANCE 2026-10-06
République dominicaine;DO;Saint-Domingue Ouest (Zona Ind. de Herrera);International Dominican Aluminium (IDASA);Extrusion aluminium pour la Republique dominicaine, les Etats-Unis et les Caraibes;idasa.com.do;;+1 809 531 5666;Contact nomme Michael Robinson. Adresse citee Sales@idasa.com.do mais domaine non recoupe dans les URL : appeler plutot que deviner. Le nom Michael Robinson figurant ci-dessus n'est pas verifie et pourrait venir d'une confusion avec un homonyme chez McCoy's Glass en Afrique du Sud : ne pas l'utiliser dans un message. VERIFIE LE 08/10, RESULTAT NEGATIF A CONSIGNER TEL QUEL : une recherche restreinte a leur domaine idasa.com.do ne rend AUCUN resultat, et deux recherches larges sur le nom, en espagnol et en anglais, n en rendent pas davantage. Le domaine inscrit dans la fiche n est donc plus indexe, et peut-etre plus en service. La societe n est pas invalidee pour autant, mais elle n est pas deverrouillable par la recherche et il n y a pas de telephone dans la fiche. A REQUALIFIER AVANT TOUT EFFORT : verifier que la raison sociale est exacte, le sigle IDASA pouvant correspondre a plusieurs maisons. Prochaine action : chercher la societe sous une autre raison sociale, sinon la declasser. TESTEE LE 08/10 PAR LA METHODE DU PARAGRAPHE 13, SANS RESULTAT : ni la recherche restreinte a idasa.com.do ni une recherche large sur les deux formes du nom ne remontent quoi que ce soit. Le domaine n est pas indexe et le nom ne ressort pas. Hypothese a verifier au telephone : IDASA et International Dominican Aluminium pourraient etre deux raisons sociales differentes, ou la societe avoir change de nom. A requalifier avant tout effort.;A QUALIFIER
République dominicaine;DO;Saint-Domingue Ouest;Amex Industrial;Structures aluminium et verre;amexindustrial.com;info@amexindustrial.com;+1 809 732 3814;Menuiserie alu-verre. Lot Republique dominicaine vers Caucedo. Relance 07/10 en espagnol, treize jours apres le premier envoi du 23/09. Message court a une seule question : quelles references et epaisseurs au plus gros volume annuel. Porte de sortie proposee.;RELANCE 2026-10-07
République dominicaine;DO;Saint-Domingue;Comercial Cristal;Vente de verre et de profiles aluminium depuis 1996;comercialcristal.net;info@comercialcristal.net;+1 809 570 2333;Pas de float local : tout entre par Haina ou Caucedo. REBOND 06/10 : 550 5.1.1 User unknown, l'adresse info n'existe pas chez titan.email. Appeler le +1 809 570 2333.;A APPELER
République dominicaine;DO;Saint-Domingue;Vidriería Central;Importation et négoce de verre;;vidrieriacentral@hotmail.com;;Deux etablissements a Saint-Domingue. Adresse trouvee sur un annuaire de 2015 : a verifier avant envoi. Port Caucedo. Envoi 07/10 en espagnol. Angle importateur-negociant a deux etablissements donc stock a reconstituer. Port Caucedo. RISQUE : adresse hotmail relevee sur un annuaire de 2015, MX valide mais anciennete non verifiable.;ENVOYE 2026-10-07
République dominicaine;DO;Santiago, La Vega et Saint-Domingue;Vidriera Eurocaribe;Importation et distribution de materiaux pour menuiserie alu et verre;vidrieraeurocaribe.com;info@vidrieraeurocaribe.com;;Trois implantations. IMPORTATEUR-DISTRIBUTEUR. Aucune adresse email publiee : a rappeler. Port Caucedo. DEVERROUILLEE LE 08/10 PAR LA METHODE EN DEUX TEMPS, fiche sans site au depart. Premier temps : la recherche large sur le nom a fait apparaitre un domaine candidat, vidrieraeurocaribe.com, cite par un annuaire donc NON CONFIRME a ce stade. Second temps : la recherche restreinte a ce domaine a rendu une de LEURS pages produits, dont le pied de page porte info arobase vidrieraeurocaribe.com avec leur telephone et leur adresse. Le domaine est donc bien le leur et la regle anti-rebond est satisfaite. Telephone (809) 971-4141. Adresse PRECISEE : calle Hermanas Mirabal numero 84, secteur LA JOYA, Santiago de los Caballeros. PROFIL CONFIRME ET C EST LE BON : importateurs ET distributeurs de verre, aluminium, acier inoxydable et portes Green Door, pour la fabrication de fenetres et de portes. Fondee en 2000. TROIS IMPLANTATIONS annoncees sur leur Instagram : Santiago, La Vega et Saint-Domingue, ce qui confirme les trois villes de la fiche. Coordonnees contradictoires selon les annuaires, avenue Duarte 369 a Saint-Domingue avec le 809-245-1286 ailleurs : probablement une succursale. ENVOI programme le 09 ou 10/10 en espagnol. Port Haina ou Puerto Plata selon la succursale. Prochaine action : envoyer.;A ENVOYER 2026-10-09
Saint-Martin;MF;Saint-Martin;SXM Aluminium Installation;Pose de produits aluminium fenetres portes et coulissants;sxmaluminiuminstallation.com;sxmaluinstallation@outlook.com;;NON CONTACTEE VOLONTAIREMENT : profil poseur-installateur et non fabricant, intervenant sur Sint Maarten Saint-Martin et Saint-Barthelemy. Un poseur achete chez les distributeurs locaux et non par conteneur complet. Adresse Outlook relevee sur leur page mais sans interet tant que le profil ne change pas. DEVERROUILLEE LE 08/10, AVEC L EXCEPTION DU PARAGRAPHE 5 : sxmaluinstallation arobase outlook.com est un domaine different de celui du site, et l envoi n est autorise que parce que la societe la publie elle-meme, en lien mailto dans les donnees structurees de son propre site, a cote de ses comptes Facebook et Instagram. 18 rue Principale, 97150. ILS COUVRENT TROIS TERRITOIRES et le disent eux-memes : Sint Maarten, Saint-Martin et Saint-Barthelemy. TRAITEMENT A APPLIQUER, LE MEME QUE POUR KENDRA S ET TECALU : l ile fait quarante mille habitants et le metier affiche est l installation, donc MESSAGE COURT, question du volume annuel posee AVANT toute offre, et accepter sans insister un trop gros pour nous. Ne pas dépenser de redaction longue. RESERVE SUR L ADRESSE : son orthographe est inhabituelle, sxmalu et non sxmaluminium, donc la recopier exactement et ne pas la reconstruire. INTERDIT : rien sur la fiscalite a l entree. Port Philipsburg ou Marigot. Envoi en anglais ou en francais, l ile etant bilingue. Prochaine action : envoyer le 13/10.;A ENVOYER 2026-10-13
Saint-Vincent-et-les-Grenadines;VC;Kingstown (Campden Park);Kendra s Aluminium Products Ltd;Fabrication de fenetres et portes aluminium;kendrawindows.com;info@kendrawindows.com;+1 784 457 8901;Adresse e-mail masquee par l annuaire donc inexploitable. Ile sans ligne float : tout le verre est importe. A appeler pour obtenir un contact achats. DEVERROUILLEE LE 08/10 : info arobase kendrawindows.com est publiee sur leur page de contact et sur leurs pages produits, domaine identique, regle anti-rebond satisfaite. Deux lignes, 1 784 457-8901 et 457-8905, ce dernier servant aussi de fax. Adresse postale BP 1336, CAMPDEN PARK INDUSTRIAL ESTATE, code VC0390. Une implantation en zone industrielle, et non en boutique, confirme un fabricant. PROFIL : fenetres et portes aluminium, avec des series nommees, fenetre a soufflet, porte a ame pleine avec imposte vitree, barreaux de securite et VOLET ROULANT ANTI-CYCLONIQUE. Qui fabrique des fenetres achete du verre, et un marche cyclonique consomme du feuillete. RESERVE DE TAILLE A ASSUMER : Saint-Vincent-et-les-Grenadines compte environ cent mille habitants, un conteneur complet peut representer une annee de consommation. La question du message doit donc porter sur le volume annuel avant toute offre, et il faut accepter que la reponse puisse etre trop pour nous. ENVOI programme le 09/10 en anglais. Port Kingstown. Prochaine action : envoyer le 09/10.;A ENVOYER 2026-10-09
Sainte-Lucie;LC;Castries;Caribbean Metals Ltd;Fourniture de fenetres aluminium;caribbeanmetalslimited.com;cmetalsstlucia@gmail.com;+1 758 450 2249;Premier fournisseur de fenetres aluminium de Sainte-Lucie. Aucune adresse email publiee : a rappeler. Port Castries. Union Industrial Park Castries, second point de vente a Vieux Fort. Reference locale du metal et des materiaux de construction, appartient au groupe Williams Industries. Angle retenu : le verre comme ligne naturelle a cote du metal, et le feuillete anti-cyclone. Port Castries. Mini-mail sur mesure EN. Relance 08/10 une seule question plus porte de sortie. Controle MX impossible : resolveur DNS de la session hors service. Regle anti-rebond satisfaite et adresse ayant deja recu un envoi en septembre sans rebond. Angle feuillete anti-cyclone a cote du metal deja vendu, Castries.;RELANCE 2026-10-08
Sainte-Lucie;LC;Sainte-Lucie;Saint Lu Metal & Plastic Manufacturers Ltd;Fabrication de fenetres et portes aluminium depuis 1979;;;+1 758 451 3023;Leader local depuis 1979. Aucune adresse email publiee : a rappeler. Port Castries. Precision du 07/10 : ils fabriquent eux-memes du trempe, du float, du feuillete et des menuiseries aluminium, sur deux sites, Mongiraud Gros Islet et Vieux Fort. Profil transformateur et non simple poseur : cible d appel a forte valeur. Second numero +1 758 454 6538. LIEN DE GROUPE identifie le 08/10 : le groupe a une filiale grenadienne, Saint Lu Metal Grenada Ltd, Building 19 Frequente Industrial Park a Saint-Georges, tel +1 473 439 6538. Elle fabrique fenetres et portes aluminium et PVC, decoupe polit et biseaute le verre, et exporte vers la Barbade et Trinidad. Donc deux portes d entree pour le meme groupe : traiter les deux ensemble et ne pas les demarcher comme deux prospects etrangers.;A APPELER
Salvador;SV;San Salvador (Col. Miramonte);Vidrieria Los Angeles;Import, distribution et transformation de verre et miroirs depuis 1980;vidrierialosangeles.com;ventas@vidrierialosangeles.com;+503 2204 3900;IMPORTATEUR DECLARE : importe deja du verre et des miroirs du Chili, Venezuela, Colombie, Mexique et Etats-Unis. Cible majeure. Port Acajutla, envoi en espagnol. Relance courte le 06/10 : une seule question posee (la reference et l'epaisseur la plus achetee) contre un prix ferme sous 48h, et sortie offerte en repondant non.;RELANCE 2026-10-06
Salvador;SV;San Salvador;Almacenes Vidri;Chaine de quincaillerie majeure du Salvador, rayon verre;vidri.com.sv;canales.digitalessv@vidri.com.sv;+503 2230 4976;GROS ACTEUR mais l'adresse publiee est une boite e-commerce : chercher le service achats avant d'ecrire. REBOND 07/10 : le serveur Exchange de vidri.com.sv repond que l adresse ventasenlinea n existe pas. Adresse retiree. Chaine majeure donc cible a forte valeur : passer par le standard ou par une succursale. DEVERROUILLEE LE 08/10, ET LE REBOND DE LA VEILLE EST EXPLIQUE. L envoi du 07/10 partait a ventasenlinea arobase vidri.com.sv et a rebondi en adresse introuvable. La recherche restreinte a leur domaine montre pourquoi : cette adresse figure sur une version ANCIENNE de leurs conditions generales, et la version a jour en donne une autre, canales.digitalessv arobase vidri.com.sv, presentee comme l adresse de contact pour reclamations, demandes et suggestions. Domaine identique a celui du site, regle anti-rebond satisfaite. RESERVE : canaux numeriques n est pas le service achats, le message devra demander explicitement a etre transmis au departamento de compras ou proveedores. Troisieme adresse vue, eventos64 arobase vidri.com.sv, reservee a leur programme d evenements : ne pas l utiliser. Standard et centre de contact 2230-4976. Siege Carretera Lib. 12S, calle a Nuevo Cuscatlan, La Libertad. PROFIL, ET IL JUSTIFIE L INSISTANCE : ils se presentent eux-memes comme PLUS QU UNE QUINCAILLERIE, avec un reseau de succursales, un catalogue qui va de l electrique au verre et la vente en ligne. Une chaine de materiaux de construction de cette taille achete par conteneur ou ne l achete pas du tout. ENVOI programme le 09/10 en espagnol. Port Acajutla. Prochaine action : envoyer le 09/10 en demandant la transmission aux achats.;A ENVOYER 2026-10-09
Salvador;SV;San Salvador;Vidrieria Jerusalen;Vente et pose de verre;vidrieriajerusalen.com.sv;ventas@vidrieriajerusalen.com.sv;+503 7737 5739;Pays sans float, tout entre par Acajutla. Conteneur mixte propose.;ENVOYE 2026-10-07
Samoa;WS;Apia (Vaitele);Pacific Aluminium;Fabrication de menuiseries aluminium, licencie First Windows & Doors;;;;Vaitele Industrial Estate Apia. Fabricant agree de la marque neo-zelandaise First Windows & Doors. Aucune adresse email publiee : a appeler;A APPELER
Serbie;RS;Belgrade (Rakovica);IN STAKLO ENTERIJER d.o.o.;Façonnage et traitement du verre plat (code 2312);;instaklo@ptt.rs;+381 64 645 6932;Patrijarha Dimitrija 24. Pays enclave, transit par Koper ou Rijeka. Relance 07/10 sans signature, une seule question sur les plus gros volumes annuels, porte de sortie. Angle pays enclave : le troncon terrestre depuis le port est dans le prix de la feuille. Transit via Thessalonique Rijeka ou le Danube selon leur habitude.;RELANCE 2026-10-07
Serbie;RS;Belgrade (Zemun);Kaljeno Staklo d.o.o.;Verre trempe;kaljenostaklo.rs;office@kaljenostaklo.rs;+381 64 311 9747;Pays enclave : transit par Koper ou Rijeka. Relance 07/10 sans signature, une seule question sur les plus gros volumes annuels, porte de sortie. Angle trempeur : le four se moque du prix et exige la constance. Pays enclave, transit par le fleuve ou via Thessalonique ou Rijeka selon leur habitude.;RELANCE 2026-10-07
Serbie;RS;Belgrade (Zvezdara);TINIS COMPANY d.o.o.;Import et gros de verre depuis 1992;tinisco.com;;+381 11 347 17 05;IMPORTATEUR-GROSSISTE familial depuis 1992, verre de construction et decoratif : cible prioritaire. Pays enclave, transit par Koper ou Rijeka. ADRESSE REBONDIE le 25/09 (550 user account) : appeler le +381 11 347 17 05. BALAYAGE DU 08/10 : FICHE NON TESTEE, ET C EST UN CHOIX. La methode de deverrouillage a ete appliquee a l ensemble des fiches verrouillees de la journee, sauf celles-ci, pour une raison de priorite et non d oubli. La carte des marches etablie le 08/10 a 14h35 declasse ce marche : soit il produit son propre float a bas cout, soit il releve de l Europe ou le paragraphe 6 interdit la nouvelle prospection et ou le conteneur n est de toute facon pas le bon mode de livraison. La fiche reste donc verrouillee volontairement. A reprendre si le marche remonte dans les priorites, et la methode est ecrite au paragraphe 13 : recherche large sur le nom avec annuaires et courtiers bloques pour trouver le domaine propre, puis recherche restreinte a ce domaine.;A APPELER
Serbie;RS;Belgrade;Glassline;Gros et detail de verre;glassline.co.rs;glasslinebgd@gmail.com;+381 11 423 04 61;Skenderbegova 4. Pays enclave, transit par Koper ou Rijeka. Relance 08/10 une seule question plus porte de sortie. Controle MX impossible : resolveur DNS de la session hors service. Regle anti-rebond satisfaite et adresse ayant deja recu un envoi en septembre sans rebond. Angle derniere jambe terrestre courte depuis la France via Koper ou Rijeka.;RELANCE 2026-10-08
Serbie;RS;Belgrade;ROMIKS;Verre trempe;romiks.rs;;+381 63 696 446;Pays enclave : transit par Koper. ADRESSE REBONDIE : rappeler au +381 63 696 446. CONTROLE MX DU 07/10 : le domaine romiks.rs ne resout pas (NXDOMAIN), l adresse info@romiks.rs ne peut pas recevoir. Adresse retiree du registre. Passer par le telephone. BALAYAGE DU 08/10 : FICHE NON TESTEE, ET C EST UN CHOIX. La methode de deverrouillage a ete appliquee a l ensemble des fiches verrouillees de la journee, sauf celles-ci, pour une raison de priorite et non d oubli. La carte des marches etablie le 08/10 a 14h35 declasse ce marche : soit il produit son propre float a bas cout, soit il releve de l Europe ou le paragraphe 6 interdit la nouvelle prospection et ou le conteneur n est de toute facon pas le bon mode de livraison. La fiche reste donc verrouillee volontairement. A reprendre si le marche remonte dans les priorites, et la methode est ecrite au paragraphe 13 : recherche large sur le nom avec annuaires et courtiers bloques pour trouver le domaine propre, puis recherche restreinte a ce domaine.;A APPELER
Seychelles;SC;Mahé (Providence Industrial Estate);Ma & Sun Aluminium Seychelles;Menuiserie aluminium et vitrage;masunseychelles.com;mnsaluminium1@gmail.com;;Marche insulaire 100 pour cent importateur, forte demande hoteliere. Port Victoria, envoi en anglais. Relance courte le 06/10 : une seule question posee (la reference et l'epaisseur la plus achetee) contre un prix ferme sous 48h, et sortie offerte en repondant non. ZONE EST-AFRICAINE DECLASSEE LE 08/10, SUR UN FAIT VERIFIE. Sapphire Float Glass, a Mkuranga en Tanzanie, capital chinois, est EN PRODUCTION : capacite 700 tonnes par jour soit 189 000 tonnes par an, production effective de 450 tonnes par jour en mai 2024 selon la ministre tanzanienne Ashatu Kijaji citee par Xinhua. Et elle EXPORTE DEJA vers Madagascar, le Burundi, la Zambie, le Rwanda, la RDC et l Afrique du Sud, avec une part export donnee entre 60 et 80 pour cent selon les sources. Une seconde ligne de 500 t/jour etait annoncee, etat non confirme. Confirmation indirecte et forte : PFG a obtenu en janvier 2026 des droits antidumping provisoires sud-africains contre le float tanzanien — on ne se defend pas contre un concurrent negligeable. CONSEQUENCE : l argument de l absence de production locale est FAUX dans toute cette zone, et il avait deja ete rattrape pour le Kenya le matin meme. La campagne y a investi 39 fiches pour zero commande, et je l attribuais au ciblage ou au message : c est au moins en partie le marche. CONDUITE : ne plus ouvrir de fiches dans la zone, ne pas y investir d effort de relance, et ne garder que ce que Sapphire ne fait pas — low-E, miroir sans cuivre ni plomb, vitrage technique, grands formats. Si une relance part malgre tout, elle porte sur ces references et sur rien d autre. CORRECTION DE MA PART, FAITE DANS LE QUART D HEURE : j ai annote cette fiche du declassement est-africain, a tort. Les marches d export documentes de Sapphire Float Glass sont Madagascar, le Burundi, la Zambie, le Rwanda, la RDC et l Afrique du Sud. NI MAURICE NI LES SEYCHELLES n y figurent. J ai etendu la conclusion a l ocean Indien par commodite geographique au lieu de m en tenir a la liste. Ces iles importent tout leur verre et rien n etablit qu un producteur regional les desserve : la fiche n est PAS declassee et le paragraphe precedent ne s y applique pas. Lecon : une conclusion s applique au perimetre que la source donne, pas a la region qu on imagine autour.;RELANCE 2026-10-06
Sierra Leone;SL;Freetown;Gr8 Vision Investment SL Ltd (Premier Aluminium);Fabrication de fenetres et portes aluminium;gr8vision-sl.com;info@gr8vision-sl.com;+232 77 723 963;Specialiste menuiserie aluminium de Freetown. Aucune adresse email publiee : a rappeler. Port Freetown. Constituee en 2022 a Freetown, fabricant de menuiseries alu et verre. Dirigeant : M. Alpha Musa, CEO. WhatsApp 077 723963. Aucune adresse email publiee : a appeler ou passer par WhatsApp. DEVERROUILLEE LE 08/10 : info arobase gr8vision-sl.com est publiee sur leur page Premier Aluminium Windows and Doors, domaine identique a celui du site, regle anti-rebond satisfaite sans exception. ATTENTION, LEUR SITE PUBLIE DEUX DOMAINES DIFFERENTS pour la meme boite : la page de contact donne info arobase gr8vision.com, sans le suffixe sl. C est l adresse du domaine du site qui a ete retenue, l autre servira de repli. Bureau de Freetown, 25 Kinsella Street en retrait de Syke Street, +232 77 723963. DEUX AUTRES IMPLANTATIONS relevees, utiles pour juger de la taille : un bureau sur la route Bo-Kenema, bo arobase gr8vision.com et +232 88 213500, et un atelier a Obama Junction, +232 75 050067. Trois sites dont un atelier font une structure reelle et non un revendeur. Horaires contradictoires selon les pages, du lundi au samedi 8h-17h30 sur une page, 8h-17h sur une autre, du lundi au vendredi 9h-17h sur une troisieme : viser le milieu de matinee heure de Freetown. ENVOI programme le 09/10 en anglais. Port Freetown. Prochaine action : envoyer le 09/10.;A ENVOYER 2026-10-09
Singapour;SG;Singapour (Gul Drive);H T Glass Pte Ltd;Transformateur architectural : trempe, feuillete, email ceramique numerique;htglass.com.sg;enquiries@htglass.com.sg;+65 6269 3345;Certifie AGC — transformateur architectural haut de gamme. Port Singapour. Relance 07/10 sans signature, message court a une seule question : quelles references et epaisseurs au plus gros volume annuel. Porte de sortie proposee. Angle Singapour ne produit pas de verre plat mais les marchandises y circulent mieux qu ailleurs, donc l acheteur singapourien depend de qui il choisit et non d un corridor unique.;RELANCE 2026-10-07
Singapour;SG;Singapour (Joo Koon Circle);Siew Kong Glass Makers Pte Ltd;Verre feuillete et verre imprime numerique;siewkongglass.com.sg;sales@siewkongglass.com.sg;;43 Joo Koon Circle. Port Singapour, envoi en anglais. Relance 07/10 sans signature, une seule question sur les plus gros volumes annuels, porte de sortie. Angle feuilletage et impression numerique : deux procedes qui exigent une feuille optiquement reguliere, l un parce qu il colle deux feuilles qui doivent correspondre, l autre parce qu il revele tout.;RELANCE 2026-10-07
Sint Maarten;SX;Cole Bay (Ocean Building, Union Road 88);TecAlu;Fabrication aluminium facades fenetres portes coulissantes et volets, categorie verre annoncee;tecalu.com;info@tecalu.com;;Produits concus par TECHNAL et fabriques a Saint-Martin. Facadier-fabricant donc consommateur de vitrage en volume. Aucun contact dans les resultats : a appeler ou a chercher sur leur site. A preciser si l implantation est en partie francaise ou neerlandaise de l ile. DEVERROUILLEE LE 08/10 ET PAYS CORRIGE. info arobase tecalu.com est publiee dans leur mention legale, domaine identique a celui du site, regle anti-rebond satisfaite sans exception. Leur page de contact, elle, n affiche pas d adresse, et leur page de retours ne porte qu un gabarit entre accolades : c est la mention legale qui fait foi. CORRECTION DE PAYS : la fiche la classait a Saint-Martin, cote francais. Leur mention legale nomme TECALU N.V., une societe de droit NEERLANDAIS, au Ocean Building, Union Road 88, cote hollandais de l ile, telephone +1 721 544 3280. La fiche passe donc a Sint Maarten. Grep fait avant ecriture : aucun doublon, la fiche voisine Cole Bay Glass est une autre maison, et Saint-Martin garde SXM Aluminium Installation. ANGLE, ET IL EST FRANC : leur catalogue est bati sur TECHNAL, un systeme aluminium francais du groupe Hydro. Ils travaillent donc deja avec de la fourniture europeenne et n ont pas a etre convaincus que l Europe sait livrer une ile des Caraibes. Gamme : systemes aluminium et verre, volets, protection solaire, chassis speciaux, portes automatiques a economie d energie. Marche cyclonique, donc consommateur de FEUILLETE. ENVOI programme le 09/10 en anglais ou en francais, les deux se pratiquent sur l ile. Port Philipsburg. Prochaine action : envoyer le 09/10.;A ENVOYER 2026-10-09
Sint Maarten;SX;Cole Bay (Well Road 9 Jobco Complex Unit 6);Cole Bay Glass & Mirror;Decoupe et pose de verre et miroirs pour particuliers hotels et entreprises;colebayglass.com;;;TRES BON PROFIL : leur catalogue annonce du float en 4 6 et 8 mm, du feuillete en plusieurs epaisseurs et du jalousie 6 mm sur mesure. Donc acheteur de float declare, sur une ile sans ligne float. AUCUNE ADRESSE PUBLIEE : les devis passent par un formulaire et par WhatsApp sur leur site. Conformement au paragraphe 5, statut appel. Priorite haute sur Sint Maarten. VERIFIE LE 08/10, ADRESSE NON LISIBLE : leur site porte bien des liens e-mail et WhatsApp mais l adresse n apparait pas dans le texte indexe. Reste WhatsApp ou le formulaire. Atelier precise : Cole Bay - Well Road 9, Jobco Complex, unite 6, a cote de MNA Auto Parts. Horaires 8h30-16h du lundi au vendredi. Metier confirme, decoupe et pose sur mesure pour le residentiel, l HOTELLERIE et le commercial. L hotellerie est a noter : sur une ile touristique c est le segment qui consomme du miroir et du verre de salle de bain en volume, et c est exactement notre page miroir sans cuivre ni plomb. RESERVE DE TAILLE : decoupe et pose sur un marche de 40 000 habitants, donc volume probablement inferieur a un conteneur. A qualifier au telephone avant tout effort. Prochaine action : appel ou WhatsApp, etablir le volume annuel.;A APPELER
Sint Maarten;SX;Cole Bay (Well Road 9 Jobco Complex);Rollfix;Fenetres portes protection cyclonique et verre;rollfix-sxm.com;rollfixsxm@gmail.com;+1 721 543 5960;Plus de dix ans sur Sint Maarten et les iles voisines. ANGLE RETENU : la protection cyclonique est du feuillete, et le feuillete n est jamais un produit local sur une ile sans ligne float. ADRESSE GMAIL : le domaine du site rollfix-sxm.com figure bien dans les URL mais le domaine de l adresse differe. Relevee comme publiee par la societe, a confirmer si un rebond survient. QUESTION POSEE : importent-ils directement ou achetent-ils a un distributeur regional. Regle anti-rebond OK : le domaine figure dans les URL de resultats. Controle MX impossible le 08/10 car le resolveur DNS de la session est hors service.;ENVOYE 2026-10-08
Sint Maarten;SX;Cole Bay;JM Glass Fix SXM et Hassells Auto Center;Vitrage automobile pare-brise et teintage;;;+1 721 580 1202;ECARTEES : vitrage automobile au detail, hors perimetre de la campagne conteneur. Fiche groupee pour memoire afin de ne pas les reprospecter.;ECARTE — PETITE STRUCTURE
Slovaquie;SK;Dunajská Streda;WINDOW GLASS s.r.o.;Vitrage isolant, feuillete, trempe, usinage CNC et gros de verre;windowglass.sk;info@windowglass.sk;+421 918 973 544;Mliecany 64. VEND DU FLOAT EN GROS (gamme UltraClear). Pays enclave : transit par Koper, Rijeka ou Hambourg. Envoi en anglais. Relance 07/10 sans signature, une seule question sur les plus gros volumes annuels, porte de sortie. Angle gamme complete isolant feuilletage trempe usinage CNC et gros : acheteur a la fois de constance pour la transformation et de largeur pour le negoce.;RELANCE 2026-10-07
Somalie;SO;Mogadiscio (Banadir);Alhatimi Glass & Glazing;Profiles aluminium et PVC, fenetres, portes et tous types de verre;;;;Fournisseur verre-aluminium de Mogadiscio. Aucune adresse email publiee : a rappeler. Port Mogadiscio.;A APPELER
Soudan du Sud;SS;Juba;Universal Africa Ltd;Facades vitrage et bardage alu verre inox et acier;universalafricaltd.com;;;Se presente comme le premier facadier du Soudan du Sud, plus de trente ans d'experience au Moyen-Orient et en Afrique de l'Est. Aucune adresse email publiee : a appeler. Transit Mombasa ou Djibouti. VERIFIE LE 08/10, AUCUNE ADRESSE PUBLIEE dans les resultats, seul un bouton Get Appointment. Reste un dossier telephonique, +211 955 070 715. Positionnement annonce par eux-memes : le plus gros poseur de facades verrieres et de bardage du Soudan du Sud, plus de trente ans de metier, aluminium verre murs rideaux bardage et acier. CONTRADICTION A LEVER AVANT TOUT EFFORT : leur rubrique About Company dit l entreprise basee en OUGANDA alors que le reste du site la decrit au Soudan du Sud. Si la base reelle est Kampala, le port de transit change, Mombasa plutot que Mombasa via Juba, et surtout il faut verifier qu elle ne figure pas deja au registre sous une fiche ougandaise. Prochaine action : appel, etablir le pays de la structure acheteuse avant de calibrer une offre.;A APPELER
Sri Lanka;LK;Athurugiriya (Colombo);Asoka Glass & Mirror S3 (Pvt) Ltd;Verre et miroiterie depuis 1946, reseau de revendeurs;asokaglass.lk;info@asokaglass.lk;+94 117 514 501;MAISON DE 1946 avec reseau de revendeurs dans tout le pays. Port Colombo, envoi en anglais. Relance 07/10 sans signature, une seule question sur les plus gros volumes annuels, porte de sortie. Angle reseau de revendeurs depuis 1946 : approvisionnement de plusieurs points de vente et non d un chantier. Port Colombo.;RELANCE 2026-10-07
Sri Lanka;LK;Colombo 04;IRU Glass & Mirror Company;Verre et miroiterie;iruglass.com;iruglass@sltnet.lk;;Sur Colombo, premier port du pays. ADRESSE REBONDIE le 23/09 (mail receiving disabled) : chercher une autre adresse ou appeler.;ADRESSE INVALIDE
Sri Lanka;LK;Colombo 11 (Prince Street);JPP Glass and Mirror;Un des premiers importateurs de verre et miroirs du pays;;;;IMPORTATEUR. Aucune adresse publiee.;A APPELER
Sri Lanka;LK;Colombo 13 (Sangamitta Mawatha);Globe Glass (Pvt) Ltd;Trempe, float, miroir, feuillete, controle solaire, double vitrage;globeglass.lk;info@globeglass.lk;+94 11 238 6038;IMPORTATEUR-STOCKISTE-DISTRIBUTEUR depuis 1969, No. 35 Sangamitta Mawatha. Gamme complete et activite export. Port Colombo, envoi en anglais. Relance courte le 06/10 : une seule question posee (la reference et l'epaisseur la plus achetee) contre un prix ferme sous 48h, et sortie offerte en repondant non.;RELANCE 2026-10-06
Sri Lanka;LK;Colombo 14 (Prince of Wales Ave);Thai Tempered Glass (Pvt) Ltd;Trempe, faconnage, feuilletage, sablage depuis 2000;thaitempered.lk;info@thaitempered.lk;+94 74 202 8590;Pionnier de la transformation du verre au Sri Lanka. Port Colombo. Envoi en anglais. CONTROLE MX DU 07/10 : le domaine thaitempered.lk n a aucun enregistrement MX, seulement un A. Livraison incertaine. Ne pas inclure dans un lot groupe : tester seul et surveiller le rebond. Relance 08/10 une seule question plus porte de sortie. Controle MX impossible : resolveur DNS de la session hors service. Regle anti-rebond satisfaite et adresse ayant deja recu un envoi en septembre sans rebond. Angle ile sans ligne float, Colombo. Envoi SEUL car domaine sans MX : aucun rebond immediat.;RELANCE 2026-10-08
Sri Lanka;LK;Colombo 14;CPP Glass — Colombo Picture Palace (Pvt) Ltd;Trempe, feuillete, teinte, vitrage isolant depuis 1943;cppglass.com;info@cppglass.com;+94 11 242 1777;MAISON DE 1943, pionnier du verre au Sri Lanka, Prince of Wales Ave. Port Colombo, envoi en anglais. Relance 07/10 sans signature, une seule question sur les plus gros volumes annuels, porte de sortie. Angle transformateur depuis 1943 : une ligne de feuilletage ou de trempe ne pardonne pas une feuille irreguliere. Port Colombo.;RELANCE 2026-10-07
Sri Lanka;LK;Colombo, Negombo, Puttalam, Jaffna;City Glass;Import et distribution de verre plat, profiles aluminium, panneaux composites et quincaillerie;cityglassnet.com;mail@cityglassnet.com;+94 31 222 4820;CIBLE MAJEURE : figure parmi les dix premiers importateurs-distributeurs de verre plat du pays, quatre entrepots. Port Colombo. 343/346 Main Street, Negombo. Envoi en anglais. Relance courte le 06/10 : une seule question posee (la reference et l'epaisseur la plus achetee) contre un prix ferme sous 48h, et sortie offerte en repondant non.;RELANCE 2026-10-06
Sri Lanka;LK;Colombo;Goldland Trading Company;Negoce de verre dont float clair;goldlandtc.com;sales@goldlandtc.com;;MAISON DE NEGOCE : deja importateur par construction, le pays n'a pas de float. REPONSE 07/10 de P. Thileeban : demande vers quels pays nous exportons. Repondu le 07/10 — refus de communiquer la liste clients au nom de la confidentialite, mentions legales et WhatsApp donnes, demande de cotation sollicitee. WhatsApp +94 768 336 336.;REPONSE 2026-10-07
Sri Lanka;LK;Colombo;Gurind Accor (Browns Group);Fournisseur de verre trempé;gurindaluminium.lk;;;Adossé au groupe Browns : capacité de volume. ADRESSE REBONDIE : passer par Browns Group. CONTROLE MX DU 07/10 : le domaine gurindaluminium.lk ne resout pas (NXDOMAIN), l adresse info@gurindaluminium.lk ne peut pas recevoir. Adresse retiree du registre. Passer par le telephone.;ADRESSE INVALIDE
Sri Lanka;LK;Colombo;Hydra Glass Company;Transformation, import et vente en gros de float clair et teinte;hydraglass.lk;sales@hydraglass.lk;;Adresse general arobase hydraglass.lk citee sans recoupement du domaine : ne pas deviner, appeler. DEVERROUILLEE LE 08/10, ET LA FICHE CHANGE DE CATEGORIE. sales arobase hydraglass.lk est publiee sur leur page de contact, domaine identique a celui du site, regle anti-rebond satisfaite, et c est une adresse commerciale donc le bon canal. FAIT DECISIF, RELEVE SUR LEUR PROPRE SITE : ils se declarent IMPORTATEURS ET DISTRIBUTEURS DE FLOAT, clair, reflechissant et teinte. Ce n est plus un prospect a convaincre de l interet d importer, c est un importateur en place a qui on propose une autre origine. C est le profil le plus direct du registre. Adresse 523 Avissawella Road, Wellampitiya, dans l agglomeration de Colombo. Telephones +94 112 534 891, 075 666 1333 et 077 824 4084, releves sur une page mal formatee donc a confirmer. Horaires 9h-18h du lundi au vendredi et 9h-15h le samedi. RESERVE : les pages indexees ont environ quatre ans, les coordonnees peuvent avoir bouge. ENVOI programme le 09/10 en anglais. Port Colombo. Prochaine action : envoyer le 09/10.;A ENVOYER 2026-10-09
Sri Lanka;LK;Kelaniya (Dalugama);J.I. Import and Export (Pvt) Ltd;Import, transformation de verre et fabrication de miroirs;jiimportandexport.lk;info@jiimportandexport.lk;;IMPORTATEUR DECLARE : le conteneur est deja son unite d'achat. Conteneur mixte propose. Port Colombo. Relance 08/10, format court a une seule question plus porte de sortie. Delivrabilite deja prouvee par l envoi du debut octobre. Angle : ils importent transforment et fabriquent du miroir donc le conteneur est deja leur unite d achat et seule l origine est une variable. Question volume annuel.;RELANCE 2026-10-08
Sri Lanka;LK;Sri Lanka;Gamini Enterprises Pvt Ltd;Fourniture de verre et miroirs sur mesure;glass.lk;info@glass.lk;;Sri Lanka sans usine float. Conteneur mixte propose. Port Colombo. Relance 08/10, format court a une seule question plus porte de sortie. Delivrabilite deja prouvee par l envoi du debut octobre. Question qui qualifie : importent-ils directement ou achetent-ils a un importateur de Colombo. C est ce qui decide de notre pertinence. LIVRAISON CONFIRMEE LE 08/10 : un accuse automatique est arrive a 10h46 depuis info arobase glass.lk, Thank you for contacting us we will get back to you as soon as possible. L adresse fonctionne et le message est bien entre. Ce n est pas une reponse commerciale, mais c est une preuve de delivrabilite, et elle vaut d etre notee tant que le controle MX est impossible. Prochaine action : attendre leur retour, relance le 22/10 si rien.;RELANCE 2026-10-08
Sri Lanka;LK;Sri Lanka;S S Glass (S S De Silva);Import et distribution de verre, activite aluminium;ssdesilva.lk;ssdesilvapvt@gmail.com;+94 112 876 666;Se presente comme importateur-distributeur de reference. Aucune adresse email publiee : a rappeler. Port Colombo. IMPORTATEUR DECLARE : importe deja du Saint-Gobain, du Guardian et de l'AGC Asia Pacific. Pres de vingt ans de metier, ex-Ashaie Glass. 248/1A Moragasmulla Rd Sri Jayawardenepura Kotte. Cible majeure. Port Colombo. Mini-mail sur mesure EN batti sur ses marques d'import. Relance courte le 06/10 : une seule question posee (la reference et l'epaisseur la plus achetee) contre un prix ferme sous 48h, et sortie offerte en repondant non.;RELANCE 2026-10-06
Suisse;CH;Wikon;Flachglas (Schweiz) AG;Solutions verrieres pour l architecture, le batiment et le retail;flachglas.ch;info@flachglas.ch;+41 62 745 00 30;Zentrumstrasse 2. Pays enclave : transit par Bale, Rotterdam ou Genes. Envoi en anglais. Relance 07/10 sans signature, une seule question sur les plus gros volumes annuels, porte de sortie. Relance en anglais avec proposition de passer a l allemand ou au francais. Angle trois segments architecture batiment et retail donc gamme large tenue en meme temps, cas type du chargement mixte.;RELANCE 2026-10-07
Suriname;SR;Paramaribo (Beekhuizen);Xin Li Glashandel;Negoce de verre et miroiterie;;;+597 401 318;Van t Hogerhuysstraat 15 Beekhuizen Paramaribo. Aucune adresse email publiee : a appeler;A APPELER
Suriname;SR;Paramaribo;Sun's Aluminium Trading;Fourniture de produits aluminium pour la construction et l industrie;;;;Fournisseur aluminium de Paramaribo. Aucune adresse email publiee : a rappeler. Port Paramaribo.;A APPELER
Suède;SE;Forserum;Forserum Safety Glass AB;Grossiste et transformateur de verre plat, verre de securite;fsglass.se;info@fsglass.se;+46 380 295 00;Sorbyvagen 9. Gros consommateur de float. Port Goteborg, envoi en suedois. Relance 07/10 sans signature, une seule question sur les plus gros volumes annuels, porte de sortie. Angle double activite gros et transformation, et le verre de securite ne tolere pas une feuille de base irreguliere.;RELANCE 2026-10-07
Suède;SE;Göteborg (Karl Johansgatan 25, 414 59);Göteborgs Byggnadsglas AB;Verre de construction;byggnadsglas.se;douglas@byggnadsglas.se;+46 31 24 14 59;Karl Johansgatan 25, sur le port de Goteborg. Envoi en suedois DOMAINE byggnadsglas.se INTROUVABLE le 25/09 : appeler le +46 31 24 14 59. FICHE RESSUSCITEE LE 08/10 : douglas arobase byggnadsglas.se est publiee sur leur page Kontakta oss, domaine identique a celui du site, regle anti-rebond satisfaite. PRECAUTION DU PARAGRAPHE 5 : le libelle de la boite est un prenom, mais aucune fonction n est publiee. Ecrire a la SOCIETE et ne pas ouvrir par un Bonjour Douglas comme si l interlocuteur et sa fonction etaient connus. Telephone 031-24 14 59, fax 031-24 43 36, Karl Johansgatan 25, 414 59 Goteborg. Horaires 7h-16h30 du lundi au vendredi, ferme le week-end, soit une heure d avance sur Paris en ouverture. RESERVE DE PROFIL, ET ELLE COMPTE : leurs pages produits portent sur les PLANCHERS DE VERRE et les VITRINES D EXPOSITION, donc de la fourniture specialisee en petite serie et non du negoce de volume. Un conteneur complet est probablement hors de leur echelle. La question du message doit porter sur le volume annuel avant toute offre, et l Europe releve de toute facon du paragraphe 6 : relance d une fiche existante, pas de nouvelle prospection. ENVOI programme apres le lot principal. Port Goteborg. Prochaine action : envoyer apres le 10/10.;A ENVOYER 2026-10-13
Suède;SE;Osby;Osby Glas AB;Grossiste verrier : vitrage isolant, verre de construction, verre colore;osbyglas.se;order@osbyglas.se;+46 479 173 00;Maison de 1934, un des premiers independants suedois du verre plat. Port Goteborg, envoi en suedois. Relance 07/10 sans signature, une seule question sur les plus gros volumes annuels, porte de sortie. Angle grossiste nordique : le Low-E n y est pas un detail de specification, c est le produit.;RELANCE 2026-10-07
Suède;SE;Örebro, Stockholm et Göteborg;Glasgruppen;Groupement de grossistes verriers, plus de 100 ans de metier;glasgruppen.se;info@marting.se;;Adresse Orebro. Stockholm et Goteborg joignables sur info@klaesjansson.se, touchee aussi. Port Goteborg, envoi en suedois. Relance 07/10 sans signature, une seule question sur les plus gros volumes annuels, porte de sortie. Angle groupement : un conteneur n est jamais trop grand pour un groupement d achat, ce qui serait lourd pour un membre est une routine a plusieurs. Une caisse peut servir plusieurs membres.;RELANCE 2026-10-07
Sénégal;SN;Dakar (Av. Blaise Diagne x Rue Armand Angrand);Sénégal Miroir;Verre et miroiterie de qualité européenne;;senegalmiroir@hotmail.fr;+221 33 822 24 82;Se positionne deja sur la qualite europeenne : argument direct. Profil showroom : verifier la taille avant de relancer. Port Dakar. Relance 08/10 une seule question plus porte de sortie. Controle MX impossible : resolveur DNS de la session hors service. Regle anti-rebond satisfaite et adresse ayant deja recu un envoi en septembre sans rebond. Angle qualite europeenne deja revendiquee. Porte de sortie servant aussi a qualifier la taille.;RELANCE 2026-10-08
Sénégal;SN;Dakar;C3S Sénégal;Sablage, polissage, biseautage, décoration du verre;c3s.sn;contact@c3s.sn;;BP 23583 Dakar. Façonnier. Adresse trouvee le 06/10. Gamme complete en teintes et epaisseurs donc importateur. Conteneur mixte propose. Envoi en francais.;ENVOYE 2026-10-06
Sénégal;SN;Dakar;ETS Mbaye et Frères;Aluminium, vitrerie, inox, composite, verre trempé;;;;Négoce matériaux : achète en volume. Negociant multi-materiaux incluant le verre trempe. Aucune adresse email publiee : a rappeler. Port Dakar.;A APPELER
Sénégal;SN;Dakar;ITA SEN ALU;Menuiserie aluminium et PVC pour l'Afrique de l'Ouest;itasenalu.com;info@itasenalu.com;+221 33 860 78 80;Aucun four float en Afrique de l'Ouest : argument pose en premiere ligne. Envoi en francais. Port Dakar.;ENVOYE 2026-10-06
Sénégal;SN;Dakar;SK ALU;Vitrerie, miroiterie, découpe;;;+221 65 944 90 80;Petite structure, à qualifier.  STATUT RENSEIGNE LE 08/10 : cette fiche avait un statut VIDE, ce qui la rendait invisible aux pools de relance comme au decompte des fiches jamais contactees. Aucune adresse publiee, donc dossier telephonique.;A APPELER
Tanzanie;TZ;Dar es Salaam (Mbezi);Glass Dubai Aluminium Profile Co. Ltd;Fabrication, pose et maintenance aluminium et verre depuis 2006;glassdubaialuminium.co.tz;info@glassdubaialuminium.co.tz;+255 758 645 273;Argument revu : l'usine float de Mkuranga existe, angle seconde source et regularite. ZONE EST-AFRICAINE DECLASSEE LE 08/10, SUR UN FAIT VERIFIE. Sapphire Float Glass, a Mkuranga en Tanzanie, capital chinois, est EN PRODUCTION : capacite 700 tonnes par jour soit 189 000 tonnes par an, production effective de 450 tonnes par jour en mai 2024 selon la ministre tanzanienne Ashatu Kijaji citee par Xinhua. Et elle EXPORTE DEJA vers Madagascar, le Burundi, la Zambie, le Rwanda, la RDC et l Afrique du Sud, avec une part export donnee entre 60 et 80 pour cent selon les sources. Une seconde ligne de 500 t/jour etait annoncee, etat non confirme. Confirmation indirecte et forte : PFG a obtenu en janvier 2026 des droits antidumping provisoires sud-africains contre le float tanzanien — on ne se defend pas contre un concurrent negligeable. CONSEQUENCE : l argument de l absence de production locale est FAUX dans toute cette zone, et il avait deja ete rattrape pour le Kenya le matin meme. La campagne y a investi 39 fiches pour zero commande, et je l attribuais au ciblage ou au message : c est au moins en partie le marche. CONDUITE : ne plus ouvrir de fiches dans la zone, ne pas y investir d effort de relance, et ne garder que ce que Sapphire ne fait pas — low-E, miroir sans cuivre ni plomb, vitrage technique, grands formats. Si une relance part malgre tout, elle porte sur ces references et sur rien d autre.;ENVOYE 2026-10-06
Tanzanie;TZ;Dar es Salaam, Pugu Road;Salehbhai Glass Industries Ltd;Transformation de verre trempé et isolant;salehbhaiglass.co.tz;sales@salehbhaiglass.co.tz;+255 763 501771;Fabrication automatisée de double et triple vitrage, cibler float et Low-E. Port Dar es Salaam, envoi en anglais. Relance 07/10 sans signature, message court a une seule question : quelles references et epaisseurs au plus gros volume annuel. Porte de sortie proposee. Angle Dar es Salaam est le port meme, avantage sur les acheteurs de l interieur. Port Dar es Salaam. ZONE EST-AFRICAINE DECLASSEE LE 08/10, SUR UN FAIT VERIFIE. Sapphire Float Glass, a Mkuranga en Tanzanie, capital chinois, est EN PRODUCTION : capacite 700 tonnes par jour soit 189 000 tonnes par an, production effective de 450 tonnes par jour en mai 2024 selon la ministre tanzanienne Ashatu Kijaji citee par Xinhua. Et elle EXPORTE DEJA vers Madagascar, le Burundi, la Zambie, le Rwanda, la RDC et l Afrique du Sud, avec une part export donnee entre 60 et 80 pour cent selon les sources. Une seconde ligne de 500 t/jour etait annoncee, etat non confirme. Confirmation indirecte et forte : PFG a obtenu en janvier 2026 des droits antidumping provisoires sud-africains contre le float tanzanien — on ne se defend pas contre un concurrent negligeable. CONSEQUENCE : l argument de l absence de production locale est FAUX dans toute cette zone, et il avait deja ete rattrape pour le Kenya le matin meme. La campagne y a investi 39 fiches pour zero commande, et je l attribuais au ciblage ou au message : c est au moins en partie le marche. CONDUITE : ne plus ouvrir de fiches dans la zone, ne pas y investir d effort de relance, et ne garder que ce que Sapphire ne fait pas — low-E, miroir sans cuivre ni plomb, vitrage technique, grands formats. Si une relance part malgre tout, elle porte sur ces references et sur rien d autre.;RELANCE 2026-10-07
Tanzanie;TZ;Dar es Salaam;Dar es Salaam Glass Works;Transformateur verre + aluminium;dsmglass.co.tz;sales@dsmglass.co.tz;;40 ans d'activite. Plus gros fournisseur verre+alu de Tanzanie. Dessert TZ Kenya Rwanda Ouganda. Attention Sapphire Float Glass produit sur place - argumenter Low-E feuillete grands formats miroir Relance courte le 06/10 : une seule question posee (la reference et l'epaisseur la plus achetee) contre un prix ferme sous 48h, et sortie offerte en repondant non. ZONE EST-AFRICAINE DECLASSEE LE 08/10, SUR UN FAIT VERIFIE. Sapphire Float Glass, a Mkuranga en Tanzanie, capital chinois, est EN PRODUCTION : capacite 700 tonnes par jour soit 189 000 tonnes par an, production effective de 450 tonnes par jour en mai 2024 selon la ministre tanzanienne Ashatu Kijaji citee par Xinhua. Et elle EXPORTE DEJA vers Madagascar, le Burundi, la Zambie, le Rwanda, la RDC et l Afrique du Sud, avec une part export donnee entre 60 et 80 pour cent selon les sources. Une seconde ligne de 500 t/jour etait annoncee, etat non confirme. Confirmation indirecte et forte : PFG a obtenu en janvier 2026 des droits antidumping provisoires sud-africains contre le float tanzanien — on ne se defend pas contre un concurrent negligeable. CONSEQUENCE : l argument de l absence de production locale est FAUX dans toute cette zone, et il avait deja ete rattrape pour le Kenya le matin meme. La campagne y a investi 39 fiches pour zero commande, et je l attribuais au ciblage ou au message : c est au moins en partie le marche. CONDUITE : ne plus ouvrir de fiches dans la zone, ne pas y investir d effort de relance, et ne garder que ce que Sapphire ne fait pas — low-E, miroir sans cuivre ni plomb, vitrage technique, grands formats. Si une relance part malgre tout, elle porte sur ces references et sur rien d autre.;RELANCE 2026-10-06
Tanzanie;TZ;Dar es Salaam;Salebhai Glass Industries;Float, trempe, feuillete, verre a couche et vitrage isolant;;;;Aucune adresse publiee. ZONE EST-AFRICAINE DECLASSEE LE 08/10, SUR UN FAIT VERIFIE. Sapphire Float Glass, a Mkuranga en Tanzanie, capital chinois, est EN PRODUCTION : capacite 700 tonnes par jour soit 189 000 tonnes par an, production effective de 450 tonnes par jour en mai 2024 selon la ministre tanzanienne Ashatu Kijaji citee par Xinhua. Et elle EXPORTE DEJA vers Madagascar, le Burundi, la Zambie, le Rwanda, la RDC et l Afrique du Sud, avec une part export donnee entre 60 et 80 pour cent selon les sources. Une seconde ligne de 500 t/jour etait annoncee, etat non confirme. Confirmation indirecte et forte : PFG a obtenu en janvier 2026 des droits antidumping provisoires sud-africains contre le float tanzanien — on ne se defend pas contre un concurrent negligeable. CONSEQUENCE : l argument de l absence de production locale est FAUX dans toute cette zone, et il avait deja ete rattrape pour le Kenya le matin meme. La campagne y a investi 39 fiches pour zero commande, et je l attribuais au ciblage ou au message : c est au moins en partie le marche. CONDUITE : ne plus ouvrir de fiches dans la zone, ne pas y investir d effort de relance, et ne garder que ce que Sapphire ne fait pas — low-E, miroir sans cuivre ni plomb, vitrage technique, grands formats. Si une relance part malgre tout, elle porte sur ces references et sur rien d autre.;A APPELER
Thaïlande;TH;Bangkok (Yan Nawa);Thai-German Specialty Glass Co. Ltd (TGSG);Trempe, feuillete et vitrage isolant, coentreprise thai-allemande depuis 1985;tgsg.co.th;marketing@tgsg.co.th;;Premier transformateur de verre technique de Thailande, trois lignes trempe feuillete isolant. Viser extra-clair, Low-E et grands formats. Port Laem Chabang, envoi en anglais. Relance 07/10 sans signature, une seule question sur les plus gros volumes annuels, porte de sortie. Angle coentreprise thai-allemande depuis 1985 : un des rares acteurs de la region a qui la conversation sur la specification europeenne n a pas besoin d etre expliquee. Port Laem Chabang.;RELANCE 2026-10-07
Togo;TG;Lomé (380 rue du Chemin de Fer, Assivito);ETS VITRO MZ;Miroiterie et vitrerie;;;+228 22 21 21 88;Premiere fiche Togo du registre. Port de Lome, hub de transbordement regional. Aucune adresse publiee.;A APPELER
Tonga;TO;Nuku'alofa (Haveluloto);CDL Aluminium Ltd (Nulook Tonga);Menuiserie aluminium et vitrage, licencie Nulook;;;;Api Mataka Haveluloto. Licencie de la marque neo-zelandaise Nulook. Adresse email masquee sur l'annuaire : a appeler;A APPELER
Trinité-et-Tobago;TT;Barataria;Caribbean Glass Specialists Ltd;Fabrication de fenetres et portes aluminium et verre depuis plus de 55 ans;cgstt.com;glasspec@caribbeanglasstt.com;+1 868 675 7571;Plus ancien fabricant verre-aluminium du pays, 49-55 Eastern Main Road. Port Port of Spain, envoi en anglais. Relance 07/10 sans signature, message court a une seule question : quelles references et epaisseurs au plus gros volume annuel. Porte de sortie proposee. Angle insulaire : 55 ans de fabrication sur une ile donc chaque feuille coupee est arrivee en conteneur, la seule question est qui le charge. Chargements mixtes, une caisse au lieu de trois expeditions. Port Port of Spain. DEMANDE DE PRIX RECUE LE 07/10 A 17h24 Paris, de Akeeda. Ils disent avoir des fournisseurs de longue date qui leur accordent des conditions de credit, mais rester ouverts a une offre competitive. Demandent prix ET fret rendu Port of Spain sur cinq references : 4 mm gris fonce en 48x96 et 72x96 pouces, 6 mm feuillete clair en 96x72 et 130x89 pouces, 6 mm miroir en 96x72 pouces. AUCUNE QUANTITE INDIQUEE : c est la premiere chose a leur demander. POINT TECHNIQUE A TRANCHER : le 130x89 pouces fait 3302 x 2261 mm et ne sort pas d un jumbo 3210 x 2550, il faut un PLF 6000 x 3210. A VALIDER PAR AARON : le gris teinte et le feuillete ne figurent pas dans la gamme publiee, les conditions de paiement, et la faisabilite du 3302 mm. REPONSE ENVOYEE LE 07/10 sur autorisation d Aaron. Credit annonce comme non bloquant et traite en premier puisque c est leur objection. Port of Spain confirme. Deux demandes seulement : quantites par reference et frequence, puis 20 pieds open top ou dry selon leur quai. Le 130x89 pouces signale comme hors cotes a confirmer avec l usine, sans rien promettre. Aucun prix annonce. PROCHAINE ACTION : attendre les quantites, puis Aaron fournit la grille. ENRICHISSEMENT DU 08/10, TROUVE EN CHERCHANT UNE AUTRE SOCIETE. DEUX DOMAINES POUR LA MEME MAISON, confirme : cgstt.com porte leur page About, et c est sur cette page que figure glasspec arobase caribbeanglasstt.com, l adresse sur laquelle nous correspondons. Les deux domaines sont donc bien les leurs, ce qui leve tout doute sur la regularite de notre envoi. ELEMENTS DE FOND UTILES POUR LE DOSSIER DE PRIX EN COURS : etablis a Barataria en 1962 ou 1963 selon la source, par Pooran Ramsingh, et ils se declarent FABRICANT RECONNU de fenetres et portes aluminium, vitrines, devantures de magasin et parois de douche. Devanture et vitrine veulent dire grandes feuilles, ce qui recoupe leur demande de 3302 x 2261 mm et confirme la question du grand format PLF. AVERTISSEMENT : au moins deux autres societes trinidadiennes portent un nom proche, Caribbean Glass and Aluminium Products a Port of Spain et une Caribbean Glass Co Ltd. Ne jamais melanger leurs coordonnees avec celles de ce dossier.;DEMANDE DE PRIX 2026-10-07
Trinité-et-Tobago;TT;Chaguanas (5 Trail Street);Central Glass and Aluminum Supplies Ltd;Fourniture de verre et aluminium;centralglasstt.com;sales@centralglasstt.com;+1 868 671 6553;Ile : conteneur mixte multi-references propose. Ports Port of Spain ou Point Lisas. Relance 08/10, format court a une seule question plus porte de sortie. Delivrabilite deja prouvee par l envoi du debut octobre. Angle conteneur mixte pour un fournisseur qui tient une gamme. Ports Port of Spain ou Point Lisas.;RELANCE 2026-10-08
Trinité-et-Tobago;TT;Marabella;Kamri Glass Investments Ltd;Trempe et feuilletage, float, pare-balles, vitrines;kamri.glass;;+1 868 235 4527;SEUL FABRICANT DE TREMPE ET DE FEUILLETE DES CARAIBES. Pas d'adresse publiee, formulaire seulement : appeler. Port Port-of-Spain. Adresse kamriglass arobase gmail.com disponible mais la filiale Guyana a ete relancee le 06/10 : attendre quelques jours avant d'ecrire a la maison mere de Trinite pour ne pas doublonner sur le meme groupe. VERIFIE LE 08/10, AUCUNE ADRESSE PUBLIEE : seul un formulaire. Reste un dossier telephonique, 868 235-4527. MAIS LA FICHE GAGNE UN FAIT QUI CHANGE SON RANG : ils n ont pas seulement un showroom. Leur page A propos annonce showroom et atelier a Marabella, 58 Battoo Avenue, ET UNE USINE AU POINT LISAS INDUSTRIAL ESTATE. Point Lisas est la zone industrielle portuaire de Trinite : une usine la-bas signifie de la transformation en propre et un acces direct au quai, donc un acheteur de conteneur credible et pas un poseur. A remonter dans les priorites d appel. Prochaine action : appel, demander l usine de Point Lisas et non le showroom. TESTEE LE 08/10 PAR LA METHODE DU PARAGRAPHE 13 : aucune adresse publiee, un formulaire, le (868) 235-4527 et le 58 Battoo Avenue a Marabella, sur Union Road. MAIS LE TEST RAPPORTE BEAUCOUP MIEUX QU UNE ADRESSE, ET CETTE FICHE DEVIENT PRIORITAIRE. Leur site porte une page BREAKTHROUGH EXPORTER OF THE YEAR 2022, une page de visite de la TTMA, l association des industriels de Trinite-et-Tobago, et une rubrique presse. AUTRES RAISONS SOCIALES RELEVEES, a connaitre avant d appeler : Kamri Investments Limited et Kamri Trinidad. CE QUE LE TITRE D EXPORTATEUR IMPLIQUE, ET C EST LE POINT : Trinite n a aucune production float, donc une maison de verre trinidadienne primee a l export est forcement un TRANSFORMATEUR qui importe son substrat et reexporte du verre travaille dans la Caraibe. C est exactement le profil qui achete au conteneur et qui raisonne en cout rendu. RESERVE A VERIFIER AU TELEPHONE : s ils exportent du verre fini, ils peuvent aussi etre concurrents sur certaines lignes. Poser la question franchement comme pour Glass Global Distributors. Port Point Lisas ou Port of Spain. Objectif de l appel : l adresse des achats et savoir d ou vient leur substrat aujourd hui.;A APPELER
Trinité-et-Tobago;TT;Port of Spain;Caribbean Glass & Aluminium Products Ltd;Verre et aluminium, extrusion;;;+1 868 633 1030;Adresse masquee par l'annuaire. Sert plusieurs iles. Ports Port of Spain ou Point Lisas. Complement du 08/10 : la societe a une agence a Saint-Vincent, Grenville Street a Kingstown, tel +1 784 456 1729, en plus du siege de Port of Spain. Presence multi-iles donc volumes a verifier. Adresse e-mail masquee par l annuaire sur les deux implantations : reste un dossier telephonique. METHODE EN DEUX TEMPS APPLIQUEE LE 08/10 : aucun site propre. Localisee a Goodwood Crescent, Goodwood Park, Port of Spain, par un annuaire caribeen qui donne un telephone et une adresse e-mail, mais un annuaire ne satisfait pas la regle anti-rebond : cette adresse ne sera PAS utilisee et n est pas recopiee ici. Appel uniquement. AVERTISSEMENT D IDENTITE, ET IL EST IMPORTANT : il existe au moins trois entites au nom proche a Trinite. Celle-ci, a Port of Spain. CARIBBEAN GLASS SPECIALISTS LTD a Barataria, qui est l un de nos quatre dossiers de prix ouverts et n a rien a voir. Et une Caribbean Glass Co Ltd citee par un annuaire. Ne jamais reporter une coordonnee d une fiche sur l autre.;A APPELER
Trinité-et-Tobago;TT;San Juan;Delta Glass Limited;Fabrication de fenetres et portes aluminium et verre;deltawds.com;sales@deltawds.com;+1 868 674 1474;Fabricant verre-aluminium commercial et residentiel. Port Port of Spain. Churchill Roosevelt Highway et Aranguez Main Road, San Juan. Envoi en anglais. Relance 07/10 sans signature, une seule question sur les plus gros volumes annuels, porte de sortie. Angle insulaire : chaque feuille coupee est arrivee en conteneur, la seule question est qui le charge. Chargements mixtes, une caisse au lieu de trois expeditions. Ports Port of Spain ou Point Lisas.;RELANCE 2026-10-07
Trinité-et-Tobago;TT;Trinidad et reseau regional;King Aluminium Ltd;Fabrication aluminium et verre, reseau multi-iles;kingaluminiumtt.com;info@kingaluminiumtt.com;+1 868 389 2482;TRES BONNE CIBLE : fournit au-dela de Trinidad vers la Jamaique Antigua la Grenade le Guyana le Suriname et Saint-Kitts-et-Nevis. Aucune de ces iles n a de ligne float donc tout entre par conteneur. Angle retenu : la portee du reseau impose du volume sur un calendrier previsible, pas de l achat a la feuille. Note de marche : Trinidad est un petit marche ou Caribbean Glass Specialists est deja en discussion de prix avec nous. Ce sont des concurrents locaux, ce qui est normal pour un fournisseur, mais a garder en tete. Regle anti-rebond OK : le domaine figure dans les URL de resultats. Controle MX impossible le 08/10 car le resolveur DNS de la session est hors service.;ENVOYE 2026-10-08
Trinité-et-Tobago;TT;Trinidad;KHANS Aluminium;Fabrication de fenetres portes et produits metalliques, exportateur CARICOM;khansaluminium.com;sales@khansaluminium.com;+1 868 659 2377;Emet des certificats d origine pour entrer en franchise de droits a la Barbade en Grenade a Sainte-Lucie a Saint-Vincent et en Dominique. Donc fabricant exportateur regional et non poseur local : sa contrainte est l intrant, pas le carnet de commandes. Port of Spain. Regle anti-rebond OK : le domaine figure dans les URL de resultats. Controle MX impossible le 08/10 car le resolveur DNS de la session est hors service.;ENVOYE 2026-10-08
Tunisie;TN;Mnihla;Promoverre;Fabrication de verre feuilleté et isolant;promoverre.com;;+216 70 563500;Producteur de vitrages feuilletés et isolants pour marchés tunisien et export. Pas d adresse publiee : appeler. Port Rades. Transformateur de verre plat depuis 1996, Z.I. M'nihla route de Bizerte km 5. Feuillete, double vitrage et VEC. Aucune adresse email publiee hors bases payantes : a appeler. VERIFIE LE 08/10, AUCUNE ADRESSE PUBLIEE dans les resultats : leur page de contact ne rend qu une adresse postale et des telephones. Reste un dossier telephonique, et il est solide. Quatre lignes : +216 70 563 500, 600 et 700, plus +216 71 555 000. Implantation route de Bizerte km 5, zone industrielle M nihla, 2094. PROFIL CONFIRME PAR LEUR PROPRE SITE et il est bon : societe FONDEE EN 1996, SPECIALISEE DANS LA TRANSFORMATION DE DIFFERENTS TYPES DE VERRE PLAT. C est bien notre metier, contrairement a la fiche SEVAM ecartee le meme jour. Un transformateur de verre plat avec trente ans de metier et quatre lignes telephoniques est une cible de premier rang des qu une adresse sera trouvee. Prochaine action : appel, demander les achats et une adresse e-mail. TESTEE LE 08/10 PAR LA METHODE DU PARAGRAPHE 13 : la page de contact existe en anglais et ne publie AUCUNE adresse e-mail, seulement route de Bizerte km 5, zone industrielle M Nihla 2094, et quatre numeros, +216 70 563 500 puis 600 puis 700, et +216 71 555 000. Fait qui maintient la valeur de la fiche : transformateur fonde en 1996 qui produit du feuillete et du vitrage isolant et declare vendre en Tunisie ET A L ETRANGER. Un transformateur exportateur achete du substrat en volume. Reste en appel, quatre numeros a essayer.;A APPELER
Tunisie;TN;Tunis (Charguia I);Glasserie Miroiterie et Verrerie de Tunisie;Miroiterie et verrerie;;glamiver@gnet.tn;+216 71 205 366;Sur Tunis, à côté du port de Radès. Relance 08/10 une seule question plus porte de sortie. Controle MX impossible : resolveur DNS de la session hors service. Regle anti-rebond satisfaite et adresse ayant deja recu un envoi en septembre sans rebond. Angle atelier a quelques kilometres de Rades.;RELANCE 2026-10-08
Tunisie;TN;Tunis, Ibn Khaldoun;SIALA;Transformation industrielle de verre architectural;siala.com.tn;commercial@siala.com.tn;+216 71 922222;Deux unités de production à Ibn Khaldoun et Meghira, cibler verre architectural et Low-E. Port Rades, envoi en francais. Relance 07/10 sans signature, message court a une seule question : quelles references et epaisseurs au plus gros volume annuel. Porte de sortie proposee. Angle maison de 1956 qui ne change pas de fournisseur sur un e-mail mais garde un oeil sur une seconde source. Port Rades.;RELANCE 2026-10-07
Tunisie;TN;Tunis;Aziza Glass;Transformation de verre architectural sur mesure;aziza-glass.com;contact@aziza-glass.com;+216 29 333280;Usine et showroom distincts, cibler float et miroirs. Port Rades, envoi en francais. Relance 07/10 sans signature, message court a une seule question : quelles references et epaisseurs au plus gros volume annuel. Porte de sortie proposee. Angle importateur deja : ils importent machines et accessoires verriers, donc conteneur et dedouanement maitrises, seul le contenu change. Port Rades.;RELANCE 2026-10-07
Tunisie;TN;Tunis;SOVEP — Societe du Verre Plat et Menuiserie Aluminium;Verre plat et menuiserie aluminium, miroiterie;sovep-glass.com;info@sovep-glass.com;+216 71 409 374;Specialiste verre plat et miroiterie. Le domaine de l adresse n apparait pas dans les URL de resultats : regle anti-rebond, aucun envoi. A appeler. Port Rades. DEVERROUILLEE LE 08/10 : info arobase sovep-glass.com est publiee sur leur site, domaine identique, regle anti-rebond satisfaite sans exception. Deux lignes, +216 71 409 374 et +216 29 352 000. Siege zone industrielle de Fouchana, Ben Arous, rue de Kasserine, zone industrielle 2082 Meghira 3. Horaires 7h30-16h20 du lundi au vendredi, ferme le week-end, avec une page qui donne 16h : viser le milieu de matinee heure de Tunis, soit la meme que Paris. PROFIL CONFIRME PAR EUX-MEMES : usine de TRANSFORMATION qui fait trempe, feuillete, isolant, decoratif et PARE-BALLES, et qui se declare la PREMIERE USINE VERRIERE DE TUNISIE, depuis 1979. ANGLE RETENU, le pare-balles : c est du vitrage technique, un empilement de feuillete epais ou la moindre irregularite de planeite se voit et se paie. Un transformateur qui fait du pare-balles ne juge pas son substrat au prix seul, et c est la page vitrage technique qu il faut lier, pas la page float seule. Ne citer aucun certificat de notre cote, paragraphe 5. ENVOI programme le 09/10 en francais, langue professionnelle courante en Tunisie. Port Rades (Tunis). Prochaine action : envoyer le 09/10.;A ENVOYER 2026-10-09
Uruguay;UY;Montevideo (Aguada);Distriglass;Import et distribution de verre plat et accessoires dans tout l'Uruguay;ventasdistriglass.wixsite.com;ventas@avibrasuruguay.com;+598 2200 4092;IMPORTATEUR DECLARE. Adresse publiee sur un domaine different : risque de rebond assume.;ENVOYE 2026-10-06
Uruguay;UY;Montevideo;Gabriel Bia Vidrios;Verre trempe, courbe et feuillete;gabrielbia.com.uy;info@gabrielbia.com.uy;+598 2357 2163;Miroiterie-transformateur de Montevideo, Camino Ariel 4540. Port Montevideo, envoi en espagnol. Relance 07/10 sans signature, une seule question sur les plus gros volumes annuels, porte de sortie. Relance en espagnol. Angle verre courbe : le bombage revele le moindre defaut optique au lieu de le masquer, donc la provenance est une question industrielle. Port Montevideo.;RELANCE 2026-10-07
Vanuatu;VU;Port-Vila;Vanuatu Glass & Aluminium (VGA);Fabrication et fourniture de verre et d aluminium depuis 2004;vgavanuatu.com;jean@vgavanuatu.com;;Leader national du verre et de l aluminium au Vanuatu. Marche insulaire 100 pour cent importateur. Port Port-Vila, envoi en anglais. Relance courte le 06/10 : une seule question posee (la reference et l'epaisseur la plus achetee) contre un prix ferme sous 48h, et sortie offerte en repondant non.;RELANCE 2026-10-06
Venezuela;VE;Maracay (Aragua);CorpoInvetro;Fabrication et pose de verre;corpoinvetro.com;contacto@corpoinvetro.com;+58 243 269 0423;Transformateur-poseur verrier. ATTENTION : verifier paiement et change avant cotation. Port Puerto Cabello, envoi en espagnol. Relance 07/10 sans signature, une seule question sur les plus gros volumes annuels, porte de sortie. Relance en espagnol, volontairement tres courte. Ports Puerto Cabello ou La Guaira.;RELANCE 2026-10-07
Venezuela;VE;Maracay (Aragua);Distrividrios;Distribution de verre plat et accessoires;distrividrios.com;administracion@distrividrios.com;+58 243 286 4896;administrativo@ a REBONDI le 24/09 (550), seul administracion@ est vivant. ATTENTION : verifier paiement et change avant cotation. Port Puerto Cabello, envoi en espagnol. Relance 07/10 sans signature, une seule question sur les plus gros volumes annuels, porte de sortie. Relance en espagnol. Angle distributeur achetant pour reconstituer du stock sur plusieurs references, donc la caisse mixte lui sert plus qu un conteneur mono-reference. Ports Puerto Cabello ou La Guaira.;RELANCE 2026-10-07
Vietnam;VN;Hanoi (Ba Dinh);Minhquang Trading and Production Co. Ltd;Negoce et production de verre;;minhquangglass2000@gmail.com;;Double metier negoce et production. Adresse publiee en annuaire vietnamien.;ENVOYE 2026-10-06
Vietnam;VN;Hanoi (Phu Xuyen);Hai Long Glass;Trempe, feuillete, Low-E;hailongglass.vn;info@hailongglass.vn;;Aucune adresse publiee. Adresse retrouvee le 06/10. Vietnam produit du float : angle extra-clair, miroir et feuillete.;ENVOYE 2026-10-06
Vietnam;VN;Ho Chi Minh Ville;Eurowindow HCM;Fabrication et distribution de menuiserie verre et aluminium;eurowindowhcm.com;contact@eurowindowhcm.com;+84 28 3812 9999;Groupe Eurowindow, un des premiers fabricants vietnamiens de fenetres verre alu. Port Cat Lai, envoi en vietnamien. CONTROLE MX DU 07/10 : le domaine eurowindowhcm.com n a aucun enregistrement MX, seulement un A. Livraison incertaine. Ne pas inclure dans un lot groupe : tester seul et surveiller le rebond. Relance 08/10 une seule question plus porte de sortie. Controle MX impossible : resolveur DNS de la session hors service. Regle anti-rebond satisfaite et adresse ayant deja recu un envoi en septembre sans rebond. Angle honnete sur le float local, cible couche tendre. Envoi SEUL car domaine sans MX : aucun rebond immediat.;RELANCE 2026-10-08
Vietnam;VN;Hô Chi Minh-Ville (Tay Thanh);Eco Glass Import Export Investment JSC;Import-export et transformation : trempe, feuillete, Low-E argent;eco-glass.com.vn;info@eco-glass.com.vn;;IMPORT-EXPORT DANS LE NOM : le conteneur est deja son unite d'achat. Vietnam produit du float, approche sur trois references.;ENVOYE 2026-10-06
Vietnam;VN;Hô Chi Minh-Ville;E-Fujii Vietnam;Transformation de verre et miroiterie, facades;;sale.efujii@gmail.com;;Envoi en vietnamien — port Cat Lai (HCMV). Relance 08/10 une seule question plus porte de sortie. Controle MX impossible : resolveur DNS de la session hors service. Regle anti-rebond satisfaite et adresse ayant deja recu un envoi en septembre sans rebond. Angle honnete : pas de concurrence sur le float clair local, cible couche tendre et miroir.;RELANCE 2026-10-08
Vietnam;VN;Hô Chi Minh-Ville;Phu Phong Glass JSC;Verre architectural et float pour mobilier et bâtiment;;;;Marché à float local : viser miroir, Low-E et feuilleté. Qualifie le 07/10 : Tan Tao Industrial Park, Binh Tan, Ho Chi Minh-Ville, verre architectural et float pour mobilier et batiment. Adresse glass arobase phuphong.com citee en resume mais le domaine phuphong.com n apparait dans aucune URL de resultat : regle anti-rebond, aucun envoi tant que la page contact n est pas lue.;A QUALIFIER
Vietnam;VN;Tan Do Industrial Park (Tay Ninh);Taniglass;Deux usines : trempe, durci, feuillete de securite, verre a isolation;taniglass.com.vn;sales@kinhtanbinh.com;;Aucune adresse publiee. DEVERROUILLEE LE 08/10, AVEC L EXCEPTION DU PARAGRAPHE 5 : le domaine de l adresse est kinhtanbinh.com alors que le site est taniglass.com.vn. L envoi n est autorise que parce que la societe publie elle-meme cette adresse, sur ses pages de contact anglaise ET vietnamienne. IDENTITE ETABLIE : Taniglass est la marque de TAN BINH PRODUCTION-TRADE-INVEST JOINT STOCK COMPANY, ce qui explique le domaine kinhtanbinh, kinh voulant dire verre en vietnamien. Siege 78 Nguyen Gian Thanh, quartier 15, district 10, Ho Chi Minh-Ville. USINE lot D3-C4, rue 2, parc industriel Tan Do, commune de Duc Hoa. Lignes 0888 886 111 et 0905 216 933, joignables par Zalo, WhatsApp, Viber et WeChat, fixe +84 272 3766800. TAILLE ETABLIE PAR DEUX SIGNAUX INDEPENDANTS : ils annoncent figurer au top 10 des entreprises les plus reputees du verre au Vietnam, et surtout leur portefeuille de chantiers comprend L AEROPORT INTERNATIONAL DE LONG THANH, le plus gros chantier du pays. Gamme incluant la serigraphie ceramique. Autre adresse vue sur une page ancienne, duyviet arobase kinhtanbinh.com : nominative, fonction non publiee, donc NON UTILISEE conformement au paragraphe 5. RAPPEL DU PARAGRAPHE 6 : le Vietnam produit son float, Phu My et CFG Ha Long, donc ne jamais ecrire qu il n y a pas de production locale. L angle est la specialite et le volume d un chantier aeroportuaire, pas l absence d alternative. ENVOI programme le 09/10 en anglais. Port Cat Lai ou Cai Mep. Prochaine action : envoyer le 09/10.;A ENVOYER 2026-10-09
Yémen;YE;Sanaa (rue Al Mashhad);Alanees Trading Corp (Al-Anees & Bros);Import de materiaux de construction;;alanees_corp@hotmail.com;;IMPORTANT : Yemen = prime de risque de guerre sur l'assurance CIF, a chiffrer avant toute offre. Adresse hotmail, fiabilite a verifier.;A VALIDER AARON
Yémen;YE;Sanaa, Qaa Al Qaydhi;Alawadhi Trading Group;Transformation et distribution de verre et aluminium;alawadhigroup.net;info@yemenglass.com;+967 778 888 597;Usine verrière et réseau à Sanaa, Aden, Mukalla, Hodeïda et Taïz. Pas d adresse publiee : appeler. Port . Fonde en 1974. Transformateur de verre architectural et bardage Alucobond, agences Yale Wacker et Dow. Dessert Yemen Arabie saoudite Oman et Emirats. 6 bab Salem Street Sanaa. Achete du substrat, pas du produit fini. Autres adresses yemenglass@gmail.com et alawady@y.net.ye. Mini-mail sur mesure EN. PRUDENCE : verifier la conformite sanctions et les circuits de paiement avant toute commande. Relance 08/10 une seule question plus porte de sortie. Controle MX impossible : resolveur DNS de la session hors service. Regle anti-rebond satisfaite et adresse ayant deja recu un envoi en septembre sans rebond. Angle reseau regional au-dela du Yemen donc achat de substrat par conteneur. REBOND DU 08/10 A 10h04 UTC, soit 1h36 APRES l envoi de 8h28 : 550 5.7.1 High probability of spam, rendu par mx.spamexperts.com, le filtre tiers du domaine yemenglass.com. Ce n est donc pas une adresse morte mais un VERDICT DE FILTRAGE sur le contenu ou la reputation de l expediteur. Ne pas reessayer par e-mail depuis ce domaine tant que la reputation n est pas etablie. Les autres adresses connues de la fiche, yemenglass arobase gmail.com et alawady arobase y.net.ye, passent par d autres filtres : a tester plus tard et SEULES. Le telephone et le WhatsApp restent la voie sure. Rappel de la fiche : verifier la conformite sanctions et les circuits de paiement avant toute offre. MISE AU POINT DU 08/10 A 15h15, ET ELLE CORRIGE UNE ERREUR DE COMPTAGE DE MA PART. L adresse de cette fiche, info arobase yemenglass.com, a rendu un 550 High probability of spam le 07/10 ET le 08/10 a 10h04 UTC. J avais compte ces deux rebonds comme venant de deux societes differentes, Alawadhi et Yemen Glass, et j en avais deduit a tort que deux serveurs distincts nous filtraient le meme jour. C EST LA MEME SOCIETE ET LE MEME SERVEUR. Consequence sur la fiche : un 5.7.1 n est pas une adresse morte, c est un verdict de filtrage, donc l adresse est probablement valide mais leur filtre nous bloque. Deux rejets du meme filtre a vingt-quatre heures d intervalle veulent dire que l e-mail ne les atteindra pas. NE PLUS ECRIRE A CETTE ADRESSE. Deux autres adresses figurent en fiche, yemenglass arobase gmail.com et alawady arobase y.net.ye, mais elles passent par le meme destinataire et probablement le meme filtre : le telephone est le chemin. Reserve de fond qui vaut aussi : le Yemen porte une prime de risque de guerre sur l assurance, a chiffrer avant toute offre, comme indique sur la fiche Alanees.;A APPELER
Zambie;ZM;Lusaka (Makeni);PG Glass Zambia;Pose et fourniture de vitrage, reseau Lusaka et Ndola;pgglassafrica.com;kkasonde@pgglasszambia.co.zm;+260 211 274 466;Profil poseur plutot qu'importateur conteneur : qualifier avant envoi. Pays enclave, transit via Durban ou Dar es Salaam. RISQUE GRAVE NEUTRALISE LE 08/10. Cette fiche etait au statut ENVOYE, donc DANS LE POOL DES RELANCES, alors que le paragraphe 7 protege explicitement le groupe PG Glass sur cette campagne pour cause de negociation en cours avec Willem Heunis. Une relance automatique partant de ce pool aurait demarche une filiale du groupe avec lequel nous negocions quatre conteneurs sur Walvis Bay. Et le risque est plus grand qu il n y parait, parce que la structure du groupe a ete etablie le meme jour : PG Group POSSEDE PFG Building Glass, premier producteur float d Afrique australe, 260 000 t/an, que l ITAC qualifie de 100 pour cent de l industrie domestique de la SACU, et qui est le demandeur le plus actif de la region en antidumping. Demarcher une branche du groupe en lui proposant du float importe, pendant que sa maison mere nous demande un prix, serait au mieux maladroit. Statut passe en NE PAS DEMARCHER pour sortir la fiche de tous les pools. Le dossier reste vivant, mais il se traite UNIQUEMENT par le fil de Willem, et nulle part ailleurs. Prochaine action : aucune depuis cette fiche.;NE PAS DEMARCHER
Zambie;ZM;Lusaka;Serious Aluminium and Glass;Fabrication et pose alu + verre;;sagzambia1@gmail.com;+260 977 823 292;Mukatasha Road Lusaka. Pays enclave - transit Durban Beira ou Dar es Salaam. Sapphire Float Glass Dar es Salaam livre la zone - argumenter Low-E feuillete miroir grands formats. Mini-mail sur mesure EN Relance 08/10 une seule question plus porte de sortie. Controle MX impossible : resolveur DNS de la session hors service. Regle anti-rebond satisfaite et adresse ayant deja recu un envoi en septembre sans rebond. Angle ce que le float regional ne couvre pas, via Durban Beira ou Dar es Salaam. ZONE EST-AFRICAINE DECLASSEE LE 08/10, SUR UN FAIT VERIFIE. Sapphire Float Glass, a Mkuranga en Tanzanie, capital chinois, est EN PRODUCTION : capacite 700 tonnes par jour soit 189 000 tonnes par an, production effective de 450 tonnes par jour en mai 2024 selon la ministre tanzanienne Ashatu Kijaji citee par Xinhua. Et elle EXPORTE DEJA vers Madagascar, le Burundi, la Zambie, le Rwanda, la RDC et l Afrique du Sud, avec une part export donnee entre 60 et 80 pour cent selon les sources. Une seconde ligne de 500 t/jour etait annoncee, etat non confirme. Confirmation indirecte et forte : PFG a obtenu en janvier 2026 des droits antidumping provisoires sud-africains contre le float tanzanien — on ne se defend pas contre un concurrent negligeable. CONSEQUENCE : l argument de l absence de production locale est FAUX dans toute cette zone, et il avait deja ete rattrape pour le Kenya le matin meme. La campagne y a investi 39 fiches pour zero commande, et je l attribuais au ciblage ou au message : c est au moins en partie le marche. CONDUITE : ne plus ouvrir de fiches dans la zone, ne pas y investir d effort de relance, et ne garder que ce que Sapphire ne fait pas — low-E, miroir sans cuivre ni plomb, vitrage technique, grands formats. Si une relance part malgre tout, elle porte sur ces references et sur rien d autre.;RELANCE 2026-10-08
Zimbabwe;ZW;Harare (Graniteside);City Glass;Fourniture et distribution de float clair, imprime, teinte, miroirs, feuillete et trempe;cityglass.co.zw;glasssales@cityglass.co.zw;+263 8677 010 538;Se presente comme fournisseur et distributeur de reference au Zimbabwe et dans la region. Stand 16792 Bessemer Rd. Transit par Beira ou Durban. Envoi en anglais. Relance courte le 06/10, lot 2.;RELANCE 2026-10-06
Zimbabwe;ZW;Harare, Waterfalls;Postcorp Glass & Aluminium;Distribution de verre et fabrication aluminium;postcorpglass.co.zw;sales@postcorpglass.co.zw;+263 772 957823;Trois implantations à Harare et Masvingo avec atelier. Transit via Beira. Port via Durban, envoi en anglais. Relance 07/10 sans signature, message court a une seule question : quelles references et epaisseurs au plus gros volume annuel. Porte de sortie proposee. Angle pays enclave : le troncon routier depuis Durban ou Beira est dans le prix de la feuille. Transit via Durban ou Beira.;RELANCE 2026-10-07
Égypte;EG;10e de Ramadan;Cairo Glass Manufacturing Co.;Producteur et transformateur : verre imprime, arme, trempe;cairoglass.com;commercial@cairoglass.com;+20 55 441 1850;Usine 10e de Ramadan. Lot Egypte vers Alexandrie. Relance 07/10 sans signature, une seule question sur les plus gros volumes annuels, porte de sortie. Angle verre imprime et verre arme : des specialites que peu de fournisseurs proposent, donc un achat de ligne et non de commodite. Ports Alexandrie ou Damiette.;RELANCE 2026-10-07
Égypte;EG;10e de Ramadan;Dr Greiche Glass;Premier transformateur de verre du Moyen-Orient et d'Afrique;drgreiche.com;;+20 554 410 001;TRES GROSSE MAISON. Pas d'adresse publiee : hotline 19864, WhatsApp +20 100 169 4476. VERIFIE LE 08/10, TOUJOURS SANS ADRESSE. Leur page de contact ne publie qu une hotline, le 19864, un lien WhatsApp et un numero par agence, Le Caire Alexandrie Mansoura et Hurghada. Leur page de cartes de visite comporte bien des champs Email par contact mais les adresses ne sont pas dans le texte indexe : un formulaire, pas une adresse exploitable. Reste donc un dossier telephonique, hotline 19864. A NOTER : le groupe a annonce une fusion strategique avec High Glass, donc la structure a peut-etre change depuis la fiche. Et leur gamme annoncee porte sur le MIROIR en feuilles ou decoupe, le float n etant pas confirme : a verifier au telephone avant de calibrer une offre. Usine principale au 10 of Ramadan troisieme zone industrielle, mais LinkedIn donne El Sharkia comme siege. RE-VERIFIEE LE 08/10 AVEC LA METHODE RESTREINTE AU DOMAINE, et le resultat du matin est confirme : AUCUNE adresse e-mail publiee. Leur page de contact ne donne que la hotline 19864, un lien WhatsApp et des numeros par agence, Le Caire, Alexandrie, Mansoura, Hurghada. Leur page eBusiness Cards comporte bien un champ Email par contact mais les adresses ne sont pas dans le texte indexe. Page de contact indexee il y a environ 1 200 jours, donc les numeros eux-memes sont a confirmer. GAMME PRECISEE, ET ELLE ELARGIT LA CIBLE : outre le miroir deja note, leur catalogue comprend du VERRE AUTOMOBILE, du verre IR cut, du Low-E, du vitrage isolant et des cabines de douche. L automobile est un profil d achat different : un pare-brise feuillete exige un float de qualite constante et une tolerance optique stricte. Si cette ligne existe reellement, c est un consommateur de substrat lourd. A verifier au telephone en meme temps que la fusion annoncee avec High Glass. PROCHAINE ACTION : hotline 19864 ou WhatsApp, demander le service achats et la division automobile.;A APPELER
Égypte;EG;6 Octobre (4e zone industrielle);Saudi Canadian Glass Co. (Crystal Glass);Trempe, feuillete, exportation vers Levant Afrique du Nord et Roumanie;scglass-co.com;;;Deja exportateur, connait la logistique conteneur. DOMAINE INEXISTANT scglass-co.com (rebond 05/10). Adresse issue d'un extrait de recherche errone. CONTROLE MX DU 07/10 : le domaine scglass-co.com ne resout pas (NXDOMAIN), l adresse info@scglass-co.com ne peut pas recevoir. Adresse retiree du registre. Passer par le telephone. VERIFIE LE 08/10, RESULTAT NEGATIF : ni la recherche restreinte au domaine scglass-co.com ni une recherche large sur les deux raisons sociales ne rendent de resultat. Le domaine n est plus indexe, ce qui est coherent avec le rebond qui avait mis cette fiche en ADRESSE INVALIDE. A REQUALIFIER avant tout effort : le nom Saudi Canadian Glass en Egypte est deja surprenant, et il se double d un alias Crystal Glass qui est l un des noms les plus repandus du metier. Passer par le registre de la GAFI egyptienne pour etablir si l entite existe encore. Prochaine action : requalifier ou declasser.;A QUALIFIER
Égypte;EG;6 Octobre (Giza);M&A Glass Processing;Transformation depuis 1983 : verre de securite, electromenager, batiment;maglassegypt.com;maglass@maglassegypt.com;+20 102 333 9446;Quarante ans de metier. 6th of October City, Le Caire. Maison de 1983. Port Alexandrie, envoi en anglais. Relance 07/10 sans signature, une seule question sur les plus gros volumes annuels, porte de sortie. Angle le plus precis du lot : ils font du verre d electromenager depuis 1983. Une porte de four ou un blanc exige epaisseur planeite et tenue thermique constantes lot apres lot, donc un acheteur qui ne juge pas au prix seul. Ports Alexandrie ou Damiette. REBOND DU 07/10, adresse morte : postmaster arobase maglassegypt.com repond info wasn t found at maglassegypt.com, refus Office 365 Recipient Unknown. Le domaine existe et son MX tourne sur Office 365, c est la boite info qui n existe pas. L envoi de septembre partait de l ancienne boite gmail que cette session ne peut pas lire, donc impossible de savoir s il avait rebondi lui aussi. Fiche conservee : quarante ans de metier et du verre d electromenager, l angle reste le meilleur du lot egyptien. Prochaine action : chercher une autre adresse publiee par la societe elle-meme, sinon appel sur le +20 102 333 9446. SECONDE ADRESSE TROUVEE LE 08/10 APRES LE REBOND DE info. Rappel : info arobase maglassegypt.com a rebondi le 07/10 en Recipient Unknown Office 365, le domaine tournant mais la boite n existant pas. La recherche restreinte a leur domaine rend DEUX autres adresses publiees par eux : maglass arobase maglassegypt.com, releve dans un pied de page, et alia.attia arobase maglassegypt.com, dans une rubrique Contact Us d une page plus ancienne. RETENUE : maglass arobase maglassegypt.com, parce que c est une boite de societe et non une boite nominative. L adresse nominative n est PAS utilisee : la page ne precise aucune fonction, le paragraphe 5 n autorise un nom que si la fonction est verifiee, et une boite personnelle sur une page ancienne peut appartenir a quelqu un qui a quitte la maison. Elle reste en dernier recours. TROIS FIXES RELEVES, utiles si les deux adresses echouent : +202 38642073, 74 et 75, plus le mobile +20 102 333 9446. ADRESSE PRECISE : Industrial Development Group IDG, Samy Saad Compound, extensions nord des zones industrielles partie O21, 3e porte, 6th of October City. ANGLE CONFIRME PAR LEUR PROPRE CATALOGUE, et c est le plus precis du lot egyptien : ils ont des pages produits dediees au VERRE DE LAVE-LINGE et au verre d electromenager, plus le mobilier et l agencement. Une porte de hublot exige epaisseur, planeite et tenue thermique constantes lot apres lot : c est un acheteur qui ne juge pas au prix seul. ENVOI programme le 09/10 en anglais. Port Alexandrie. Prochaine action : envoyer le 09/10.;A ENVOYER 2026-10-09
Égypte;EG;Borg el Arab, troisième zone industrielle;Rubex;Plasturgie acrylique et transformation de verre plat;rubexegypt.eg;export@rubexegypt.eg;+20 3 4622025;DEMANDE DE PRIX FERME recue le 29/09 de Nada Hassan, Import and Export Specialist (WhatsApp +20 102 779 0009). Demande : float clair 6 mm et 10 mm au format 3300 x 2140 mm, avec les fiches techniques. Aucune quantite indiquee, a faire preciser. Volumes par 20 pieds : environ 195 a 212 plaques soit 1380 a 1500 m2 en 6 mm, et 117 a 127 plaques soit 830 a 900 m2 en 10 mm. Port Alexandrie, usine a New Borg El Arab. POINT CLE : le message qui a declenche la demande est parti de aaron.harfi@noxemgroup.com et il est passe, alors que les trois envois depuis le Gmail avaient ete rejetes en 550 5.7.0. Repondre imperativement depuis le domaine. MESSAGE ENVOYE LE 08/10 APRES-MIDI, SANS PRIX ET SANS FICHE TECHNIQUE, ET C EST ASSUME. Rappel : Nada Hassan, Import and Export Specialist — fonction publiee donc nom utilisable au paragraphe 5 — a demande le 29/09 du float clair 6 et 10 mm en 3300 x 2140 avec les fiches techniques, sans indiquer de quantite. Dix jours plus tard il n y a ni grille ni fiche diffusable, le catalogue PDF portant des prix et un ancien numero. DECISION : ecrire ce qu on sait au lieu d attendre. Le message dit d abord la verite technique, et elle n est pas confortable : le 3300 x 2140 NE SORT PAS d un jumbo 3210 x 2550, il faut un PLF 6000 x 3210, autre format et autre ligne, et rien ne sera annonce disponible avant confirmation de l usine. Dire cela maintenant vaut mieux que coter une cote qu on ne sait pas livrer. Puis deux questions, dont la seconde est celle qui decide : la quantite par epaisseur, avec les ordres de grandeur d un 20 pieds donnes a titre de reference de remplissage et non de prix — environ 1 380 a 1 500 m2 en 6 mm, 830 a 900 m2 en 10 mm — et surtout si le 3300 x 2140 est une exigence de LEUR client ou seulement leur plan de coupe. Si leur ligne part d un jumbo ou de cotes qu ils recoupent, tout devient plus simple et le conteneur plus avantageux pour eux. AUCUNE FICHE TECHNIQUE ENVOYEE, et c est justifie dans le message : les fiches suivent la reponse sur le format, pas l inverse, et aucun document portant des chiffres non valides ne partira. Le message part aussi de l adresse du domaine, confirmation de reception demandee : cette adresse en .eg n a jamais ete vue fonctionner depuis cette boite, le fil d origine etant dans l ancienne. Port Alexandrie, reserve de validation rappelee, WhatsApp propose. PROCHAINE ACTION : attendre quantite et reponse sur la cote. Si rien au 13/10, relancer. CORRECTION DE STATUT, FAITE DANS LA MINUTE : j avais passe cette fiche en RELANCE 2026-10-08, ce qui effacait le fait qu une DEMANDE DE PRIX FERME attend d etre chiffree depuis le 29/09. Statut d origine restaure. La relance du 08/10 est consignee dans la note, elle n a pas a remplacer l etat du dossier.;DEMANDE DE PRIX — A CHIFFRER
Égypte;EG;Le Caire (Abbasseya) et Damanhour;Arab Union Glass;Verre feuillete, double vitrage, trempe, pare-balles, verre intelligent;arabunionglass.com;info@arabunionglass.com;17258;60 ANS DE METIER, plusieurs sites. Positionner Low-E, feuillete et formats jumbo (float local). Lot Egypte vers Alexandrie. Relance 07/10 sans signature, une seule question sur les plus gros volumes annuels, porte de sortie. Angle gamme de cinq familles dont le pare-balles, qui consomme du float clair epais en quantite. Ports Alexandrie ou Damiette.;RELANCE 2026-10-07
Égypte;EG;Le Caire et Ain Sokhna;Alico Egypt;Facadier, usine de 12 000 m2, capital 16,8 M USD;alicoegypt.com;mail@alicoegypt.com;;Gros facadier regional, aucune adresse generique publiee. DEVERROUILLEE LE 08/10 : mail arobase alicoegypt.com est publiee sur leur page de contact, domaine identique a celui du site, regle anti-rebond satisfaite. Seconde adresse publiee, hr arobase alicoegypt.com, reservee aux ressources humaines : ne pas l utiliser. CAPACITE ETABLIE ET ELLE DICTE L ANGLE, le meilleur du lot egyptien : leur division verre annonce de la DECOUPE CNC DE VERRE RECUIT DE 4 A 19 MM et des lignes de vitrage isolant avec intercalaires de 6 a 20 mm. Qui decoupe de 4 a 19 mm achete toute la gamme d epaisseurs, y compris le haut de gamme, 12, 15 et 19 mm, qui est precisement ce qu on ne trouve pas facilement et ce qu un conteneur complet permet de caler. Ils declarent eux-memes servir les marches LOCAL ET INTERNATIONAL. Cote aluminium, plus de dix ans de fenetres, portes, murs rideaux, bardage metallique, garde-corps et auvents. Siege 105 Omar Ibn El-Khattab, immeuble Oscar, Heliopolis, Le Caire, +202 241 700 44 sur cinq lignes. USINE DISTINCTE zone industrielle de Suez a Ain Sukhna, +062 371 06 66. Ligne commerciale +2 02 414 5615. RESERVE A TENIR : le pied de page de leur site affiche un copyright 2011, les coordonnees peuvent avoir vieilli. ET RAPPEL DU PARAGRAPHE 6 : l Egypte produit son float, Sphinx Glass, donc ne jamais ecrire qu il n y a pas de production locale. L angle est l epaisseur et la constance, pas l absence d alternative. ENVOI programme le 09/10 en anglais. Ports Alexandrie ou Ain Sukhna selon l usine visee, et Ain Sukhna est sur la mer Rouge donc a leur porte. Prochaine action : envoyer le 09/10.;A ENVOYER 2026-10-09
Égypte;EG;Le Caire;Pyramid Glass Manufacturing Company;Fabrication de verre, service export dedie;pyramidglassegypt.com;export@pyramidglassegypt.com;;Adresse export directe publiee. Relance 08/10, format court a une seule question plus porte de sortie. Delivrabilite deja prouvee par l envoi du debut octobre. CAS PARTICULIER assume : fabricant avec service export dedie, donc peut-etre producteur et non acheteur. Le message le dit franchement et pose la seule question utile, achetent-ils du substrat hors d Egypte, en offrant de ne plus ecrire s ils fondent leur propre verre.;RELANCE 2026-10-08
Émirats arabes unis;AE;Abou Dabi, ICAD I;White Aluminium Enterprises LLC;Transformation de verre et façades aluminium;whitealuminium.ae;info@whitealuminium.ae;+971 2 550 0830;Division industrielle équipée LiSEC et Glaston, références Burj Khalifa et Louvre Abu Dhabi. Port Khalifa Port, envoi en arabe. Relance 07/10 sans signature, message court a une seule question : quelles references et epaisseurs au plus gros volume annuel. Porte de sortie proposee. Angle facade multi-chantiers : ligne a securiser a la source et non rechiffree chantier par chantier. Port Jebel Ali.;RELANCE 2026-10-07
Émirats arabes unis;AE;Abou Dabi, ICAD III;Glasstech;Transformation de verre architectural et façades aluminium;glasstech.ae;info@glasstech.ae;+971 2 550 7774;Usine dédiée au verre architectural et aux façades à ICAD III, cibler contrôle solaire. Port Khalifa Port, envoi en arabe. Relance 07/10 sans signature, une seule question sur les plus gros volumes annuels, porte de sortie. Angle facade : le verre est le poste le plus lourd et celui qui arrete le chantier. Port Jebel Ali.;RELANCE 2026-10-07
Émirats arabes unis;AE;Ajman / Dubaï;Alpha Glass LLC;Stockiste, importateur, exportateur, grossiste verre et alu, depuis 2005;alphaglass.org;info@alphaglass.org;+971 4 263 3406;IMPORTATEUR-GROSSISTE : achete au conteneur, cible prioritaire. Relance courte le 06/10 : une seule question posee (la reference et l'epaisseur la plus achetee) contre un prix ferme sous 48h, et sortie offerte en repondant non.;RELANCE 2026-10-06
Émirats arabes unis;AE;Ajman, Al Jurf Industrial 1;Safe Lite Glass Industries LLC;Transformation de verre trempé, feuilleté et isolant;slglass.ae;info@slglass.ae;+971 6 565 1388;Four de trempe, unité double vitrage et ligne de feuilletage EVA. Port Port Khalid (Charjah), envoi en arabe. Relance 07/10 sans signature, une seule question sur les plus gros volumes annuels, porte de sortie. Angle trempe feuillete et isolant partent tous de la meme feuille de base, et four comme ligne de feuilletage punissent la variation la ou un etabli de vitrier ne la voit pas. Port Jebel Ali.;RELANCE 2026-10-07
Émirats arabes unis;AE;Ajman, New Industrial 2;Oscar Glass Factory;Distribution de verre plat et solutions aluminium;oscarglassfactory.com;info@uaeoscarglass.com;+971 50 228 3822;Siège à Ajman et implantations à Al Aïn et Charjah, cibler verre en feuilles et miroirs. Port Port Khalid (Charjah), envoi en arabe. Relance 07/10 sans signature, une seule question sur les plus gros volumes annuels, porte de sortie. Angle distributeur : la marge se fait a l achat et un distributeur a une seule origine n a aucun second prix a comparer. Port Jebel Ali.;RELANCE 2026-10-07
Émirats arabes unis;AE;Al Aïn, Industrial City 1;Google Glass;Transformation de verre trempé et double vitrage;googleglass.ae;info@googleglass.ae;+971 3 766 8566;Unité de transformation créée en 2009 assurant trempe et double vitrage, cibler float. Port Khalifa Port, envoi en arabe. Relance 08/10 une seule question plus porte de sortie. Controle MX impossible : resolveur DNS de la session hors service. Regle anti-rebond satisfaite et adresse ayant deja recu un envoi en septembre sans rebond. Angle trempe et vitrage isolant consomment du float sans en produire, Khalifa Port.;RELANCE 2026-10-08
Émirats arabes unis;AE;Charjah (First Industrial St, Industrial Area 2);MIH Group;Distribution et transformation de verre plat;mihgroup.ae;purchase@mihgroup.ae;+971 6 533 1643;Trempe annoncée à 1000 m² par jour et réseau aux Émirats et au Qatar. Port Port Khalid (Charjah), envoi en arabe. Relance 07/10 sans signature, une seule question sur les plus gros volumes annuels, porte de sortie. Angle double activite distribution et transformation : la transformation exige la constance, la distribution exige la largeur, les deux se jouent a l achat. Port Jebel Ali. REBOND 07/10 : 5.1.3 l adresse info arobase mihgroup.ae n existe pas. Le domaine a bien des MX Google, donc le controle MX ne pouvait pas le detecter : il valide le domaine, pas la boite. L envoi du 23/09 avait donc deja echoue sans etre releve. Adresse retiree. FICHE RESSUSCITEE LE 08/10, ET AVEC UNE MEILLEURE ADRESSE QU AVANT. Elle etait au statut ADRESSE INVALIDE apres le rebond d info arobase mihgroup.ae le 07/10. La recherche restreinte a leur domaine explique le rebond ET le repare : info arobase mihgroup.ae ne figure que sur leur ANCIEN SITE, conserve sous mihgroup.ae/public/old_website, et n est manifestement plus relevee. Le site actuel publie tout autre chose. ADRESSE RETENUE : purchase arobase mihgroup.ae, c est-a-dire la boite des ACHATS, publiee sur leur page de contact actuelle. C est le meilleur canal possible, meilleur qu un info generique : pas besoin de demander la transmission. Ligne principale +971 6 532 2201. SIEGE : MIH Building Materials, First Industrial St, zone industrielle 2, CHARJAH — la fiche disait Emirats sans ville. AUTRES BOITES PUBLIEES, par division et par emirat, utiles en repli : sh arobase mihgroup.ae pour la succursale de Charjah, dw arobase mihgroup.ae pour Dubai Deira, hardware arobase mihgroup.ae pour la quincaillerie, et gw arobase mihgroup.ae. ATTENTION SUR gw : l ancien site le donnait pour la DIVISION VERRE, le site actuel pour la division BOIS. Les deux pages se contredisent, donc ne pas l utiliser comme canal verre sans verifier. DIRIGEANT NOMMABLE : Muhammad Umar, publie comme Managing Director sur leur page A propos, adresse mumar arobase mihgroup.ae. Fonction verifiee et pertinente, donc utilisable au paragraphe 5 — mais en dernier recours, pas en premier contact. PROFIL : negoce de materiaux de construction avec showrooms et comptoirs dans TOUS LES EMIRATS ET AU QATAR, gamme profiles et accessoires aluminium, VERRE et accessoires verriers, bois, MDF. ENVOI programme le 09 ou 10/10 en anglais, a purchase, en demandant le bon interlocuteur verre. Ports Khalid ou Khor Fakkan. Prochaine action : envoyer.;A ENVOYER 2026-10-09
Émirats arabes unis;AE;Charjah (Industrial Area 17, Wadi Al Helo Street);Sahara Glass Group;Verre architectural et decoratif, ceramique, mosaique, machines verrieres;saharaglass.com;info@saharaglass.com;+971 6 534 1012;Six implantations Golfe. Aucune adresse generique publiee. DEVERROUILLEE LE 08/10 : info arobase saharaglass.com est publiee dans le pied de page de leur site, domaine identique a celui du site, regle anti-rebond satisfaite. Telephone +971 6 534 1012. CORRECTION D IMPLANTATION : la fiche disait Dubai, leurs donnees structurees donnent le siege au 8 Wadi Al Helo Street, zone industrielle 17 a CHARJAH, boite postale 3387. Dubai fait partie de leur zone commerciale, pas de leur adresse. Zone annoncee Dubai Charjah Abou Dabi Ras Al Khaimah Al Ain et le reste des Emirats. REFERENCES DE CHANTIER RELEVEES et elles situent le niveau : EMAAR et Abyaar, donc des promoteurs de premier plan et non du detail. Gamme verre et miroir, parois de douche, teinte, accessoires de garde-corps. ATTENTION, PIEGE SUR LEUR SITE : plusieurs pages affichent contact arobase example.com avec une adresse dans le Massachusetts, texte de gabarit non modifie, a ne pas confondre avec un vrai contact. ENVOI programme le 09/10 en anglais ou en arabe. Ports Khor Fakkan ou Khalid a Charjah. Prochaine action : envoyer le 09/10.;A ENVOYER 2026-10-09
Émirats arabes unis;AE;Charjah et Dubaï;Burhani Glass Trading Co. LLC;Negoce de verre et fabrication aluminium;burhani.glass;hello@burhani.glass;+971 55 747 9572;Negociant actif sur Charjah et Dubai, cible conteneur. Relance 08/10, format court a une seule question plus porte de sortie. Delivrabilite deja prouvee par l envoi du debut octobre. Angle negociant : l economie se joue sur ce qui dort en cour et non sur les references rapides, d ou le conteneur mixte. Question rotation annuelle.;RELANCE 2026-10-08
Émirats arabes unis;AE;Charjah, zone industrielle 15;Arabian Aluminium and Glass Industry LLC;Transformation de verre et finition aluminium;arabianglass.ae;info@arabianglass.ae;+971 6 524 9070;Trempé, feuilleté et vitrage isolant, cibler float et Low-E. Port Port Khalid (Charjah), envoi en arabe. Relance 07/10 sans signature, message court a une seule question : quelles references et epaisseurs au plus gros volume annuel. Porte de sortie proposee. Angle facade : l aluminium est le systeme, le verre le poste le plus lourd. Port Jebel Ali.;RELANCE 2026-10-07
Émirats arabes unis;AE;Charjah, zone industrielle 3;Sharjah Glass Store LLC;Distribution et transformation de verre architectural;shjglass.com;info@shjglass.com;+971 6 542 2668;Usine et showroom distincts à Charjah, cibler float et miroir. Port Port Khalid (Charjah), envoi en arabe. Relance 07/10 sans signature, une seule question sur les plus gros volumes annuels, porte de sortie. Angle distributeur : la marge se fait a l achat et une seule origine ne donne aucun second prix de comparaison. Ports Khor Fakkan ou Jebel Ali.;RELANCE 2026-10-07
Émirats arabes unis;AE;Charjah;Al Behar Al Sabaa Aluminium;Mur-rideau, remplacement de verre de facade, maintenance;albeharalum.com;info@albeharalum.com;+971 6 534 8751;Specialiste facade et remplacement de vitrages sur tous les Emirats.;ENVOYE 2026-10-05
Émirats arabes unis;AE;Charjah;Al Rawaa Glass & Mirror Factory LLC;Transformation et distribution de verre et miroirs;alrawaa.net;sales@alrawaa.net;+971 6 534 2025;Implantations industrielles à Charjah et Ajman, cibler verre en feuilles et miroir. Port Port Khalid (Charjah), envoi en arabe. Relance 07/10 sans signature, une seule question sur les plus gros volumes annuels, porte de sortie. Angle miroir : en climat du Golfe le miroir sans cuivre ni plomb est une question de garantie et non de specification. Port Jebel Ali.;RELANCE 2026-10-07
Émirats arabes unis;AE;Charjah;Glassjet;Transformation de verre trempé, feuilleté et isolant;glassjet.ae;procurement@glassjet.ae;+971 52 6126591;Installation de trempe en propre et vitrage feuilleté, cibler float et extra-clair. Port Port Khalid (Charjah), envoi en arabe. Relance 07/10 sans signature, une seule question sur les plus gros volumes annuels, porte de sortie. Relance volontairement tres courte, l argumentaire ayant deja ete servi le 23/09. Port Jebel Ali. REPONSE 08/10 et INTERLOCUTEUR VERIFIE OBTENU. Lia Pnizaris a l accueil a transfere notre message au service achats. Serab Ali, Senior Purchaser and Procurement In Charge, a repondu depuis procurement arobase glassjet.ae, mobile +971 52 6126591, PO Box 70945 Sharjah. Sa reponse, this is not relating to us some mistake in mail ID, se lit comme un malentendu et non comme un refus argumente : il a probablement pris le message pour un courrier mal adresse. Fonction verifiee par sa propre signature donc nom utilisable. OPPORTUNITE : on a desormais l adresse directe du responsable achats d un transformateur de Sharjah. Texte de reponse prepare, en attente du feu vert d Aaron. LECTURE DU FIL COMPLET le 08/10 : Serab Ali n ecrit pas a Aaron, il repond a sa collegue Lia Pnizaris qui lui avait transfere notre message en interne, Aaron n etant qu en copie. Sa phrase this is not relating to us some mistake in mail ID signifie qu il croit a un courrier mal aiguille par sa collegue, pas qu il refuse une offre. Glass Jet Industries LLC est pourtant bien un transformateur verrier certifie ISO 9001 qui annonce toute sorte de verre en fourniture et pose : ils achetent forcement du verre. A noter : notre repondeur automatique en francais s est declenche a 9h52 juste avant sa reponse de 9h59, ce qui a pu renforcer l impression d un courrier automatique mal adresse. REPONSE ENVOYEE LE 08/10 sur ordre d Aaron, a procurement arobase glassjet.ae avec copie a info arobase glassjet.ae pour que Lia Pnizaris voie la correction. Message volontairement tres court : il avait classe en survolant, un long message lui aurait donne raison. Premiere ligne corrige le malentendu sans s excuser, et surtout une porte de sortie honorable lui est offerte, si les achats sont geres par quelqu un d autre dites-moi qui. Un acheteur qui s est trompe n aime pas revenir dessus : la il peut repondre ou donner le bon nom, et dans les deux cas on avance. Ports proposes Khor Fakkan ou Jebel Ali, Sharjah et non Dubai. Aucun prix annonce. PROCHAINE ACTION : attendre sa reponse ou le nom du bon interlocuteur. REPONSE DU 08/10 08h30 de Serab Ali Senior Purchaser : We dont have any requirement right now. Refus net mais courtois, obtenu apres la mise au point sur le mauvais destinataire. Interlocuteur achats desormais identifie et nomme, ce qui est un acquis pour plus tard. Aucune reponse envoyee, conformement a la consigne. Prochaine action : relance en janvier 2027 au meme contact. CORRECTION DE STATUT LE 08/10 A 14h55 : la fiche restait a RELANCE 2026-10-08 alors que la reponse etait arrivee et negative, ce qui la faisait passer pour une relance en attente. Passee a REFUS 2026-10-08. Le mot refus est un peu dur pour un pas de besoin actuel mais le registre n a pas de statut intermediaire et l essentiel est qu elle ne figure plus parmi les dossiers ouverts. L acquis reste le contact nomme pour janvier 2027.;REFUS 2026-10-08
Émirats arabes unis;AE;Dubaï (Al Quoz 3);Abu Ali Group;Facadier : mur-rideau, devantures, verrieres, fenetres aluminium;abualigroup.ae;info@abualigroup.ae;+971 50 451 4266;Poseur de facades sur tout Dubai, acheteur regulier de verre.;ENVOYE 2026-10-05
Émirats arabes unis;AE;Dubaï (Al Quoz 3);Glass Maestro Industries;Transformation verre plat;glass-maestro.com;info@glass-maestro.com;+971 4 3933299;Adresse repérée en recherche. Envoi groupe (lot Dubai) vers Jebel Ali. Relance 07/10 sans signature, une seule question sur les plus gros volumes annuels, porte de sortie. Relance reduite a la seule question utile. Port Jebel Ali.;RELANCE 2026-10-07
Émirats arabes unis;AE;Dubaï (Al Quoz 4);Emirates Glass LLC (Dubai Investments);Le plus gros transformateur de verre architectural de la region, couches magnetron;emiratesglass.com;sales@emiratesglass.com;;MAJOR REGIONAL. Aucune adresse publiee : passer par le formulaire ou Dubai Investments. Adresse commerciale trouvee le 05/10. Relance 08/10, format court a une seule question plus porte de sortie. Delivrabilite deja prouvee par l envoi du debut octobre. Angle technique : ils exploitent des lignes magnetron, donc achetent du substrat clair en volume a consistance optique elevee, une couche amplifiant tout defaut du verre dessous au lieu de le masquer. Question : contrat long terme ou place pour une origine supplementaire.;RELANCE 2026-10-08
Émirats arabes unis;AE;Dubaï (Jebel Ali);Al Abbar Group;Facadier : Burj Khalifa, Burj Al Arab, Emirates Tower. 300 M$ de CA;alabbargroup.com;info@alabbargroup.com;+971 4 801 2000;MAJOR MONDIAL. Aucune adresse publiee : appeler le siege. DEVERROUILLEE LE 08/10 avec une nuance a ne pas rater. Leur page de contact officielle publie sales arobase et info arobase alabbargroup.com, l adresse etant ecrite avec la mention entre crochets at pour echapper aux robots : la decoder n est pas l inventer, c est bien l adresse publiee par la societe. MAIS leur page Contact Us plus recente a RETIRE l adresse sales et ne liste que des adresses regionales. Le sales arobase est donc peut-etre perime. DECISION : ecrire a info arobase avec sales arobase en copie, pour que l un des deux aboutisse. ENVOI PREVU LE 09/10, plafond du jour atteint. Siege Jebel Ali Industrial Area 1, boite postale 1626 Dubai, +971 4 801 2000. La division verre architectural est a Ras Al Khor, ligne +971 4 333 1362. NE PAS CONFONDRE avec Al Abbar Glass & Trading Co., qui apparait comme une entite differente dans les annuaires. ENVOI DU 08/10 a info avec sales en copie, puisque leur page recente a retire le sales et qu on ne sait pas lequel vit encore. ANGLE : cible la division verre architectural et non le groupe. En facade dans le Golfe la specification porte sur la performance solaire et non sur l epaisseur, donc la couche decide si le batiment tient ses chiffres, et le substrat a couche est la partie la plus difficile a doubler. Question posee : contrat long terme ou place pour une origine supplementaire sur des couches precises.;ENVOYE 2026-10-08
Émirats arabes unis;AE;Dubaï, Abou Dabi, Ajman et Charjah;Liberty Aluminium;Fabrication et pose de facades, mur-rideau, portes et fenetres;libertyaluminium.ae;info@libertyaluminium.ae;+971 6 743 1983;Sous-traitant agree sur quatre emirats. Rebond 550 No Such User le 05/10 : adresse inexistante.;A APPELER
Émirats arabes unis;AE;Dubaï, Al Quoz 1;Glazinum Fab Metal Doors & Windows Manufacturing LLC;Fabrication de façades et transformation du verre;glazinumuae.com;info@glazinumuae.com;+971 4 889 5664;Usine de transformation et projets de façades, cibler contrôle solaire. Port Jebel Ali, envoi en arabe. Relance 08/10 une seule question plus porte de sortie. Controle MX impossible : resolveur DNS de la session hors service. Regle anti-rebond satisfaite et adresse ayant deja recu un envoi en septembre sans rebond. Angle controle solaire pilote par le climat, Jebel Ali.;RELANCE 2026-10-08
Émirats arabes unis;AE;Dubaï, Al Quoz Industrial 3;Huzefa Haider Glass Industries LLC;Transformation de verre trempé et façonné;huzefahaiderdubai.com;info@huzefahaiderdubai.com;+971 800 525252;Usine équipée pour la trempe du float clair, teinté et à couche tendre. Port Jebel Ali, envoi en arabe. Relance 08/10 une seule question plus porte de sortie. Controle MX impossible : resolveur DNS de la session hors service. Regle anti-rebond satisfaite et adresse ayant deja recu un envoi en septembre sans rebond. Angle couche tendre difficile a stocker, Jebel Ali.;RELANCE 2026-10-08
Émirats arabes unis;AE;Dubaï;Abbas Tempering Industry LLC;Trempe;;;+971 4 267 7740;Trempeur : cible float 4-12 mm. Numero normalise le 08/10 au format international, il etait au format local de Dubai.  STATUT RENSEIGNE LE 08/10 : cette fiche avait un statut VIDE, ce qui la rendait invisible aux pools de relance comme au decompte des fiches jamais contactees. Aucune adresse publiee, donc dossier telephonique.;A APPELER
Émirats arabes unis;AE;Dubaï;F.A.M Aluminium & Glass Trading LLC;Negoce float clair et reflechissant, aluminium;;;;Negociant Dubai, aucune adresse publiee.;A APPELER
Émirats arabes unis;AE;Dubaï;Glass World Industries;Float, trempé, feuilleté de sécurité, +25 ans;glassworldindustries.ae;rfq@glassworld.ae;+971 4 333 3606;Transformateur généraliste, consomme du float en continu. Adresse rfq : c'est litteralement leur boite de demande de devis. Prioritaire. Envoye le 07/10 sur leur boite rfq. Argument honnete : float local aux Emirats, angle extra-clair, miroir et feuillete.;ENVOYE 2026-10-07
Émirats arabes unis;AE;Dubaï;Glass World;Verre et aluminium;glassworld.ae;;;À qualifier.  STATUT RENSEIGNE LE 08/10 : cette fiche avait un statut VIDE, ce qui la rendait invisible aux pools de relance comme au decompte des fiches jamais contactees. Aucune adresse publiee, donc dossier telephonique.;A QUALIFIER
Émirats arabes unis;AE;Dubaï;Khaiber Glass;Verre et aluminium;khaiberglass.com;info@khaiberglass.com;;À qualifier. Khaiber Star Safety Glass, Dubai. Adresse retrouvee le 06/10.;ENVOYE 2026-10-07
Émirats arabes unis;AE;Dubaï;Mirodec Gulf;Miroiterie et verre décoratif;mirodec.com;mirodec-gulf@mirodec.com;+971 4 8850202;Miroir et déco : viser le miroir argenté et le laqué. Envoi groupe (lot Dubai) vers Jebel Ali. Relance 08/10 une seule question plus porte de sortie. Controle MX impossible : resolveur DNS de la session hors service. Regle anti-rebond satisfaite et adresse ayant deja recu un envoi en septembre sans rebond. Angle miroir sans cuivre ni plomb contre le noircissement en milieu humide, Jebel Ali.;RELANCE 2026-10-08
Émirats arabes unis;AE;Dubaï;Technical Glass & Aluminium LLC;Transformation du verre et fabrication de façades;tgac.net;alum.uae@tgac.net;+971 4 880 3990;Plusieurs unités de façades aux Émirats et au Qatar, cibler Low-E et feuilleté. Port Jebel Ali, envoi en arabe. Correction de registre 08/10 : la relance avait deja ete envoyee le 07/10 a 15h07 mais le statut etait reste a ENVOYE 2026-09-23. Pas de second envoi aujourd hui.;RELANCE 2026-10-07
Émirats arabes unis;AE;Dubaï;UAE Glass Works;Travaux et fourniture de verre;uaeglassworks.com;info@uaeglassworks.com;+971 58 154 5520;Structure modeste mais adresse publiee et verifiee. Rebond 550 5.1.1 le 05/10 : adresse inexistante.;A APPELER
Émirats arabes unis;AE;Ras Al Khaimah (Al Ghail Industrial Area);Green Glass Industries LLC;Transformation architecturale, feuilleté jusqu'à 2,8 × 6 m;greenglassindustries.com;Info@greenglassindustries.com;+971 7 258 8369;Grande capacité feuilleté : cible prioritaire pour le float et le Low-E. Relance 07/10 sans signature, une seule question sur les plus gros volumes annuels, porte de sortie. Angle rare et precis : ils feuillettent jusqu a 2,8 x 6 metres, tres peu de transformateurs prennent cette taille, et une usine hors cotes a besoin d un fournisseur capable de livrer hors cotes sans casse sur une traversee. Port Jebel Ali. REBOND 07/10 : 550 5.5.0 une IP sortante de Google est sur une liste de blocage chez le destinataire. Ce n est pas notre domaine qui est en cause mais le filtrage de leur serveur. A retenter plus tard ou a appeler. DEVERROUILLEE LE 08/10, ET LE REBOND PRECEDENT EST CONTOURNE. L adresse greengls arobase eim.ae avait rebondi le 07/10 en 550 5.5.0 adresse IP de Google sur liste noire, un refus cote destinataire que rien ne corrige chez nous. Leur propre site publie une SECONDE adresse, Info arobase greenglassindustries.com, sur un domaine identique a celui du site : autre serveur de reception, donc autre verdict possible. C est exactement le gisement decrit dans le suivi, une fiche qui porte une adresse rebondie n est pas un cimetiere. DEUX CORRECTIONS FACTUELLES : la fiche disait Dubai, or Dubai n apparait que dans leurs references de chantier et un titre de prix. Leurs coordonnees et leurs certificats placent l usine a RAS AL KHAIMAH, zone industrielle d Al Ghail, boite postale 34424, 110 000 pieds carres. Societe creee a Charjah en 2011. CAPACITE ETABLIE ET ELLE EST DECISIVE POUR L OFFRE : ils feuillettent jusqu a 2,8 x 6 metres, multicouche PVB et SGP. Qui feuillette du 6 metres travaille en PLF 6000 x 3210 et pas seulement en jumbo : c est un acheteur de grand format, et cela repond aussi a la question laissee ouverte sur Rubex et Caribbean Glass. Intercalaires PVB et SGP d origine europeenne, scellement sous vide, garde-corps vitrines verre pare-balles. Processeur certifie Saint-Gobain SELECT. ENVOI NON ENCORE FAIT, programme le 09/10 en anglais. Ports Saqr a Ras Al Khaimah ou Khor Fakkan, et non Jebel Ali. Prochaine action : envoyer le 09/10.;A ENVOYER 2026-10-09
Émirats arabes unis;AE;Ras el Khaïmah, Al Ghail;Future Architectural Glass LLC;Transformation de verre architectural de sécurité;faglass.com;sales@faglass.com;+971 7 258 9274;Trempe et feuilletage en propre, cibler jumbo et extra-clair. Port Saqr Port, envoi en arabe. Relance 07/10 sans signature, une seule question sur les plus gros volumes annuels, porte de sortie. Angle verre de securite : four et ligne de feuilletage punissent une variation qu un etabli de vitrier ne verrait jamais, donc la constance est une question industrielle. Port Jebel Ali.;RELANCE 2026-10-07
Émirats arabes unis;AE;Sharjah (Industrial Area 13);Gulf Glass Industries (GGI);Transformateur architectural depuis 1991, groupe GIBCA;gulfglass.ae;Mail@GulfGlass.com;+971 6 513 4999;Leader du marche emirati, adosse au groupe GIBCA. Relance 07/10 sans signature, message court a une seule question : quelles references et epaisseurs au plus gros volume annuel. Porte de sortie proposee. Angle un transformateur a un seul corridor est expose, a deux il negocie. Port Jebel Ali.;RELANCE 2026-10-07
Équateur;EC;Cuenca (Bartolome de las Casas y Fray Luis de Leon);Providrio;Fourniture de verre et d aluminium;providrio.com;ventas@providrio.com;;Fournisseur verre et aluminium. Aucune adresse publiee dans les resultats : a appeler. Ports Colon ou Balboa. ERREUR DE PAYS CORRIGEE LE 08/10, ET ELLE ETAIT DANS LA FICHE DEPUIS SA CREATION : cette societe n est PAS au Panama, elle est a CUENCA EN EQUATEUR. La recherche restreinte a leur propre domaine ne rend que des coordonnees equatoriennes, indicatif +593, et aucune presence panameenne. La fiche est donc deplacee du Panama vers l Equateur, ce qui ramene le Panama a douze fiches. Grep fait avant ecriture : aucun doublon equatorien, et aucune fiche de Cuenca au registre, donc c est une vraie addition au marche equatorien qui n etait couvert qu a Quito et Guayaquil. DEVERROUILLEE EN MEME TEMPS : ventas arobase providrio.com est publiee sur leur site, domaine identique, regle anti-rebond satisfaite. Seconde adresse pour leur succursale, ventastotora arobase providrio.com. Mobile 099 090 0942. Deuxieme local a Guapondelig 17-113, avec deux versions de l adresse selon les pages. PROFIL CONFIRME ET IL COLLE EXACTEMENT A NOTRE GAMME : distribution de verre plat, aluminium et accessoires, avec float clair et de couleur, float de securite, feuillete, trempe, reflechissants, miroirs et verres speciaux. Delai annonce de huit jours ouvrables sur le trempe, donc trempe sous-traite ou en propre, a eclaircir. ENVOI NON ENCORE FAIT, programme le 09/10 en espagnol. Port Guayaquil. Prochaine action : envoyer le 09/10.;A ENVOYER 2026-10-09
Équateur;EC;Guayaquil, Machala et La Troncal;Disalvid;Importation et distribution d aluminium et de verre;disalvid.com;ventas@disalvid.com;;TROIS IMPLANTATIONS donc stock a reconstituer en continu, et le siege est dans le port meme. Envoi 07/10 en espagnol : float plus miroir sans cuivre pour la salinite cotiere plus trempe, chargements mixtes pour servir trois agences avec un conteneur. Port Guayaquil.;ENVOYE 2026-10-07
Équateur;EC;Quito (Juan de Ascaray E3-40);Covinhar Cia. Ltda.;Importation et distribution de verre plat et de miroirs depuis plus de trente ans;covinhar.com;ventasn@covinhar.com;+593 2 243 9983;UN DES TROIS PLUS GROS DISTRIBUTEURS VERRIERS D EQUATEUR. Importe deja : port, dedouanement, stock et reseau de vente en place. L Equateur n a pas de ligne float. Envoi 07/10 en espagnol : angle seconde origine, float plus miroir sans cuivre pour l humidite cotiere plus trempe plus Low-E. Port Guayaquil. Porte de sortie proposee.;ENVOYE 2026-10-07
Équateur;EC;Quito (sud);IMPORAN;Commercialisation d aluminium Cedal, verre et accessoires pour le batiment;imporan.com;imporan1@gmail.com;+593 984 109 882;Angle retenu : des trois familles qu ils vendent, le verre est la seule qui ne se produit pas en Equateur, donc la seule ou il reste de la marge a gagner sur l origine. Adresse gmail publiee sur leur propre site, notee au titre de la regle anti-rebond. Envoi 07/10 en espagnol. Port Guayaquil.;ENVOYE 2026-10-07
Équateur;EC;Quito et Portoviejo;GRUPO VIDRIALUM;Import d aluminium et de verre;vidrialum.com;adminquito@vidrialum.com;;IMPORTATEUR DECLARE d aluminium et de verre, plusieurs agences. Second contact adminpvm@vidrialum.com. Port Guayaquil, envoi en espagnol. Relance courte le 06/10 : une seule question posee (la reference et l'epaisseur la plus achetee) contre un prix ferme sous 48h, et sortie offerte en repondant non.;RELANCE 2026-10-06
Équateur;EC;Quito;Cristalinos;Fabrication et pose aluminium et verre;cristalinos.com.ec;info@cristalinos.com.ec;;Se presente comme leader de la fabrication et pose alu-verre en Equateur. Port Guayaquil. Mini-mail sur mesure ES Relance 08/10, deuxieme tranche, format court a une seule question plus porte de sortie. Delivrabilite deja prouvee par l envoi du debut octobre. Angle volume : un fabricant-poseur de cette taille achete par conteneur et non a la feuille, et l Equateur n a pas de ligne float. Envoi en espagnol.;RELANCE 2026-10-08
Équateur;EC;Quito;Duravidrio;Fabrication de verre trempe, feuillete et bombe;duravidrio.com;ventas@duravidrio.com;+593 99 972 8592;Fabricant trempe et feuillete. Port Guayaquil. Envoi en espagnol. Relance 07/10 sans signature, message court a une seule question : quelles references et epaisseurs au plus gros volume annuel. Porte de sortie proposee. Relance en espagnol. Angle l Equateur n a pas de ligne float donc le choix de l origine est la seule variable reellement maitrisee. Port Guayaquil. REPONSE 07/10 : autorepondeur qui renvoie vers un WhatsApp direct pour toute cotation, +593 99 972 8592. La fiche revele aussi leur positionnement reel : vitrages acoustiques, antibruit, blindes et pare-balles. Ces quatre familles consomment du float clair epais, 10 et 12 mm, et du feuillete multicouche : c est exactement notre gamme. PROCHAINE ACTION : Aaron ecrit sur WhatsApp, l e-mail ne menera nulle part puisqu ils renvoient explicitement ailleurs. Port Guayaquil.;REPONSE 2026-10-07
États-Unis;US;;Wholesale Glass and Supplies;Distribution en gros de verre decoratif decoupe aux industries du vitrage et de l hotellerie;wgsonline.com;allglass@wgsonline.com;;Grossiste verre decoratif pour vitriers, construction, architecture et hotellerie. Envoi en anglais, port a confirmer par le client. Relance courte le 06/10 : une seule question posee (la reference et l'epaisseur la plus achetee) contre un prix ferme sous 48h, et sortie offerte en repondant non.;RELANCE 2026-10-06
États-Unis;US;Asheville (Caroline du Nord);Wholesale Glass & Mirror;Verre et miroirs en gros;wholesaleglassandmirrornc.com;info@wholesaleglassandmirrornc.com;+1 828 254 8665;Ports Charleston ou Savannah.;ENVOYE 2026-10-05
États-Unis;US;Bensalem (Pennsylvanie) et Norwich (Connecticut);Glass Enterprises Inc;Vitrages isolants, trempe, feuillete, spandrel, distributeur float certifie;glassenterprises.com;;+1 215 638 1007;GROS : usine neuve de 180 000 pieds carres a Norwich, fabricant certifie float. Aucune adresse publiee. ENRICHIE LE 08/10. Profil confirme et fort : decrite comme fabricant certifie de produits float pour tous les grands verriers, et certifiee pour le verre ORNILUX anti-collision oiseaux. Deux sites, siege a Bensalem en Pennsylvanie et l usine de 180 000 pieds carres a Norwich dans le Connecticut, ancien site de Solar Seal devenu Naverra. AUCUNE ADRESSE PUBLIEE : leur page de contact ne donne que les adresses postales et les telephones, les instructions de candidature visant les demandeurs d emploi. Reste un dossier telephonique. Numero du siege 800 888 1005 pour demander le bureau float, Norwich +1 215 638 1007. NUANCE A GARDER EN TETE : fabricant certifie pour tous les grands verriers signifie qu ils sont deja lies aux majors. RE-VERIFIEE LE 08/10 AVEC LA METHODE RESTREINTE AU DOMAINE : toujours AUCUNE adresse publiee, leur page de contact ne porte qu un formulaire de candidature. Dossier telephonique confirme. DEUX CORRECTIONS DE CHIFFRE ET D ADRESSE. La fiche annoncait une usine de 180 000 pieds carres a Norwich , leur site dit que le SIEGE DE BENSALEM compte un peu moins de 105 000 pieds carres de production et d entrepot. Les 180 000 ne sont donc pas confirmes par la societe et ne doivent plus etre cites comme un fait. Adresses exactes : siege 2277 New York Avenue, Bensalem PA 19020, numero gratuit 800-888-1005 , usine 40 Wisconsin Avenue, Norwich CT 06360, telephone 215-638-1007 — soit l inverse de ce que portait la fiche, le 215 etant rattache a Norwich sur leur page. Float clair ET teinte confirmes sur leur page destinee aux architectes, donc la demande peut passer par le meme canal. Clientele annoncee : architectes, poseurs-vitriers et specialistes de cloisons vitrees. Un nom apparait sur une page d equipe, Joshua Burg, sans fonction publiee : ne pas l utiliser comme interlocuteur achats, paragraphe 5. PROCHAINE ACTION : appel sur le 800-888-1005, demander le bureau float et une adresse e-mail.;A APPELER
États-Unis;US;Brooklyn (New York);Bear Glass;Transformateur complet, 25 000 pieds carres, livraison nationale;bearglass.com;sales@bearglass.com;+1 718 832 3604;DEVERROUILLEE LE 08/10 : la fiche portait aucune adresse publiee et le statut appel. Une recherche par auto-description d acheteur a fait remonter sales arobase bearglass.com et sales arobase bearglassnj.com sur leur propre domaine, qui figure bien dans les URL de resultats. ANGLE : ils se presentent comme l un des plus gros stockistes de feuilles de verre et de miroir, avec du float jusqu au miroir ancien en stock. Le probleme d un stockiste n est jamais une reference mais la gamme a tenir sans immobiliser de tresorerie sur les references lentes, d ou le conteneur mixte. Copie au bureau du New Jersey. Ports New York ou New Jersey. Regle anti-rebond OK. Controle MX impossible le 08/10, le resolveur ne resout que sa liste blanche.;ENVOYE 2026-10-08
États-Unis;US;Buford (Atlanta, Georgie);Echols Glass & Mirror;Verre et miroirs en gros;echolsglass.com;sales@echolsglass.com;+1 770 409 1770;Savannah est une des traversees atlantiques les plus courtes. FUSION DU 08/10, detectee par un balayage systematique du registre : 1 fiche(s) en double pour la meme societe (Echols Glass and Mirror) ont ete neutralisees.;ENVOYE 2026-10-05
États-Unis;US;Buford (Georgie);Echols Glass and Mirror;Verre et miroir en gros;echolsglass.com;;;DOUBLON de la fiche Echols Glass & Mirror du meme pays, neutralisee le 08/10 lors du balayage systematique du registre. Ne pas demarcher depuis cette ligne.;NE PAS DEMARCHER
États-Unis;US;Carrollton (Dallas, Texas) 1304 Champion Cir;Dallas Flat Glass Distributors;Distribution de verre plat;dallasflatglass.com;sales@dfgdbiz.com;;ANGLE : la distribution est tout leur metier, donc rien a expliquer sur le produit. Ce qui compte est le prix rendu au metre carre et l arrivee sans casse, et sur une jambe d import ces deux choses sont decidees par la meme chose, le chargement et le calage. Port Houston. ADRESSE SUR UN DOMAINE DIFFERENT DU SITE : sales arobase dfgdbiz.com est publiee par la societe sur sa propre page de contact dallasflatglass.com/contact, qui figure dans les URL de resultats. Exception du paragraphe 5 appliquee et notee. Regle anti-rebond OK. Controle MX impossible le 08/10, le resolveur ne resout que sa liste blanche.;ENVOYE 2026-10-08
États-Unis;US;Conley (Georgie) et Birmingham (Alabama);American Insulated Glass;Fabrication de vitrages isolants;aiglass.com;info@aiglass.com;+1 404 361 9154;Consommateur de float et Low-E en volume. Port Savannah. Relance 08/10, quatrieme tranche. Angle vitrage isolant : metier qui consomme du float clair et du Low-E en volume sans en produire, donc l economie est presque entierement dans le substrat. Question posee sur les couches Low-E precises.;RELANCE 2026-10-08
États-Unis;US;Denver (Colorado);Homewell Glass Products Inc;Produits verriers;homewellglass.com;sales@homewellglass.com;;Interieur des terres : CIF Houston ou Long Beach puis pre-achemine par le client.;ENVOYE 2026-10-05
États-Unis;US;Derby et Enfield (Connecticut);Curved Glass Distributors;Verre bombe;curvedglassdist.com;info@curvedglassdist.com;;Bombage : le substrat de depart conditionne la qualite optique. Argument low-iron europeen. Relance 08/10, quatrieme tranche. ANGLE TECHNIQUE : le bombage est le procede le moins indulgent envers son substrat, la courbe amplifiant toute distorsion deja presente dans la feuille au lieu de la masquer. D ou le lien entre bombe et extra-clair.;RELANCE 2026-10-08
États-Unis;US;Fridley (Minnesota);Northwestern Glass Fab;Vitrages isolants sur mesure;nwglassfab.com;sales@nwglassfab.com;+1 763 762 1750;Aucune adresse generique publiee : seules des adresses nominatives vendues par courtier, donc ecartees. DEVERROUILLEE LE 08/10, MAIS CLASSEE EN FAIBLE PRIORITE ET IL FAUT DIRE POURQUOI. sales arobase nwglassfab.com et orders arobase nwglassfab.com sont publiees sur leur page de contact, domaine identique, regle anti-rebond satisfaite. Troisieme adresse, showers arobase nwglassfab.com, pour les parois de douche. Telephone 763-762-1750, implantation Fridley, Minnesota. Ils appartiennent au groupe BRIN GLASS COMPANY, dont la responsable de marque est citee sur un autre domaine, bringlass.com. Transformateur de verre architectural qui sert les negociants verriers, l industrie et l agencement tertiaire, avec une page Flat Glass Fabrication. Nouveau directeur general annonce, Brent Hill. POURQUOI LA PRIORITE EST FAIBLE, et c est un jugement de ciblage et non un defaut de la fiche : les Etats-Unis produisent leur float en abondance, et le Minnesota est enclave, donc un conteneur europeen arrive par une cote puis par rail. Le double handicap de la production locale et du post-acheminement rend l offre peu competitive. On ecrit, parce que l adresse ne coute rien, mais apres le lot principal et sans y mettre l effort de redaction reserve aux marches sans float. Prochaine action : envoyer apres le 10/10. REQUALIFIEE LE 08/10 EN FIN DE JOURNEE, ET C EST UNE CORRECTION DE MON JUGEMENT DE L APRES-MIDI. Je l avais datee au 13/10 en ecrivant que les Etats-Unis produisent leur float en abondance et que l offre europeenne y part avec un handicap. Verification faite : l inverse vient de se produire. Des ordres ANTIDUMPING ET COMPENSATEURS sur le float glass ont ete publies le 06/04/2026, a effet retroactif au 15/07/2025, sur petition de VITRO — les premieres procedures jamais dirigees contre les importations de float aux Etats-Unis. Chine : droit antidumping de 181,52 pour cent pour l entite nationale et 151,27 pour les entites Xinyi, les taux preliminaires allant de 247 a 312, PLUS un droit compensateur de 19,75 a 113,34 selon l exportateur. Malaisie : antidumping abandonne pour importations negligeables mais droit compensateur de 17,3 a 102 pour cent, dont 102 pour NSG Malaysian Sheet Glass. L EUROPE N EST VISEE PAR AUCUN DE CES DROITS. Les deux origines qui cassaient les prix sur ce marche viennent donc d etre frappees, et un transformateur qui achetait chinois ou malaisien cherche une autre origine maintenant. La fiche passe de ciblage faible a cible qualifiee. PRECAUTION DE FORMULATION : ne pas dire que notre verre est bon marche, dire que les deux origines les moins cheres portent desormais des droits, ce qui change la comparaison. Et ne pas citer de taux comme une promesse de prix. A REVERIFIER avant usage : revisions administratives et recours peuvent avoir bouge depuis avril 2026.;A ENVOYER 2026-10-09
États-Unis;US;Houston (Texas);Clarity Glass Wholesalers;Trempe, feuillete et verre sur mesure en gros;clarityhouston.com;info@clarityhouston.com;;Houston = ligne directe Anvers et Le Havre. Relance 08/10, quatrieme tranche. Angle logistique verifie : Houston est sur une ligne directe depuis Anvers et Le Havre, soit la plus courte jambe atlantique pour une origine europeenne vers les Etats-Unis.;RELANCE 2026-10-08
États-Unis;US;Houston (Texas);Texas Glass Group LLC;Fourniture de verre;texasglassgroup.com;info@texasglassgroup.com;;Port Houston. CONTROLE MX DU 07/10 : le domaine texasglassgroup.com n a aucun enregistrement MX, seulement un A. Livraison incertaine. Ne pas inclure dans un lot groupe : tester seul et surveiller le rebond. Relance 08/10, quatrieme tranche. ENVOI SEUL car le domaine texasglassgroup.com n a aucun MX, seulement un A, conformement au paragraphe 5. Angle Houston sur ligne directe Anvers et Le Havre.;RELANCE 2026-10-08
États-Unis;US;Jacksonville (Floride);Flat Glass Distributors;Distribution et transformation de verre, sud-est des Etats-Unis;flatglassdistributors.com;;;DOUBLON de la fiche Flat Glass Distributors Inc., meme telephone +1 904 354 5413. Detecte le 08/10. Ne pas demarcher depuis cette ligne.;NE PAS DEMARCHER
États-Unis;US;Jacksonville et Orange Park (Floride);Gordon's Glass and Mirror;Grossiste float, trempe, feuillete, Low-E et vitrage isolant;gordonsglassandmirror.com;;+1 904 388 5555;Adresse citee sur un domaine different du site : ne pas deviner, appeler. BALAYAGE DU 08/10 : FICHE NON TESTEE, ET C EST UN CHOIX. La methode de deverrouillage a ete appliquee a l ensemble des fiches verrouillees de la journee, sauf celles-ci, pour une raison de priorite et non d oubli. La carte des marches etablie le 08/10 a 14h35 declasse ce marche : soit il produit son propre float a bas cout, soit il releve de l Europe ou le paragraphe 6 interdit la nouvelle prospection et ou le conteneur n est de toute facon pas le bon mode de livraison. La fiche reste donc verrouillee volontairement. A reprendre si le marche remonte dans les priorites, et la methode est ecrite au paragraphe 13 : recherche large sur le nom avec annuaires et courtiers bloques pour trouver le domaine propre, puis recherche restreinte a ce domaine.;A APPELER
États-Unis;US;Jacksonville, Houston et La Nouvelle-Orleans;Flat Glass Distributors Inc.;Distribution de verre plat sur plusieurs implantations portuaires;flatglassdistributors.com;;+1 904 354 5413;Implantations a Jacksonville, Houston et La Nouvelle-Orleans, donc trois points de stock sur le golfe et l Atlantique. Aucune adresse publiee dans les resultats : a appeler. FUSION DU 08/10 : une seconde fiche existait pour la meme societe, meme telephone +1 904 354 5413, elle a ete neutralisee. Leur site ne propose qu un formulaire de contact, aucune adresse : la fiche reste un dossier telephonique. METHODE EN DEUX TEMPS APPLIQUEE LE 08/10 : domaine propre trouve, flatglassdistributors.com, confirme par le second temps puisque la recherche restreinte rend bien leurs pages. Aucune adresse publiee, un formulaire. MAIS LE TEST RAPPORTE BIEN MIEUX QU UNE BOITE GENERALE : leur page Staff NOMME ses responsables AVEC LEUR FONCTION, ce qui satisfait la condition du paragraphe 5. Roger STEINKE, directeur general. JD MOELLER, ventes VERRE. Justin MEREDITH, ventes metal commercial. L INTERLOCUTEUR EST DONC JD MOELLER, nommement, et c est ce qui change la valeur de l appel : on ne demande plus les achats a un accueil, on demande une personne. Telephones 1-800-248-5413 et 904-354-5413. Siege 5355 Shawland Road, Jacksonville, Floride, installes la depuis avril 2007. AFFAIRE FAMILIALE FONDEE EN 1957, grossiste ET transformateur de verre et de metal. Gamme : trempe, vitrage isolant, portes de douche, miroirs, travail de chant, et fournitures metal et vitrerie pour le commercial. Ils desservent des CENTAINES d entreprises de vitrerie en Floride et en Georgie, dans un rayon d environ 400 km autour de Jacksonville. JACKSONVILLE EST UN PORT, donc aucun post-acheminement a porter, et le marche americain est sous droit antidumping de 181 pour cent contre le float chinois. HOMONYMIE DEJA GEREE, A NE PAS CONFONDRE : Glaz-Tech a Tucson et Western States Glass a Long Beach sont deux AUTRES grossistes float, tous deux deja fiches et deja contactes. Trois societes distinctes. Page de contact vieille d environ 1 008 jours, donc telephones a confirmer au premier appel. A METTRE SUR LA LISTE D APPELS PRIORITAIRES.;A APPELER
États-Unis;US;Long Beach (Californie);Western States Glass;Grossiste et transformateur, stock permanent;wsglass.com;sales@wsglass.com;+1 562 983 1374;Stockiste : achete en volume. Port Long Beach. Relance 08/10, troisieme tranche. Format court a une seule question plus porte de sortie. Stock permanent donc achat en volume, et Long Beach est le point d entree le plus simple de la cote ouest : ni le conteneur ni la logistique ne sont le sujet.;RELANCE 2026-10-08
États-Unis;US;Los Angeles (2035 East 38th Street);55 Glass;Distribution de verre et plateaux de table, quartier du gros;55glass.com;info@55glass.com;+1 323 233 0090;Implante dans le quartier du gros de Los Angeles et sert Long Beach, premier complexe portuaire d import des Etats-Unis. Aucune adresse publiee dans les resultats : a appeler. DEVERROUILLEE LE 08/10 : info arobase 55glass.com est publiee sur leur page de contact, domaine present dans les URL de resultats. ENVOI PREVU LE 09/10, plafond du jour atteint. PROFIL CONFIRME ET BON : ils annoncent faire UNIQUEMENT la fourniture de verre, sans pose ni travaux. C est exactement le profil acheteur qui nous interesse, par opposition a un poseur qui achete au detail. Adresse 2035 East 38th Street Los Angeles 90058, en plein quartier du gros, et Long Beach est le premier complexe portuaire d import des Etats-Unis. Lignes +1 800 554 5277 et +1 323 233 0090, horaires 7h30-16h du lundi au vendredi, utiles pour viser le creneau. ENVOI DU 08/10. ANGLE LE PLUS DIRECT DU LOT : ils annoncent faire la fourniture SEULE, sans pose ni travaux, ce qui en fait exactement le contrepartie que nous cherchons puisque nous ne vendons qu au conteneur complet. Le reste decoule de la geographie, quartier du gros de Los Angeles et Long Beach premier complexe portuaire d import des Etats-Unis, donc le conteneur arrive quasiment a leur porte.;ENVOYE 2026-10-08
États-Unis;US;Los Angeles (Californie);SGC Specialty Glass Company;Float clair, extra-clair, teinte, Low-E et verre architectural special, 30 ans;sgc-usa.com;;+1 323 318 2998;Revend du float importe : profil acheteur direct. Aucune adresse publiee. RECLASSEE EN CONCURRENT LE 08/10, ET C EST UNE TROUVAILLE UTILE AU-DELA DE LA FICHE. Leur site ne porte pas le nom de cette fiche mais SGC INTERNATIONAL INC., et il se decrit comme LE BUREAU EXCLUSIF DE VENTE ET DE SERVICE DE CSG AUX ETATS-UNIS ET AU CANADA. CSG est China Southern Glass, l un des plus gros producteurs float chinois. Cette fiche n est donc pas un acheteur : c est le bras commercial americain d un verrier chinois, c est-a-dire un concurrent. ET CELA CONFIRME LA TROUVAILLE DU JOUR PAR L AUTRE BOUT : le droit antidumping americain de 181 pour cent sur le float chinois frappe exactement ce circuit-la. Le bureau d un producteur chinois a Commerce en Californie est precisement l intermediaire que les transformateurs americains vont devoir quitter, et c est pour cela que le marche americain s ouvre a nous. Coordonnees relevees pour memoire : 6489 Corvette Street, Commerce CA 90040, telephone 323-318-2998, ligne de commande 1-866-802-8682. Adresse publiee sgciusa arobase gmail.com, un compte gratuit pour un bureau de groupe, ce qui en dit long. Non utilisee. Prochaine action : aucune.;NE PAS DEMARCHER
États-Unis;US;Mauldin (Caroline du Sud);Wholesale Glass Distributors Inc;Verre auto, vitrage de remplacement, double vitrage, portes de douche, depuis 1992;wholesaleglassdist.com;;+1 800 277 5223;Aucune adresse publiee. VERIFIE LE 08/10, RESULTAT NEGATIF A CONSIGNER : une recherche restreinte a leur domaine wholesaleglassdist.com ne rend AUCUN resultat, et une seconde recherche sur le nom seul n en rend pas davantage. Le domaine inscrit dans la fiche n est donc plus indexe, et peut-etre plus en service. La fiche ne porte ni telephone ni ville precise, elle n est donc ni envoyable ni appelable en l etat. A REQUALIFIER : retrouver l etat et la ville avant tout nouvel effort, le nom etant trop generique pour une recherche utile sans cela. Prochaine action : requalifier ou declasser. TESTEE LE 08/10 PAR LA METHODE DU PARAGRAPHE 13, SANS RESULTAT : la recherche restreinte a wholesaleglassdist.com ne remonte aucune page indexee, pas meme la page de contact. Le domaine n est plus indexe ou le site est tombe. A requalifier avant d y investir un appel : verifier que la societe existe toujours.;A QUALIFIER
États-Unis;US;Memphis (Tennessee);Wholesale Glass Distributors Memphis;Distribution en gros de verre;wgdmemphis.com;sales@wgdmemphis.com;+1 901 332 2200;Interieur des terres : CIF Houston ou Nouvelle-Orleans.;ENVOYE 2026-10-05
États-Unis;US;Miami (12750 N Kendall Drive);Signature Glass & Mirror;Un des principaux exportateurs verriers de Floride du Sud vers l Amerique du Sud et les Caraibes;signatureglassandmirror.com;;+1 305 385 6876;Exportateur declare. Aucune adresse publiee dans les resultats : a appeler. BALAYAGE DU 08/10 : FICHE NON TESTEE, ET C EST UN CHOIX. La methode de deverrouillage a ete appliquee a l ensemble des fiches verrouillees de la journee, sauf celles-ci, pour une raison de priorite et non d oubli. La carte des marches etablie le 08/10 a 14h35 declasse ce marche : soit il produit son propre float a bas cout, soit il releve de l Europe ou le paragraphe 6 interdit la nouvelle prospection et ou le conteneur n est de toute facon pas le bon mode de livraison. La fiche reste donc verrouillee volontairement. A reprendre si le marche remonte dans les priorites, et la methode est ecrite au paragraphe 13 : recherche large sur le nom avec annuaires et courtiers bloques pour trouver le domaine propre, puis recherche restreinte a ce domaine.;A APPELER
États-Unis;US;Miami (353 NE 185th Street);Glass Global Distributors LLC;Distribution de float, miroirs, trempe et feuillete pour la Floride du Sud et les Caraibes;glassglobalonline.com;sales@glassglobalonline.com;+1 305 652 0101;DISTRIBUTEUR FLOAT ET MIROIR POUR LES CARAIBES : tres bon profil. Le domaine de l adresse citee n apparait dans aucune URL de resultat, seulement des agregateurs dont un courtier de donnees interdit : aucun envoi. A appeler. DEVERROUILLEE LE 08/10, ET UN DOUBLON RESOLU PAR LA MEME OCCASION. sales arobase glassglobalonline.com est l adresse publiee sur le site ggdglass.com, a cote des telephones +1 305 652 0101 et du numero gratuit 800 219 4774, fax 305 652 5980, adresse postale 353 NE 185th Street, Miami FL 33179-4510. FUSION : la fiche Glass Global Distributors (GGD), site ggdglass.com, est LA MEME SOCIETE. Les deux domaines appartiennent a une seule maison de Miami, et c est le domaine glassglobalonline.com qui porte la boite. L autre fiche est neutralisee, un seul message partira. Leur titre de page les donne DISTRIBUTEUR DE VERRE ET DE FLOAT, ce qui colle a la fiche. RESERVE HONNETE A GARDER EN TETE, et elle vient d une trouvaille du meme jour : Miami est un HUB D EXPORT concurrent sur les Caraibes. CM Glass Miami, autre fiche de ce registre, annonce explicitement exporter du verre fabrique en Amerique vers l etranger. Un distributeur de Miami peut donc etre notre client sur le float importe comme notre concurrent sur les Caraibes, et c est a lever dans l echange plutot qu a supposer. Pied de page en copyright 2013, coordonnees a confirmer. ENVOI programme le 09/10 en anglais, en dernier dans le lot compte tenu de cette reserve. Port Miami. Prochaine action : envoyer le 09/10.;A ENVOYER 2026-10-09
États-Unis;US;Miami (519 SW 71st Avenue);CM Glass LLC;Verre sur mesure et exportation vers les Caraibes et l Amerique centrale et latine;cmglassmiami.com;contact@cmglass.com;+1 305 261 4500;Exportateur declare vers les Caraibes et l Amerique latine, plus de trente ans. Adresse citee en cmglass.com alors que le site est cmglassmiami.com, et le domaine de l adresse n apparait dans aucune URL de resultat : regle anti-rebond, aucun envoi. A appeler. RECLASSEE LE 08/10 : CE N EST PAS UN ACHETEUR, C EST UN CONCURRENT SUR NOS MARCHES. Verification faite avant tout envoi. Leur page Export Glass annonce noir sur blanc qu ils fournissent du VERRE FABRIQUE EN AMERIQUE a des clients a l etranger et invitent a les contacter pour leurs services d export. Ils s approvisionnent donc en float americain et l exportent : ils sont sur la meme ligne que nous, pas en face. Leur adresse contact arobase cmglass.com est bien publiee sur leur site, exception du paragraphe 5 satisfaite, mais un message n aurait aucun sens. RENSEIGNEMENT DE MARCHE A GARDER, ET IL VAUT PLUS QUE LA FICHE : Miami est un hub d export concurrent sur les Caraibes et l Amerique latine, avec du verre a impact et anti-cyclonique a son catalogue. Cela explique en partie pourquoi les acheteurs caribeens de notre registre, Caribbean Glass a Trinite, Nassau Glass aux Bahamas, ont deja des fournisseurs etablis qui leur font du credit : la concurrence n est pas asiatique, elle est a Miami, a deux jours de bateau. A verser au raisonnement sur l offre caribeenne. Coordonnees 519 SW 71st Avenue, Miami FL 33144, 305-261-4500. Prochaine action : aucune.;NE PAS DEMARCHER
États-Unis;US;Miami (Floride);Glass Global Distributors (GGD);Distribution de float et transformation pour le sud de la Floride;ggdglass.com;;;Adresse citee sur un domaine different du site : ne pas deviner, appeler. DOUBLON NEUTRALISE LE 08/10 : c est la meme societe que Glass Global Distributors LLC du meme registre, a Miami. Les deux domaines, ggdglass.com et glassglobalonline.com, appartiennent a une seule maison, 353 NE 185th Street, et c est le site ggdglass.com qui publie l adresse sales arobase glassglobalonline.com. Ne pas demarcher depuis cette ligne, le fil est ouvert sur l autre fiche.;NE PAS DEMARCHER
États-Unis;US;Miami et Chicago;Luminous Glass Solutions LLC;Distribution nationale de verre en gros;;;;Couvre Atlanta, Denver, Phoenix et Seattle. Aucune adresse publiee.;A APPELER
États-Unis;US;Newark (New Jersey);American Pro Glass;Distribution nationale de float, depoli acide, miroir et feuillete;americanproglass.com;info@americanproglass.com;+1 646 718 3017;Gamme large et port de Newark : profil conteneur. Liens float et miroir sans cuivre envoyes.;ENVOYE 2026-10-07
États-Unis;US;North Miami (Floride);Avery Glass & Mirror;Verre et miroir, exportation vers les Caraibes et l Amerique latine;averyglass.com;sales@averyglass.com;+1 305 891 7734;CONSOLIDATEUR-EXPORTATEUR : ils achetent, stockent et reexpedient vers les Caraibes et l Amerique latine, et posent sur place. 1831 NE 146th Street. Miami est sur l Atlantique donc sur la meme ligne maritime que leurs propres sorties. Envoi 07/10 : float extra-clair, miroir sans cuivre pour leurs clients insulaires, trempe, laque, decoupe au format 2438 x 3302 mm. Deux options proposees : rendu Miami ou expedie direct au port de leur client.;ENVOYE 2026-10-07
États-Unis;US;Omaha (Nebraska);Quality Glass and Mirror;Distribution et transformation de verre architectural et aluminium, plus de 30 ans;qualityglassomaha.com;;+1 402 339 3737;Interlocuteur verifie : Katrina Hahn, representante Wholesale Manufacturing Distribution. Aucune adresse publiee. BALAYAGE DU 08/10 : FICHE NON TESTEE, ET C EST UN CHOIX. La methode de deverrouillage a ete appliquee a l ensemble des fiches verrouillees de la journee, sauf celles-ci, pour une raison de priorite et non d oubli. La carte des marches etablie le 08/10 a 14h35 declasse ce marche : soit il produit son propre float a bas cout, soit il releve de l Europe ou le paragraphe 6 interdit la nouvelle prospection et ou le conteneur n est de toute facon pas le bon mode de livraison. La fiche reste donc verrouillee volontairement. A reprendre si le marche remonte dans les priorites, et la methode est ecrite au paragraphe 13 : recherche large sur le nom avec annuaires et courtiers bloques pour trouver le domaine propre, puis recherche restreinte a ce domaine.;A APPELER
États-Unis;US;Pompano Beach (Floride);Downey Glass;Fabrication de verre en gros, devantures;downeyglass.com;sales@downeyglass.com;+1 954 972 0026;Floride du Sud : une des traversees atlantiques les plus courtes. Ports Everglades ou Miami.;ENVOYE 2026-10-06
États-Unis;US;Sacramento, Pittsburg, Galt (Californie), Reno et Honolulu;U.S. Glass & Aluminum Inc.;Verre et aluminium, cinq implantations dont Hawai;us-glass.com;frontdesk@us-glass.com;;Argument Hawai : un conteneur direct bat souvent le transbordement continental. Demande de transfert aux achats incluse. Relance 08/10, quatrieme tranche. Angle Hawai : le verre qui atteint Honolulu via un port continental est manipule deux fois et paie la jambe continentale en plus, un conteneur direct bat souvent ce schema. Adresse d accueil et non d achats : demande explicite de transmettre.;RELANCE 2026-10-08
États-Unis;US;San Antonio, Houston et Dallas;Complete Line Glass;Distribution et transformation, vitrage isolant et trempe;completelineglass.com;clgquotes@completelineglass.com;;Trois agences au Texas. Aucune adresse publiee. DEVERROUILLEE LE 08/10, ET AVEC LE MEILLEUR CANAL POSSIBLE. clgquotes arobase completelineglass.com est l adresse que leur page Delivery designe pour les DEMANDES DE PRIX, valable pour leurs trois implantations, domaine identique a celui du site, regle anti-rebond satisfaite. Une boite devis est le canal idéal : pas de demande de transmission a faire. Adresses de commande distinctes, a ne pas utiliser pour un premier contact : sa-orders pour San Antonio et Dallas-Fort Worth, Houston-orders pour Houston. TROIS IMPLANTATIONS TEXANES : San Antonio 210-651-9873, Houston 713-864-2113, Dallas-Fort Worth 972-206-1000. FAIT QUI DECIDE DE L ANGLE : une de leurs pages s intitule CASES AND STOCK SHEETS — ils vendent donc le verre en CAISSES et en feuilles de stock, et qui vend la caisse achete la caisse. S y ajoutent le trempe, le vitrage isolant commercial et residentiel, le metal architectural et une page Glass Distribution. DOUBLE AVANTAGE DE TIMING : les Etats-Unis sont devenus une cible qualifiee le 08/10, droits de 181 pour cent sur le float chinois et jusqu a 102 sur le malaisien, l Europe hors liste , et HOUSTON est une ligne directe depuis Anvers et Le Havre, ce qui raccourcit le trajet par rapport a la cote ouest. RESERVE : page indexee il y a environ 530 jours, confirmer au telephone si l adresse rebondit. Et ne rien ecrire sur le droit de douane ordinaire, question en attente chez Aaron. ENVOI programme en priorite 2, en anglais. Port Houston. Prochaine action : envoyer.;A ENVOYER 2026-10-09
États-Unis;US;San Marcos (Texas);Capital Glass Distributor;Distribution de verre plat et de vitrage isolant, feuillete en cinq teintes;capitalglassdistributor.com;sales@capitalglassdistributor.com;+1 512 383 5282;Stocke cinq teintes de feuillete : vrai stock, donc profil conteneur. Port Houston. Complement du 08/10 : une seconde adresse orders arobase capitalglassdistributor.com est publiee sur leur site, a utiliser si la premiere reste muette. Pas de relance aujourd hui, l envoi du 06/10 est trop recent.;ENVOYE 2026-10-06
États-Unis;US;Santa Fe Springs (Californie);GlasPro Inc.;Transformateur americain depuis 1988, usine de 75 000 pieds carres;glas-pro.com;sales@glas-pro.com;;Aucune adresse publiee. DEVERROUILLEE LE 08/10, AVEC UNE RESERVE SUR LA SOURCE, ET CLASSEE EN FAIBLE PRIORITE. sales arobase glas-pro.com, quotes arobase glas-pro.com et info arobase glas-pro.com sont bien sur le domaine du site, mais elles ont ete relevees sur DEV.glas-pro.com, un sous-domaine de developpement, et sur des pages de plus de quatre ans. Le sous-domaine appartient a la societe donc la regle anti-rebond est satisfaite, mais le contenu peut etre perime : si sales rebondit, essayer quotes. La page de contact du site principal ne rend que les telephones, 800-776-2368 en gratuit, 562-946-7722 en local, fax 562-946-2764, et l adresse 9401 Ann Street, Santa Fe Springs, Californie 90670. Deux adresses nominatives figurent aussi sur la page de developpement, pour la consultation de projet et le marketing : non utilisees, aucune fonction d achat verifiee. Ils annoncent une ligne de production de vitrage isolant en propre. MEME JUGEMENT QUE POUR LE MINNESOTA : les Etats-Unis produisent leur float, et meme si Los Angeles est un port d import du Pacifique, l offre europeenne y part avec un handicap. On ecrit apres le lot principal. Prochaine action : envoyer apres le 10/10. REQUALIFIEE LE 08/10 EN FIN DE JOURNEE, ET C EST UNE CORRECTION DE MON JUGEMENT DE L APRES-MIDI. Je l avais datee au 13/10 en ecrivant que les Etats-Unis produisent leur float en abondance et que l offre europeenne y part avec un handicap. Verification faite : l inverse vient de se produire. Des ordres ANTIDUMPING ET COMPENSATEURS sur le float glass ont ete publies le 06/04/2026, a effet retroactif au 15/07/2025, sur petition de VITRO — les premieres procedures jamais dirigees contre les importations de float aux Etats-Unis. Chine : droit antidumping de 181,52 pour cent pour l entite nationale et 151,27 pour les entites Xinyi, les taux preliminaires allant de 247 a 312, PLUS un droit compensateur de 19,75 a 113,34 selon l exportateur. Malaisie : antidumping abandonne pour importations negligeables mais droit compensateur de 17,3 a 102 pour cent, dont 102 pour NSG Malaysian Sheet Glass. L EUROPE N EST VISEE PAR AUCUN DE CES DROITS. Les deux origines qui cassaient les prix sur ce marche viennent donc d etre frappees, et un transformateur qui achetait chinois ou malaisien cherche une autre origine maintenant. La fiche passe de ciblage faible a cible qualifiee. PRECAUTION DE FORMULATION : ne pas dire que notre verre est bon marche, dire que les deux origines les moins cheres portent desormais des droits, ce qui change la comparaison. Et ne pas citer de taux comme une promesse de prix. A REVERIFIER avant usage : revisions administratives et recours peuvent avoir bouge depuis avril 2026.;A ENVOYER 2026-10-09
États-Unis;US;Savannah (Georgie), Houston (Texas) et Miami (Floride);Interglass USA;Distribution de verre architectural, miroir et quincaillerie dans plus de 35 Etats;interglassusa.com;sales@interglassusa.com;+1 800 576 6044;CIBLE MAJEURE : importateur deja structure, trois plateformes portuaires. Aucune pedagogie a faire sur le conteneur.;ENVOYE 2026-10-06
États-Unis;US;Seattle (SODO);Perkins Glass & Mirror;Verre et miroir, maison familiale depuis 1906;perkinsglassseattle.com;email@perkinsglassseattle.com;;Seattle-Tacoma est une porte d entree conteneur de premier appel : la marchandise arrive au port et ne traverse pas le continent, contrairement a la majorite du verre americain. Une maison qui dure depuis 1906 a survecu a tous ses accords d approvisionnement, donc elle achete au jugement. MX Google OK. Envoi 07/10 sans signature : float, miroir sans cuivre pour le climat maritime humide du Nord-Ouest Pacifique, trempe, decoupe au format 2438 x 3302 mm.;ENVOYE 2026-10-07
États-Unis;US;Secaucus, New Jersey;GGI — General Glass International;Transformation et distribution nationale de verre architectural de specialite;generalglass.com;sales@generalglass.com;+1 800 431 2042;IMPORTATEUR DECLARE : sourcing mondial de float et de verre de specialite importe, distribution nationale US. Cible majeure. Port de New York / New Jersey, envoi en anglais. Importateur de verre europeen depuis l apres-guerre : cible numero un aux Etats-Unis. Approche directe, offre de se faire comparer sur trois references. Relance 08/10, format court a une seule question plus porte de sortie. Delivrabilite deja prouvee par l envoi du debut octobre. Angle : ils importent du verre europeen depuis l apres-guerre donc rien a expliquer. Question posee : quelles references leur manquent le plus chez leurs fournisseurs europeens actuels.;RELANCE 2026-10-08
États-Unis;US;Tacoma (Washington);Tacoma Glass MFG;Fabrication verriere;tacomaglass.net;jamin@tacomaglass.net;;Contact nomme : Jamin. Ports Tacoma ou Seattle.;ENVOYE 2026-10-05
États-Unis;US;Tacoma, Spokane et Honolulu;Savage Wholesale Inc.;Grossiste avec departement verre, trois implantations dont Hawai;savagewholesale.com;tacomaglasssales@savagewholesale.com;+1 253 383 1727;ANGLE HAWAI : ile sans production, tout arrive en conteneur. Liens float et miroir sans cuivre envoyes.;ENVOYE 2026-10-07
États-Unis;US;Tucson (Arizona);Glaz-Tech Industries;Grossiste et transformateur de verre float;glaztech.com;info@glaztech.com;;Grossiste float. Ports Houston ou Long Beach. Relance 08/10, troisieme tranche. Format court a une seule question plus porte de sortie. Grossiste et transformateur de float donc achat de substrat en volume. Question doublee du port prefere entre Houston et Long Beach.;RELANCE 2026-10-08
États-Unis;US;Westerville (Ohio) et Oldsmar (Floride);Fab Glass and Mirror;Fabrication et distribution en gros de verre et miroirs;fab.glass;info@fab.glass;+1 888 501 1131;Deux sites, gros volume float et miroir. Ports Savannah, Tampa, Baltimore. Relance 08/10, format court a une seule question plus porte de sortie. Delivrabilite deja prouvee par l envoi du debut octobre. Angle : gros volumes float et miroir sur deux sites avec Savannah Tampa et Baltimore a portee, donc le conteneur est une routine. Question volume annuel et port prefere.;RELANCE 2026-10-08
États-Unis;US;—;Architectural Glass;Verre special, relations directes avec des usines dans le monde entier;architecturalglass.com;sales@architecturalglass.com;;Sourcing international revendique : profil acheteur direct. Relance 08/10, quatrieme tranche. Angle le plus direct du lot : ils revendiquent des relations directes avec des usines dans le monde entier, donc aucune explication a donner sur les conteneurs ou les incoterms. Question posee sur ce qui leur manque chez leurs usines europeennes actuelles.;RELANCE 2026-10-08
Éthiopie;ET;Addis-Abeba (Kolfe Keraniyo);Addis Ababa Bottle & Glass Share Company;Verrerie industrielle depuis 1972;addisglass.org;;+251 11 270 2811;Verrier d'emballage : cible secondaire, a qualifier sur le verre plat. Transit via Djibouti.;A QUALIFIER
Éthiopie;ET;Addis-Abeba;ASAL PLC;Importation distribution et pose d aluminium et de verre depuis 1982;asalplc.com;info@asalplc.com;+251 11 439 58 10;IMPORTATEUR DECLARE DEPUIS 1982 : maitrise deja le corridor de Djibouti, le dedouanement et le post-acheminement. Pays enclave, transit via Djibouti. Adresse publiee sur le site, domaine conforme. Envoi 07/10 : angle seconde source et non substitution, float plus trempe plus Low-E plus miroir sans cuivre.;ENVOYE 2026-10-07
Éthiopie;ET;Addis-Abeba;Abdi Aluminium & Glass Works;Fenetres portes facades verre murs rideaux et profiles aluminium;abdiglassandaluminiumsolution.com;;+251 911 262649;Fabricant de facades et murs rideaux donc consommateur de verre. Adresse masquee par l annuaire : a appeler. Pays enclave, transit via Djibouti. FUSION DU 08/10, detectee par un balayage systematique du registre : 1 fiche(s) en double pour la meme societe (Abdi Aluminium & Glass Works) ont ete neutralisees. VERIFIE LE 08/10, ADRESSE OBFUSQUEE : leur page affiche email protected, protection anti-aspiration. Reste le telephone et deux canaux directs utiles. Telephone et WhatsApp +251 911 262649, et un canal TELEGRAM, arobase AbdiAluminiumworks : en Ethiopie Telegram est un canal professionnel courant, ce n est pas un gadget. Implantation usine ET showroom dans la zone industrielle d Addis-Abeba, donc production en propre. Horaires 8h-18h en semaine, 9h-14h le samedi. Prochaine action : appel ou WhatsApp, et demander une adresse e-mail. Pays enclave : transit via Djibouti.;A APPELER
Éthiopie;ET;Addis-Abeba;Abdi Aluminium & Glass Works;Fenetres, portes, facades verre et murs rideaux aluminium;abdiglassandaluminiumsolution.com;;;DOUBLON de la fiche Abdi Aluminium & Glass Works du meme pays, neutralisee le 08/10 lors du balayage systematique du registre. Ne pas demarcher depuis cette ligne. VERIFIE LE 08/10, ADRESSE OBFUSQUEE : leur page affiche email protected, protection anti-aspiration. Reste le telephone et deux canaux directs utiles. Telephone et WhatsApp +251 911 262649, et un canal TELEGRAM, arobase AbdiAluminiumworks : en Ethiopie Telegram est un canal professionnel courant, ce n est pas un gadget. Implantation usine ET showroom dans la zone industrielle d Addis-Abeba, donc production en propre. Horaires 8h-18h en semaine, 9h-14h le samedi. Prochaine action : appel ou WhatsApp, et demander une adresse e-mail. Pays enclave : transit via Djibouti.;NE PAS DEMARCHER
Éthiopie;ET;Addis-Abeba;EuroAluSystem;Verre architectural, verre de decoration interieure, float qualite automobile et verre transforme;euroalusystem.com;info@euroalusystem.com;+251 911 401 592;ACHETEUR A LA QUALITE OPTIQUE : ils specifient eux-memes du float qualite automobile, argument rare et exploitable. Pays enclave, transit via Djibouti. Adresse publiee sur le site, domaine conforme. Envoi 07/10 : extra-clair, verre laque pour la decoration interieure, Low-E, trempe.;ENVOYE 2026-10-07
Éthiopie;ET;Addis-Abeba;MAB Aluminium & Glass Works PLC;Aluminium, metal et verre depuis 1994;;;;Fabricant historique d Addis-Abeba. Aucune adresse email publiee : a rappeler. Pays enclave, transit via Djibouti.;A APPELER
Îles Caïmans;KY;Grand Cayman (North Sound Road);Aralco Cayman Ltd;Aluminium et verre;;;+1 345 949 9385;Ile sans production verriere. Aucune adresse publiee : a appeler. Port George Town.;A APPELER
Îles Caïmans;KY;Grand Cayman (Universal Warehouse Park);Dolphin Architectural Products Ltd;Produits architecturaux verre et aluminium;;;+1 345 949 4505;Ile sans production verriere. Aucune adresse publiee : a appeler. Port George Town.;A APPELER
Îles Caïmans;KY;Grand Cayman;Arch Glass & Aluminium Ltd;Verre, aluminium, reparation de fenetres, parois de douche, miroirs, vitrines;archglasscayman.com;Richard@archglasscayman.com;+1 345 949 6164;ILE : tout arrive en conteneur, et la plupart des vitriers insulaires achetent via un distributeur continental qui a deja pris sa marge sur la caisse, donc la traversee est payee deux fois. Copie a Matthew arobase archglasscayman.com. Fonctions non verifiees donc aucun nom employe dans le message. MX OK. Envoi 07/10 en anglais sans signature : miroir sans cuivre pour l air salin, float, trempe, chargements mixtes pour grouper trois familles en une caisse. Port George Town.;ENVOYE 2026-10-07
Îles Caïmans;KY;Grand Cayman;Cayman Glass;Verre et vitrage;;;;38 Caterpillar Drive. Marche insulaire importateur. Aucune adresse email publiee : a rappeler. Port George Town.;A APPELER
Îles Salomon;SB;Honiara (Ranadi);Tropic Glass & Aluminium Ltd (Nulook Solomon Islands);Verre et menuiserie aluminium, licencie Nulook;tropicglass.com;;+677 30836;Ranadi Industrial Estate Honiara. Licencie de la marque neo-zelandaise Nulook. Adresse email masquee sur l'annuaire : a appeler FUSION DU 08/10 : une seconde fiche existait pour la meme societe, meme telephone +677 30836, elle a ete neutralisee. Site tropicglass.com repris ici. L adresse info arobase tropicglass.com etait citee sans recoupement donc inexploitable : appeler. VERIFIE LE 08/10, RESULTAT NEGATIF : ni la recherche restreinte au domaine tropicglass.com ni une recherche sur le nom avec Honiara ne rendent de resultat. Le domaine inscrit dans la fiche n est plus indexe, et la fiche ne porte pas de telephone. Elle n est donc ni envoyable ni appelable en l etat. A REQUALIFIER : la piste la plus serieuse est la franchise NULOOK, un reseau australien et neo-zelandais de menuiserie aluminium. Passer par le franchiseur pour obtenir les coordonnees du franchise des Salomon serait plus rapide qu une recherche directe. Prochaine action : requalifier par le reseau Nulook.;A QUALIFIER
Îles Salomon;SB;Honiara;Tropic Glass and Aluminium Ltd;Verre et menuiserie aluminium;tropicglass.com;;;DOUBLON de la fiche Tropic Glass & Aluminium Ltd (Nulook Solomon Islands), meme telephone +677 30836. Detecte le 08/10 en regenerant la liste d appels. Ne pas demarcher depuis cette ligne.;NE PAS DEMARCHER
Îles Turques-et-Caïques;TC;Providenciales (Leeward Highway);Carib Glass and Supplies Ltd;Fourniture de verre;;;+1 649 946 8541;Ile sans production verriere, tout arrive en conteneur. Aucune adresse publiee : a appeler.;A APPELER
Îles Vierges américaines;VI;Sainte-Croix;Glass 2000 Inc.;Verre et miroir;glass2000inc.com;;+1 340 718 0588;Ile sans production verriere : tout arrive en conteneur. Le domaine de l adresse citee n apparait pas dans les URL de resultats : regle anti-rebond, aucun envoi. A appeler. VERIFIE LE 08/10, RESULTAT NEGATIF : ni la recherche restreinte au domaine glass2000inc.com ni une recherche sur le nom avec Saint Thomas ne rendent de resultat. Le domaine n est plus indexe et la fiche ne porte pas de telephone. A REQUALIFIER, en passant par le registre des societes des Iles Vierges americaines tenu par le bureau du Lieutenant Gouverneur, qui dira d abord si l entite est encore active. Prochaine action : requalifier ou declasser.;A QUALIFIER
